Cognome,Nome,Squadra,Posizione,Partite Giocate,Tiri Totali,Gol Totali,Tiri Sbagliati,Gol Azione,Gol Rigore,Percentuale Realizzazione,Assist,Falli Tecnici,Intercetti,Blocchi,Cartellino Giallo,2 Minuti,Cartellino Rosso,Cartellino Blu,Stagione,Categoria
Savvas,Savvas,HIL,Terzino Sinistro,36,484,289,195,210,79,0.5971,52,40,7,7,20,16,1,0,17/18,B
Gunnarsson,Arnor Thor,BHC,Ala Destra,38,368,275,93,163,112,0.7473000000000001,14,17,11,0,2,3,0,0,17/18,B
Smits,Kay,WHV,Terzino Destro,37,399,258,141,178,80,0.6466,90,74,20,4,5,10,0,0,17/18,B
Kaletsch,Paul,KON,Terzino Sinistro,35,445,251,194,142,109,0.564,74,62,4,6,13,12,0,0,17/18,B
Billek,Florian,COB,Ala Destra,37,341,243,98,132,111,0.7126,24,29,20,0,4,2,0,0,17/18,B
Holzner,Dirk,TVE,Ala Sinistra,38,306,217,89,130,87,0.7092,12,12,8,0,4,6,0,0,17/18,B
Krings,Merten,TVE,Centrale,38,378,207,171,204,3,0.5476,99,77,6,7,21,24,3,0,17/18,B
Schafer,Christian,SGB,Ala Destra,38,257,206,51,88,118,0.8016,11,4,8,1,4,3,0,0,17/18,B
Adams,Jasper,TVE,Terzino Sinistro,38,390,204,186,203,1,0.5231,94,54,9,16,18,19,0,0,17/18,B
Schwolow,Tobias,WHV,Centrale,36,359,199,160,189,10,0.5543,120,62,6,0,5,5,0,0,17/18,B
Saul,Alexander,EIS,Terzino Destro,36,352,197,155,156,41,0.5597,55,38,6,3,5,6,1,0,17/18,B
Sohmann,Vincent,DES,Centrale,38,268,196,72,119,77,0.7313,72,61,14,0,3,9,0,0,17/18,B
Skroblien,Tom,TUE,Ala Sinistra,36,248,179,69,109,70,0.7218000000000001,7,9,14,2,4,7,0,0,17/18,B
Gerlich,Matthias,EIS,Terzino Sinistro,33,328,174,154,115,59,0.5305,60,26,6,3,5,14,1,0,17/18,B
Weissgerber,Lars,HGS,Ala Destra,38,269,174,95,100,74,0.6468,2,13,8,0,4,5,0,0,17/18,B
Thomann,Gregor,HBW,Ala Destra,38,237,173,64,138,35,0.73,7,6,8,1,1,3,0,0,17/18,B
Schmidt,Patrick,WÖW,Centrale,38,330,172,158,113,59,0.5212,52,37,7,1,11,6,1,0,17/18,B
Dierberg,Julius,ELB,Ala Sinistra,38,218,169,49,106,63,0.7752,5,15,9,0,2,3,0,0,17/18,B
Szczesny,Dennis,TUE,Terzino Sinistro,38,288,167,121,167,0,0.5799,40,43,7,29,18,29,4,0,17/18,B
Oelze,Alexander,VIK,Centrale,27,305,166,139,130,36,0.5443,31,37,4,0,1,4,0,0,17/18,B
Vorontsov,Evgeny,WHV,Ala Destra,37,243,162,81,149,13,0.6667000000000001,16,23,6,9,25,24,1,0,17/18,B
Barbarskas,Gerdas,SGB,Terzino Sinistro,33,272,159,113,159,0,0.5846,62,25,22,7,12,15,0,0,17/18,B
Muller,Jerome,HGS,Terzino Destro,38,279,158,121,158,0,0.5663,68,52,12,2,17,16,1,0,17/18,B
John,Robin,HIL,Centrale,34,287,155,132,110,45,0.5401,93,49,3,11,5,3,0,0,17/18,B
Varvne,Tobias,COB,Terzino Sinistro,34,236,154,82,154,0,0.6525,44,41,4,2,2,3,0,0,17/18,B
Mestrum,Daniel,HAG,Ala Sinistra,37,245,149,96,126,23,0.6082,9,24,7,1,9,6,0,0,17/18,B
Pechstein,Marc,AUE,Terzino Sinistro,34,307,148,159,98,50,0.4821,73,61,9,24,18,17,0,0,17/18,B
Kress,Soren,HAG,Centrale,38,265,146,119,110,36,0.5509000000000001,49,45,7,1,2,4,0,0,17/18,B
Neuhold,Christoph,ASV,Centrale,38,289,144,145,144,0,0.4982999999999999,76,39,5,3,8,6,0,0,17/18,B
Ellwanger,Jonas,TUE,Centrale,38,254,141,113,141,0,0.5550999999999999,67,43,13,12,13,19,1,0,17/18,B
Papadopoulos,Vyron,ASV,Ala Sinistra,30,199,140,59,67,73,0.7034999999999999,10,18,12,1,0,6,0,0,17/18,B
Kaufmann,Steffen,WÖW,Terzino Destro,38,299,138,161,138,0,0.4614999999999999,104,46,2,1,1,1,0,0,17/18,B
Tzoufras,Nikolaos,HIL,Pivot,36,179,135,44,135,0,0.7542,4,23,3,6,9,10,1,0,17/18,B
Von Boenigk,Jan,HAG,Terzino Destro,36,234,134,100,133,1,0.5726,51,36,7,5,13,8,0,0,17/18,B
Arnesson,Linus,BHC,Centrale,38,212,134,78,134,0,0.6321,102,37,23,16,10,5,0,0,17/18,B
Wasielewski,Johannes,DES,Terzino Destro,37,283,134,149,134,0,0.4735,53,66,2,7,18,17,0,0,17/18,B
Gretarsson,Oddur,HBW,Ala Sinistra,38,190,132,58,62,70,0.6947,15,12,5,2,4,8,1,0,17/18,B
Mickal,Pavel,NOL,Ala Sinistra,31,179,132,47,76,56,0.7373999999999999,5,13,4,2,1,6,1,0,17/18,B
Franke,Marten,TVE,Ala Destra,36,239,129,110,129,0,0.5397,20,20,3,1,5,9,1,0,17/18,B
Rentschler,Patrick,SGB,Pivot,37,160,126,34,126,0,0.7875,11,19,6,18,15,22,0,0,17/18,B
Berchtenbreiter,Chris,KON,Pivot,37,157,126,31,126,0,0.8025,5,27,7,8,22,22,1,0,17/18,B
Seidel,Lasse,NOL,Ala Sinistra,31,176,121,55,65,56,0.6875,6,7,20,2,2,1,0,0,17/18,B
Wohler,Adrian,EIS,Ala Sinistra,37,165,121,44,121,0,0.7333,7,15,11,1,3,13,0,0,17/18,B
Konitz,Bartosz,HAG,Centrale,35,245,119,126,117,2,0.4857,98,45,1,9,8,5,0,0,17/18,B
Zintel,Bjorn,ASV,Centrale,38,223,119,104,102,17,0.5336,58,31,5,3,3,11,1,0,17/18,B
Miedema,Patrick,NOL,Centrale,36,230,119,111,119,0,0.5174,61,34,14,10,12,13,0,0,17/18,B
Lex,Stefan,COB,Terzino Destro,36,226,118,108,118,0,0.5221,63,71,11,3,5,3,1,0,17/18,B
Schoch,Jona,HBW,Terzino Sinistro,37,197,117,80,117,0,0.5939,49,33,10,21,13,30,2,0,17/18,B
Roch,Kevin,AUE,Ala Sinistra,38,171,114,57,114,0,0.6667000000000001,16,18,18,21,21,41,4,0,17/18,B
Strobel,Martin,HBW,Centrale,37,181,112,69,112,0,0.6188,75,41,7,11,11,11,0,0,17/18,B
Riedel,Mathias,KON,Terzino Sinistro,34,212,112,100,112,0,0.5283,40,48,3,15,12,13,0,0,17/18,B
Gutbrod,Fabian,BHC,Terzino Sinistro,33,200,111,89,111,0,0.555,24,14,1,2,6,5,0,0,17/18,B
Hosse,Christian,VIK,Ala Sinistra,28,183,111,72,66,45,0.6065999999999999,22,34,9,0,6,7,0,0,17/18,B
Lindskog Andersson,Julius,HGS,Centrale,36,191,111,80,93,18,0.5811999999999999,65,42,5,0,5,4,0,0,17/18,B
Blohme,Lukas,ASV,Ala Destra,38,172,108,64,104,4,0.6279,14,10,13,1,6,7,0,0,17/18,B
Dumcius,Mindaugas,AUE,Terzino Destro,37,193,108,85,106,2,0.5596,63,37,5,8,15,12,0,0,17/18,B
Postel,Duncan,WHV,Pivot,38,149,107,42,107,0,0.7181000000000001,19,27,8,9,14,23,2,0,17/18,B
Beyer,Noah,TUE,Ala Sinistra,25,138,105,33,62,43,0.7609,3,9,5,0,2,4,0,0,17/18,B
Herth,Benjamin,WÖW,Centrale,36,204,104,100,68,36,0.5097999999999999,24,25,1,0,0,5,0,0,17/18,B
Brosch,Jan,ASV,Pivot,37,144,104,40,104,0,0.7222,13,35,1,30,21,21,1,0,17/18,B
Spross,Felix,COB,Ala Sinistra,35,151,103,48,103,0,0.6820999999999999,3,6,12,2,5,7,1,0,17/18,B
Pavlicek,Tomas,DES,Ala Destra,35,155,103,52,63,40,0.6645,5,12,3,0,7,4,0,0,17/18,B
Meinhardt,Eric,AUE,Centrale,27,150,103,47,64,39,0.6867,51,33,10,0,3,6,0,0,17/18,B
Brielmeier,Benedikt,WÖW,Terzino Sinistro,34,187,101,86,101,0,0.5401,49,24,7,6,4,12,0,0,17/18,B
Jurgeleit,Tim-Philip,ELB,Ala Sinistra,34,133,101,32,33,68,0.7594,2,4,2,0,1,0,0,0,17/18,B
Tubic,Dragan,HAG,Terzino Destro,34,169,99,70,88,11,0.5858,15,21,4,6,12,12,0,0,17/18,B
Jungemann,Philip,AUE,Pivot,37,131,99,32,99,0,0.7556999999999999,8,21,8,27,16,22,2,0,17/18,B
Heiny,Lutz,NOL,Terzino Sinistro,38,242,99,143,99,0,0.4090999999999999,36,23,9,7,6,18,1,0,17/18,B
Wiese,Jens,NOL,Terzino Sinistro,30,222,98,124,98,0,0.4414,8,11,8,11,7,7,0,0,17/18,B
Vorlicek,Philipp,NOL,Terzino Destro,37,161,98,63,98,0,0.6087,30,26,13,5,20,17,0,0,17/18,B
Marcec,Martin,SGB,Ala Sinistra,34,134,97,37,96,1,0.7239,12,12,19,1,7,7,0,0,17/18,B
Schult,Jan,VFL,Terzino Sinistro,32,204,96,108,96,0,0.4706,33,31,8,23,15,10,0,0,17/18,B
Verjans,Nicky,NOL,Ala Destra,33,168,95,73,75,20,0.5655,34,16,3,2,6,3,0,0,17/18,B
Faith,Jan,AUE,Ala Destra,38,161,95,66,95,0,0.5901,9,8,8,0,9,8,1,0,17/18,B
Metzner,Antonio,VFL,Terzino Destro,30,178,95,83,95,0,0.5337,17,16,8,5,11,6,0,0,17/18,B
Milde,Oliver,VFL,Terzino Sinistro,19,166,94,72,94,0,0.5663,14,14,1,0,0,1,0,0,17/18,B
Weyhrauch,Willy,EIS,Ala Destra,35,136,94,42,94,0,0.6912,16,13,19,0,8,15,0,0,17/18,B
Kammlodt,Adrian,ELB,Terzino Sinistro,38,203,94,109,94,0,0.4631,41,29,4,3,7,8,0,0,17/18,B
Friedrich,Lars,HBW,Terzino Destro,30,159,93,66,93,0,0.5849,42,31,1,4,9,7,0,0,17/18,B
Bornhauser,Tim,KON,Centrale,38,166,93,73,88,5,0.5602,60,38,7,4,11,6,0,0,17/18,B
Wolf,Tom,KON,Terzino Sinistro,34,152,93,59,62,31,0.6118,31,17,4,15,5,9,0,0,17/18,B
Majdzinski,Maciej,BHC,Terzino Destro,37,154,91,63,91,0,0.5909,34,25,9,5,12,8,0,0,17/18,B
Woss,Richard,TUE,Ala Destra,29,135,90,45,81,9,0.6667000000000001,4,9,11,0,2,3,0,0,17/18,B
Kirveliavicius,Romas,COB,Terzino Sinistro,36,181,90,91,90,0,0.4972,32,33,6,17,20,20,1,0,17/18,B
Possehl,Julian,ASV,Terzino Destro,35,160,89,71,89,0,0.5563,100,67,6,9,10,10,0,0,17/18,B
Vanco,Marek,DES,Ala Sinistra,38,136,89,47,89,0,0.6544,19,17,4,5,10,20,0,0,17/18,B
Damm,Sebastian,VFL,Ala Sinistra,29,120,89,31,45,44,0.7417,6,18,7,0,5,6,1,0,17/18,B
Hanisch,Libor,DES,Pivot,38,105,89,16,89,0,0.8476,7,20,4,21,19,29,3,0,17/18,B
Niemeyer,Marcel,EIS,Pivot,34,115,88,27,88,0,0.7652,4,24,1,7,14,21,0,0,17/18,B
Kropp,Andre,TVE,Pivot,35,120,87,33,87,0,0.725,8,10,8,16,14,24,0,0,17/18,B
Emanuel,Max,SGB,Terzino Destro,38,157,87,70,87,0,0.5540999999999999,76,30,18,4,16,13,0,0,17/18,B
Kolodziej,Falk,HGS,Centrale,37,166,87,79,87,0,0.5241,35,26,5,0,4,5,0,0,17/18,B
Klasmann,Christopher,VIK,Terzino Sinistro,33,222,86,136,76,10,0.3874,25,24,0,0,1,2,0,0,17/18,B
Engels,Marcel,HGS,Terzino Sinistro,37,171,85,86,85,0,0.4971,47,45,11,16,14,29,1,0,17/18,B
De Santis,Gabriel,ELB,Terzino Destro,37,177,83,94,83,0,0.4689,38,50,4,4,22,24,1,0,17/18,B
Haller,Robin,SGB,Terzino Sinistro,37,165,82,83,81,1,0.497,30,13,7,3,4,2,0,0,17/18,B
Darj,Max,BHC,Pivot,38,107,82,25,82,0,0.7664,15,32,5,30,23,23,1,0,17/18,B
Fridgeirsson,Fannar Tor,ASV,Terzino Sinistro,36,140,80,60,68,12,0.5714,39,20,6,3,9,7,0,0,17/18,B
Klingler,Felix,KON,Ala Destra,36,124,79,45,75,4,0.6371,7,15,14,0,2,1,0,0,17/18,B
Akerman,Rickard,VFL,Terzino Destro,32,147,79,68,78,1,0.5374,29,23,4,2,4,6,0,0,17/18,B
Becvar,Roman,ELB,Centrale,37,158,79,79,79,0,0.5,70,31,7,4,9,15,0,0,17/18,B
Schomig,Dominik,WÖW,Ala Sinistra,36,123,79,44,66,13,0.6423000000000001,10,16,9,0,1,4,0,0,17/18,B
Kotrc,Milan,BHC,Ala Sinistra,38,129,78,51,78,0,0.6047,6,9,18,1,4,2,0,0,17/18,B
Barkow,Moritz,HGS,Pivot,25,92,77,15,77,0,0.8370000000000001,5,15,0,1,4,1,0,0,17/18,B
Fraatz,Yannick,NOL,Ala Destra,36,127,77,50,77,0,0.6063000000000001,5,9,11,3,8,5,0,0,17/18,B
Aust,Dennis,VIK,Ala Destra,37,121,77,44,75,2,0.6364,11,12,5,1,16,10,0,0,17/18,B
Lungela,Maurice,HIL,Terzino Destro,37,152,76,76,76,0,0.5,14,25,7,0,6,6,0,0,17/18,B
Barthe,Paco,SGB,Centrale,37,110,75,35,75,0,0.6818000000000001,71,17,26,30,18,25,0,0,17/18,B
Pankofer,Daniel,VIK,Centrale,27,147,75,72,57,18,0.5102,21,34,2,1,4,4,0,0,17/18,B
Muller,Justin,TUE,Centrale,35,141,75,66,74,1,0.5318999999999999,68,37,5,2,2,6,0,0,17/18,B
Sauer,Julian,WÖW,Ala Destra,36,114,75,39,75,0,0.6579,7,6,3,0,9,5,0,0,17/18,B
Weis,Niklas,VIK,Terzino Destro,36,151,75,76,75,0,0.4967,47,51,2,0,3,9,0,0,17/18,B
Genda,Pawel,VFL,Terzino Sinistro,18,137,75,62,75,0,0.5474,18,15,4,4,5,4,0,0,17/18,B
Konig,Felix,SGB,Centrale,35,134,74,60,74,0,0.5522,27,19,1,0,0,1,0,0,17/18,B
Lauenroth,Julian,VFL,Ala Destra,31,110,73,37,56,17,0.6636,10,10,5,1,4,4,0,0,17/18,B
Krieg,Julian,ASV,Terzino Destro,34,139,73,66,71,2,0.5252,28,27,3,5,3,7,1,0,17/18,B
Schlaich,Fabian,KON,Ala Sinistra,25,118,72,46,67,5,0.6102000000000001,13,14,6,0,1,1,0,0,17/18,B
Bettin,Maximilian-Leon,BHC,Terzino Sinistro,34,130,72,58,53,19,0.5538000000000001,14,14,2,4,2,2,0,0,17/18,B
Renninger,Julian,HAG,Pivot,27,96,72,24,70,2,0.75,22,17,14,15,13,16,0,0,17/18,B
Remke,Gregor,AUE,Terzino Destro,27,125,70,55,68,2,0.56,29,40,4,1,5,15,0,0,17/18,B
Scheithauer,Max,DES,Terzino Sinistro,22,128,70,58,70,0,0.5468999999999999,38,23,1,0,1,3,0,0,17/18,B
Quade,Henning,ELB,Pivot,30,92,69,23,69,0,0.75,8,20,3,5,11,14,1,0,17/18,B
Glabisch,Thees,VFL,Ala Sinistra,24,97,69,28,51,18,0.7112999999999999,5,6,5,1,1,5,0,0,17/18,B
Zahradnicek,Jan,DES,Ala Destra,33,101,69,32,69,0,0.6831999999999999,4,11,1,0,0,4,0,0,17/18,B
Schonningsen,Simen,HBW,Terzino Destro,28,116,69,47,69,0,0.5948,29,18,0,2,3,2,0,0,17/18,B
Riehn,Till,COB,Centrale,32,112,68,44,47,21,0.6071,42,25,0,4,6,4,0,0,17/18,B
ten Velde,Rutger,WHV,Ala Sinistra,32,108,68,40,66,2,0.6296,4,12,2,0,6,5,0,0,17/18,B
Bornhorn,Bengt,AUE,Pivot,33,87,67,20,67,0,0.7701,6,12,5,5,10,15,0,0,17/18,B
Schliedermann,Marcel,EIS,Centrale,34,114,65,49,65,0,0.5702,28,38,4,8,11,16,1,0,17/18,B
Honicke,Jonas,DES,Centrale,35,121,65,56,49,16,0.5372,37,30,3,3,12,10,0,0,17/18,B
Babak,Tomas,BHC,Centrale,32,115,65,50,65,0,0.5652,58,18,3,3,1,2,0,0,17/18,B
Magi,Janar,AUE,Terzino Sinistro,29,114,64,50,64,0,0.5614,11,12,0,0,0,0,0,0,17/18,B
Nothdurft,Tim,HBW,Ala Sinistra,33,94,64,30,63,1,0.6809000000000001,3,3,3,0,1,5,0,0,17/18,B
Schneider,Sebastian,HAG,Terzino Sinistro,31,146,62,84,62,0,0.4246999999999999,16,17,0,1,3,2,0,0,17/18,B
Murawski,Martin,HGS,Ala Sinistra,34,95,62,33,62,0,0.6526000000000001,5,10,7,1,10,10,0,0,17/18,B
Pfeiffer,Florian,DES,Terzino Sinistro,33,100,62,38,62,0,0.62,28,28,4,6,18,22,2,0,17/18,B
Boese,Rene,ELB,Ala Destra,33,93,62,31,51,11,0.6667000000000001,12,9,6,2,2,4,0,0,17/18,B
Claus,Dominik,SGB,Terzino Destro,37,101,61,40,61,0,0.604,44,27,6,3,5,8,0,0,17/18,B
Zechel,Tim,TUE,Pivot,32,94,61,33,61,0,0.6489,11,23,7,20,21,28,3,0,17/18,B
Gempp,Patrick,WÖW,Pivot,33,81,60,21,60,0,0.7406999999999999,11,8,6,2,15,22,0,0,17/18,B
Prohl,Tilman,HAG,Pivot,33,87,60,27,60,0,0.6897,22,22,4,22,13,34,3,0,17/18,B
Spohn,Valentin,HBW,Terzino Sinistro,27,120,59,61,59,0,0.4917,12,6,2,5,7,4,0,0,17/18,B
Schaffer,Jan,WÖW,Pivot,20,83,59,24,59,0,0.7108,9,13,4,9,12,18,3,0,17/18,B
Drager,Yannick,TVE,Pivot,38,87,58,29,57,1,0.6667000000000001,15,20,13,23,21,38,6,0,17/18,B
Coric,Teo,VIK,Pivot,37,77,58,19,58,0,0.7532,4,26,1,7,16,23,3,0,17/18,B
Schmidt,Valentin,SGB,Centrale,34,109,57,52,42,15,0.5229,58,16,3,1,11,5,0,0,17/18,B
Maas,Sebastian,WHV,Ala Sinistra,32,92,57,35,56,1,0.6196,7,5,2,0,6,9,0,0,17/18,B
Artmann,Jan,BHC,Ala Sinistra,30,79,55,24,55,0,0.6962,4,9,1,0,3,2,0,0,17/18,B
Luther,Daniel,EIS,Terzino Sinistro,26,105,55,50,37,18,0.5238,46,26,6,10,9,8,0,0,17/18,B
Heil,Julius,KON,Centrale,27,93,55,38,55,0,0.5914,24,23,4,1,3,8,0,0,17/18,B
Hansen,Markus,VFL,Centrale,20,110,54,56,54,0,0.4909,17,11,6,10,5,2,0,0,17/18,B
Podpolinski,Toni,VFL,Terzino Destro,25,100,54,46,54,0,0.54,35,18,8,2,7,5,1,0,17/18,B
Claasen,Tim,VFL,Centrale,33,94,54,40,44,10,0.5745,10,14,1,0,1,2,0,0,17/18,B
Doll,Jan,SGB,Ala Destra,33,86,54,32,54,0,0.6279,9,13,10,0,1,6,0,0,17/18,B
Weber,Sebastian,COB,Pivot,35,78,53,25,53,0,0.6795,16,13,0,6,9,9,0,0,17/18,B
Kraus,Sebastian,WÖW,Ala Sinistra,36,77,53,24,46,7,0.6883,8,13,5,0,4,9,2,0,17/18,B
Wesseling,Sven,TVE,Terzino Sinistro,36,93,53,40,37,16,0.5699000000000001,28,20,6,4,9,16,0,0,17/18,B
Petrovsky,Leos,BHC,Pivot,38,77,53,24,53,0,0.6883,10,22,4,27,10,16,1,0,17/18,B
Handschke,Felix,VIK,Terzino Sinistro,27,80,52,28,51,1,0.65,15,28,7,2,4,6,0,0,17/18,B
Pohle,Georg,TVE,Terzino Sinistro,22,105,52,53,48,4,0.4952,33,17,1,11,10,23,2,0,17/18,B
Schulz,Michael,HGS,Pivot,35,75,52,23,52,0,0.6933,11,14,7,31,13,19,1,0,17/18,B
Bohm,Lukas,WÖW,Terzino Destro,36,85,52,33,52,0,0.6118,34,16,4,6,7,13,0,0,17/18,B
Wagner,Tobias,HBW,Pivot,36,68,52,16,52,0,0.7646999999999999,6,20,2,18,13,13,0,0,17/18,B
Criciotoiu,Bogdan Andre,BHC,Terzino Destro,30,93,51,42,51,0,0.5484,7,7,0,0,2,3,0,0,17/18,B
Zimmermann,Bruno,VFL,Centrale,31,103,51,52,51,0,0.4951,11,20,0,1,2,9,0,0,17/18,B
Kohler,Steffen,VFL,Pivot,36,67,49,18,49,0,0.7313,7,21,8,3,8,7,0,0,17/18,B
Meoki-Etxebeste,Ibai,EIS,Centrale,26,85,49,36,49,0,0.5765,35,28,5,0,5,12,0,0,17/18,B
Kruger,Felix,KON,Terzino Destro,35,117,48,69,48,0,0.4103,15,14,3,5,12,8,0,0,17/18,B
Petreikis,Benas,AUE,Centrale,25,85,48,37,47,1,0.5647,48,15,1,0,0,1,0,0,17/18,B
Foth,Christoph,HBW,Pivot,35,67,47,20,46,1,0.7015,9,18,8,24,26,33,1,0,17/18,B
Wucherpfennig,Lukas,COB,Ala Destra,24,61,47,14,32,15,0.7705,3,2,1,0,1,2,0,0,17/18,B
Terwolbeck,Alexander,NOL,Centrale,20,85,47,38,47,0,0.5529,41,30,1,1,0,1,0,0,17/18,B
de Boer,Luca,NOL,Pivot,36,78,47,31,47,0,0.6026,13,20,11,36,13,17,0,0,17/18,B
Schwarz,Maximilian,KON,Terzino Destro,25,79,47,32,47,0,0.5949,21,26,3,0,2,6,0,0,17/18,B
Schwabe,Jakob,ASV,Pivot,36,64,46,18,46,0,0.7188,11,9,5,25,15,9,0,0,17/18,B
Kalafut,Lukas,WHV,Terzino Sinistro,27,118,46,72,46,0,0.3898,31,29,3,5,11,11,0,0,17/18,B
Kasler,Felix,TUE,Ala Destra,31,77,46,31,46,0,0.5974,2,11,3,0,2,1,0,0,17/18,B
Muller,Arthur,HGS,Terzino Sinistro,30,118,45,73,45,0,0.3814,31,29,0,2,5,6,1,0,17/18,B
Johnen,Bennet,VIK,Pivot,25,60,44,16,44,0,0.7333,2,22,1,3,12,10,0,0,17/18,B
Gipperich,Brian,VIK,Terzino Destro,20,87,43,44,43,0,0.4943,10,18,3,1,3,3,0,0,17/18,B
Nippes,Kristian,BHC,Terzino Destro,36,73,42,31,42,0,0.5753,38,21,7,12,8,15,0,0,17/18,B
Kelm,Dominic,COB,Pivot,35,54,42,12,42,0,0.7778,8,13,4,3,11,4,0,0,17/18,B
Gudat,Lars,ASV,Ala Destra,29,61,41,20,41,0,0.6720999999999999,9,4,5,0,1,6,0,0,17/18,B
Huesmann,Fabian,ASV,Ala Sinistra,23,66,41,25,29,12,0.6212,8,3,1,6,4,12,0,0,17/18,B
Bornemann,Andreas,VIK,Terzino Destro,29,111,41,70,41,0,0.3693999999999999,11,13,1,3,7,6,0,0,17/18,B
Bruhn,Jasper,VFL,Terzino Destro,24,66,40,26,40,0,0.6061,2,10,2,3,1,3,0,0,17/18,B
Waldhof,Dominik,HAG,Terzino Sinistro,35,72,40,32,40,0,0.5556,21,14,9,41,22,28,1,0,17/18,B
Reissky,Christoph,TUE,Terzino Destro,14,70,39,31,39,0,0.5571,13,11,1,1,8,4,0,0,17/18,B
Buschmann,Arseniy,ELB,Centrale,33,66,39,27,39,0,0.5909,25,31,6,7,7,11,0,0,17/18,B
Asmuth,Jan,SGB,Ala Sinistra,32,62,39,23,39,0,0.629,9,5,9,1,5,6,0,0,17/18,B
Fuchs,Markus,ASV,Terzino Sinistro,26,62,38,24,38,0,0.6129,20,8,6,32,17,17,1,0,17/18,B
Miljak,Duje,EIS,Terzino Destro,34,78,38,40,38,0,0.4871999999999999,34,11,8,29,22,26,4,0,17/18,B
Bauer,Max,WÖW,Ala Destra,18,57,38,19,38,0,0.6667000000000001,3,8,3,0,7,13,1,0,17/18,B
Fauteck,Jannis,HAG,Centrale,27,75,37,38,37,0,0.4932999999999999,36,11,3,4,4,13,0,0,17/18,B
Kintrup,Michael,TUE,Terzino Destro,19,81,37,44,37,0,0.4568,11,11,2,3,1,4,0,0,17/18,B
Gress,Sebastian,ELB,Centrale,22,64,37,27,37,0,0.5781000000000001,53,19,4,1,0,2,0,0,17/18,B
Kozul,Matej,WHV,Pivot,36,66,37,29,37,0,0.5606,19,19,4,6,12,13,0,0,17/18,B
Flodl,Norman,ELB,Pivot,22,54,36,18,36,0,0.6667000000000001,4,20,5,8,10,13,2,0,17/18,B
Erifopoulos,Panagiotis,SGB,Pivot,21,47,36,11,36,0,0.7659999999999999,6,9,8,0,2,12,0,0,17/18,B
Maier-Hasselmann,Fabian,KON,Ala Destra,29,52,36,16,35,1,0.6923,4,4,2,1,1,2,0,0,17/18,B
Pulay,Gabor,ELB,Terzino Destro,15,66,36,30,35,1,0.5455,15,18,1,0,1,0,0,0,17/18,B
Witzke,Luca,TUE,Centrale,21,62,36,26,36,0,0.5806,29,13,1,5,5,0,0,0,17/18,B
Hruscak,Patrik,ELB,Terzino Destro,20,72,35,37,35,0,0.4861,8,12,0,0,5,4,0,0,17/18,B
Terhaer,Yannick,TVE,Ala Destra,28,50,34,16,34,0,0.68,0,8,0,0,5,5,0,0,17/18,B
Neuteboom,Jort,AUE,Terzino Sinistro,17,58,33,25,14,19,0.569,5,12,1,7,3,6,0,0,17/18,B
Drechsler,Rene,WHV,Terzino Destro,18,65,32,33,32,0,0.4922999999999999,16,19,0,0,0,2,0,0,17/18,B
Backs,Fin,HIL,Ala Sinistra,25,52,32,20,32,0,0.6154,0,4,2,0,0,1,0,0,17/18,B
Ranke,Fynn,VFL,Pivot,26,46,31,15,31,0,0.6739,2,8,4,6,6,20,1,0,17/18,B
Schieb,Lukas,HIL,Terzino Sinistro,25,64,31,33,31,0,0.4844,8,18,8,8,2,3,0,0,17/18,B
Hausmann,Jannik,HBW,Ala Destra,31,53,30,23,30,0,0.5660000000000001,16,12,1,3,4,6,0,0,17/18,B
Ridder,Carsten,TUE,Terzino Sinistro,21,81,30,51,30,0,0.3704,40,17,2,11,12,12,0,0,17/18,B
Roosna,Karl,TUE,Terzino Destro,23,65,30,35,30,0,0.4614999999999999,7,16,1,1,0,1,0,0,17/18,B
Zele,Daniel,ELB,Terzino Sinistro,28,61,30,31,30,0,0.4918,13,8,4,9,5,8,0,0,17/18,B
Bahn,Thomas,VIK,Centrale,33,58,29,29,29,0,0.5,4,5,1,1,11,19,0,0,17/18,B
Saueressig,Lukas,HBW,Centrale,17,50,29,21,29,0,0.58,22,7,1,1,3,5,0,0,17/18,B
Runarsson,Sigtryggur Dadi,HBW,Centrale,26,55,28,27,26,2,0.5091,8,13,2,0,1,0,0,0,17/18,B
Ignatow,Dimitri,HIL,Ala Destra,26,47,28,19,24,4,0.5957,2,8,0,0,1,8,0,0,17/18,B
Nelson,Jakob,HIL,Pivot,27,55,28,27,28,0,0.5091,20,15,1,2,8,3,0,0,17/18,B
Kretschmer,Nils Holger,ELB,Terzino Sinistro,20,59,27,32,27,0,0.4576,18,13,10,12,10,18,0,0,17/18,B
Flohr,Matthias,HBW,Ala Sinistra,34,33,26,7,26,0,0.7879,14,12,3,3,11,18,1,0,17/18,B
Polydore,Yann,HGS,Terzino Destro,32,61,26,35,26,0,0.4261999999999999,11,16,5,7,12,17,0,0,17/18,B
Gugisch,Nils,ELB,Ala Destra,11,37,26,11,26,0,0.7027,0,5,1,0,2,5,1,0,17/18,B
Hoffmann,Robin,ELB,Ala Destra,24,45,26,19,26,0,0.5778,1,5,3,0,10,11,0,0,17/18,B
Thomas,Heider,VIK,Terzino Sinistro,35,43,26,17,26,0,0.6047,21,11,7,38,18,29,2,0,17/18,B
Kohler,Janik,WHV,Centrale,38,56,25,31,25,0,0.4464,33,22,8,15,18,19,2,0,17/18,B
Kellner,Benedikt,COB,Centrale,23,49,25,24,25,0,0.5102,13,18,3,2,0,1,0,0,17/18,B
Leenders,Toon,NOL,Pivot,38,40,24,16,24,0,0.6,7,11,7,35,23,44,6,0,17/18,B
Noll,Pascal,HGS,Ala Sinistra,22,41,24,17,23,1,0.5854,5,3,7,1,6,9,1,0,17/18,B
Murkoster,Justin,EIS,Pivot,12,30,24,6,24,0,0.8,4,3,0,7,5,1,0,0,17/18,B
Siegler,Lukas,WÖW,Terzino Sinistro,13,40,24,16,24,0,0.6,8,4,5,0,5,4,0,0,17/18,B
Saborowski,Paul,HAG,Ala Destra,25,43,24,19,24,0,0.5581,5,4,4,0,0,1,0,0,17/18,B
Koke,Alexander,AUE,Centrale,17,40,23,17,22,1,0.575,13,11,3,0,0,0,0,0,17/18,B
Stegefelt,Markus,HBW,Terzino Sinistro,15,45,23,22,23,0,0.5111,10,9,0,2,0,3,0,0,17/18,B
Knauer,Jakob,COB,Terzino Destro,17,41,23,18,23,0,0.561,10,7,1,1,2,4,0,0,17/18,B
Popa,Marcel,EIS,Terzino Sinistro,22,46,22,24,20,2,0.4783,13,11,0,1,1,5,0,0,17/18,B
Papadopoulos,Adam,HIL,Pivot,20,32,22,10,22,0,0.6875,3,7,2,10,14,12,1,0,17/18,B
Simon,Andreas,HIL,Ala Sinistra,19,38,21,17,21,0,0.5526,13,19,5,1,6,8,0,0,17/18,B
Hanner,Tom,DES,Ala Destra,31,58,21,37,21,0,0.3621,18,15,0,0,2,9,0,0,17/18,B
Stryc,Jakub,DES,Pivot,30,36,21,15,21,0,0.5832999999999999,4,11,3,2,5,4,0,0,17/18,B
Meiser,Chris,HIL,Terzino Destro,23,28,20,8,20,0,0.7143,16,17,6,12,14,20,1,0,17/18,B
von Hermanni,Lothar,HIL,Ala Sinistra,13,31,20,11,18,2,0.6452,1,1,1,0,1,1,0,0,17/18,B
Walz,Peter,HGS,Pivot,10,31,20,11,20,0,0.6452,2,9,2,4,6,11,1,0,17/18,B
Kolk,Paul,TVE,Ala Sinistra,14,33,20,13,20,0,0.6061,2,2,2,1,0,2,0,0,17/18,B
Smit,Alec,NOL,Ala Destra,22,40,20,20,20,0,0.5,3,5,5,0,4,4,0,0,17/18,B
Neloski,Marko,COB,Terzino Sinistro,12,47,20,27,20,0,0.4255,5,12,1,4,4,1,0,0,17/18,B
Schmitt,Stefan,WÖW,Terzino Sinistro,38,36,19,17,18,1,0.5278,27,13,13,21,24,23,2,0,17/18,B
Hagelin,Markus,COB,Pivot,36,29,19,10,19,0,0.6552,12,10,3,18,22,22,1,0,17/18,B
Linhart,Petr,COB,Ala Destra,13,43,19,24,19,0,0.4418999999999999,6,13,1,1,1,2,0,0,17/18,B
Dolezel,Radek,HIL,Terzino Destro,15,38,19,19,19,0,0.5,2,12,0,3,3,9,1,0,17/18,B
Richardt,Jonas,EIS,Terzino Destro,20,35,18,17,18,0,0.5143,6,12,0,2,8,3,0,0,17/18,B
Voss-Fels,Kim,ASV,Terzino Destro,17,39,18,21,18,0,0.4614999999999999,2,6,1,1,2,1,0,0,17/18,B
Paetow,Tom,HGS,Terzino Sinistro,12,26,17,9,17,0,0.6537999999999999,1,4,1,0,0,1,0,0,17/18,B
Gaubatz,Jan-Lars,HAG,Terzino Destro,4,30,16,14,16,0,0.5333,1,4,2,0,2,0,0,0,17/18,B
Leist,Philipp,HGS,Ala Destra,21,28,16,12,16,0,0.5714,2,3,2,0,3,1,0,0,17/18,B
Wendel,Samuel,KON,Ala Sinistra,12,26,16,10,16,0,0.6154,1,2,1,0,1,1,0,0,17/18,B
Andrejew,Daniel,WHV,Pivot,21,21,16,5,16,0,0.7619,0,8,0,6,6,9,0,0,17/18,B
Szucs,Csaba,BHC,Centrale,27,31,15,16,15,0,0.4839,28,9,6,21,20,26,2,0,17/18,B
Naumann,Sebastian,AUE,Ala Destra,9,24,15,9,15,0,0.625,1,0,1,0,0,2,0,0,17/18,B
Gassler,Felix,KON,Terzino Sinistro,25,40,15,25,15,0,0.375,3,7,2,1,3,6,0,0,17/18,B
Artmann,Nils,VIK,Ala Destra,18,26,14,12,14,0,0.5385,1,5,4,0,1,2,0,0,17/18,B
Urban,Tomas,EIS,Ala Destra,5,21,14,7,7,7,0.6667000000000001,2,2,0,0,0,0,0,0,17/18,B
Sabljic,Stanko,ASV,Pivot,16,17,13,4,13,0,0.7646999999999999,5,4,5,1,4,6,0,0,17/18,B
Waschul,Martin,VFL,Centrale,29,23,12,11,12,0,0.5217,15,5,6,24,20,28,1,0,17/18,B
Bosing,Sebastian,KON,Pivot,13,21,12,9,12,0,0.5714,2,8,0,0,3,7,0,0,17/18,B
Gorpishin,Sergej,WÖW,Pivot,11,16,12,4,12,0,0.75,0,6,1,4,7,3,0,0,17/18,B
Wiencek,David,ASV,Centrale,4,16,11,5,11,0,0.6875,2,0,0,0,0,0,0,0,17/18,B
Weit,Dennis,HIL,Centrale,18,33,11,22,11,0,0.3333,1,4,0,0,1,3,0,0,17/18,B
Schmidt,Daniel,DES,Pivot,26,15,11,4,11,0,0.7333,1,1,1,8,6,13,0,0,17/18,B
Paraschiv,Sebastian,AUE,Centrale,9,15,11,4,11,0,0.7333,3,5,1,0,1,0,0,0,17/18,B
Seidel,Malte,TUE,Terzino Sinistro,24,24,11,13,11,0,0.4583,14,7,2,6,4,11,0,0,17/18,B
Hubner,Jan,TVE,Centrale,17,22,11,11,6,5,0.5,6,7,0,0,0,0,0,0,17/18,B
Hansen,Nicolai,EIS,Pivot,13,17,10,7,10,0,0.5882000000000001,6,2,0,5,6,8,0,0,17/18,B
Schweda,Benjamin,KON,Centrale,11,20,10,10,10,0,0.5,3,4,2,0,4,2,0,0,17/18,B
Schlichting,Christoph,VFL,Pivot,22,14,8,6,8,0,0.5714,3,11,0,4,11,6,0,0,17/18,B
Lindner,Tim,HAG,Ala Sinistra,15,16,8,8,8,0,0.5,2,2,0,0,0,0,0,0,17/18,B
Hartz,Maximilian,HGS,Centrale,4,11,8,3,4,4,0.7273000000000001,2,2,1,1,0,0,0,0,17/18,B
Meyer,Philipp,WÖW,Pivot,8,10,6,4,6,0,0.6,3,3,2,3,3,4,0,0,17/18,B
Rudeck,Christopher,BHC,Portiere,37,6,5,1,5,0,0.8332999999999999,13,2,1,0,0,0,0,0,17/18,B
Schafer,Marcel,AUE,Centrale,14,18,5,13,5,0,0.2778,5,9,1,0,0,0,0,0,17/18,B
Lehmann,Fabrice,WHV,Ala Destra,15,12,5,7,5,0,0.4167,1,2,0,1,1,3,0,0,17/18,B
Iffert,Hannes,EIS,Pivot,15,6,5,1,5,0,0.8332999999999999,1,5,1,1,2,6,0,0,17/18,B
Streckhardt,Noah,EIS,Ala Sinistra,12,8,5,3,4,1,0.625,0,2,1,0,0,0,0,0,17/18,B
Fischer,Jonathan,SGB,Pivot,7,6,5,1,5,0,0.8332999999999999,0,2,0,0,0,0,0,0,17/18,B
Wiebe,Fynn,HIL,Terzino Sinistro,24,8,5,3,5,0,0.625,3,3,1,24,9,20,1,0,17/18,B
Ehlers,Matteo,HIL,Centrale,8,9,5,4,5,0,0.5556,0,3,0,1,0,1,0,0,17/18,B
Klockmann,Dennis,VFL,Portiere,37,5,4,1,4,0,0.8,8,0,0,0,0,0,0,0,17/18,B
Sliwka,Radek,DES,Terzino Destro,13,10,4,6,4,0,0.4,3,2,0,0,2,3,0,0,17/18,B
Buhrmester,Bjorn,NOL,Portiere,38,6,4,2,4,0,0.6667000000000001,14,1,0,0,0,0,0,0,17/18,B
Brustmann,Max,WÖW,Portiere,37,10,4,6,4,0,0.4,11,4,1,0,0,5,0,0,17/18,B
Ellwanger,Lukas,TUE,Pivot,12,7,4,3,4,0,0.5714,0,3,0,2,0,0,0,0,17/18,B
Kustner,Pascal,EIS,Pivot,9,6,4,2,4,0,0.6667000000000001,0,3,0,0,0,2,0,0,17/18,B
Braun,Joschua,KON,Terzino Destro,4,4,4,0,4,0,1.0,0,3,0,0,0,0,0,0,17/18,B
Brucker,Jost,HIL,Ala Sinistra,15,17,4,13,4,0,0.2353,2,3,2,0,1,1,0,0,17/18,B
Mrkva,Tomas,HBW,Portiere,30,5,3,2,3,0,0.6,7,2,1,0,0,0,0,0,17/18,B
Schroder,Malte,TVE,Terzino Destro,5,7,3,4,3,0,0.4286,2,1,1,0,0,0,0,0,17/18,B
Schulz,Patrick,HGS,Portiere,36,6,3,3,3,0,0.5,10,2,3,0,2,2,0,0,17/18,B
Bliss,Sebastian,TUE,Portiere,38,5,3,2,3,0,0.6,29,0,0,0,0,1,0,0,17/18,B
Hegemann,Michael,TUE,Centrale,20,3,3,0,3,0,1.0,1,1,0,6,5,15,0,0,17/18,B
Krechel,Oliver,COB,Portiere,34,4,3,1,3,0,0.75,10,4,1,0,0,0,0,0,17/18,B
Konig,Jan,HAG,Ala Sinistra,11,7,3,4,3,0,0.4286,0,0,1,0,0,0,0,0,17/18,B
Pieles,Bela,HIL,Ala Sinistra,2,5,3,2,3,0,0.6,0,0,0,0,0,0,0,0,17/18,B
Griessbach,Philipp,ELB,Ala Destra,2,3,3,0,3,0,1.0,0,0,0,0,0,0,0,0,17/18,B
Strosack,Moritz,HBW,Ala Destra,4,4,3,1,3,0,0.75,1,0,0,0,0,0,0,0,17/18,B
Ingenpass,Niklas,TUE,Pivot,5,4,3,1,3,0,0.75,0,0,0,0,0,0,0,0,17/18,B
Rutschmann,Bastian,BHC,Portiere,29,2,2,0,2,0,1.0,8,2,0,0,0,0,0,0,17/18,B
Hertlein,Felix,ASV,Portiere,38,2,2,0,2,0,1.0,11,3,1,0,0,0,0,0,17/18,B
Oehler,Michael,KON,Terzino Sinistro,17,5,2,3,2,0,0.4,2,6,1,6,12,15,0,0,17/18,B
Ebert,Pascal,AUE,Ala Sinistra,12,7,2,5,2,0,0.2857,2,0,1,1,0,2,0,0,17/18,B
Lefan,Jakub,HIL,Portiere,36,2,2,0,2,0,1.0,3,2,0,0,0,0,0,0,17/18,B
Zobel,Rene,HBW,Terzino Destro,5,5,2,3,2,0,0.4,0,0,0,0,0,0,0,0,17/18,B
Kreis,Julian,HGS,Pivot,8,2,2,0,2,0,1.0,1,0,0,0,0,0,0,0,17/18,B
Maggaiz,Marouen,HBW,Portiere,32,3,2,1,2,0,0.6667000000000001,3,2,0,0,0,0,0,0,17/18,B
Karle,Felix,WÖW,Ala Destra,9,5,2,3,2,0,0.4,1,0,0,0,0,0,0,0,17/18,B
Loffler,Samuel,KON,Centrale,7,2,2,0,2,0,1.0,2,3,0,0,0,0,0,0,17/18,B
Wolterink,Jorn,WHV,Terzino Sinistro,10,9,2,7,2,0,0.2221999999999999,1,4,0,1,0,0,0,0,17/18,B
Weischer,Tim,TVE,Ala Sinistra,1,3,2,1,0,2,0.6667000000000001,0,0,0,0,0,0,0,0,17/18,B
Bozic,Vladimir,VIK,Portiere,37,3,1,2,1,0,0.3333,3,1,0,0,0,1,0,0,17/18,B
Kozlina,Miladin,VIK,Terzino Sinistro,22,7,1,6,1,0,0.1429,2,1,1,28,12,7,0,0,17/18,B
Minerva,Jan Steffen,EIS,Portiere,37,1,1,0,1,0,1.0,7,2,0,0,0,0,0,0,17/18,B
Ambrosius,Philip,DES,Portiere,38,1,1,0,1,0,1.0,14,4,0,0,0,0,0,0,17/18,B
Trautvetter,Benjamin,EIS,Pivot,2,1,1,0,1,0,1.0,0,1,0,0,0,0,0,0,17/18,B
Wiederstein,Fabian,HBW,Pivot,3,2,1,1,1,0,0.5,0,0,0,0,0,0,0,0,17/18,B
Mallwitz,Marino,VFL,Portiere,29,1,1,0,1,0,1.0,3,3,0,0,0,0,0,0,17/18,B
Mangold,Moritz,TUE,Portiere,25,1,1,0,1,0,1.0,7,1,0,0,0,0,0,0,17/18,B
Prokopec,Pavel,HAG,Terzino Sinistro,3,1,1,0,1,0,1.0,1,2,0,0,0,2,0,0,17/18,B
Wilmsen,Stephan,NOL,Centrale,3,2,1,1,1,0,0.5,1,0,3,0,0,2,0,0,17/18,B
Muller,Jurgen,SGB,Portiere,33,1,1,0,1,0,1.0,3,0,0,0,0,0,0,0,17/18,B
Madert,Konstantin,TVE,Portiere,38,1,1,0,1,0,1.0,17,6,0,0,1,0,0,0,17/18,B
Lupke,Frederick,WHV,Portiere,33,1,1,0,1,0,1.0,1,2,0,0,0,0,0,0,17/18,B
Ebner,Domenico,SGB,Portiere,36,1,1,0,1,0,1.0,18,1,3,0,0,0,0,0,17/18,B
Krautt,Jonas,SGB,Terzino Sinistro,1,6,1,5,1,0,0.1667,0,0,0,0,0,0,0,0,17/18,B
Baur,Luca-Max,EIS,Ala Destra,1,1,1,0,1,0,1.0,0,0,0,0,0,0,0,0,17/18,B
Dell,Jonas,BHC,Terzino Sinistro,6,1,1,0,1,0,1.0,0,3,0,1,0,1,0,0,17/18,B
van Lengerich,Johannes,NOL,Pivot,7,2,1,1,1,0,0.5,0,0,0,0,0,0,0,0,17/18,B
Passias,Nikolaos,HIL,Terzino Sinistro,3,6,1,5,1,0,0.1667,1,1,0,0,0,0,0,0,17/18,B
Milkow,Justin Lee,DES,Ala Sinistra,6,1,1,0,1,0,1.0,0,0,0,0,0,0,0,0,17/18,B
Schauer,Franz,AUE,Terzino Sinistro,4,2,1,1,1,0,0.5,0,0,0,0,2,4,0,0,17/18,B
Martner,Christoph-Hagen,ELB,Ala Sinistra,5,3,1,2,1,0,0.3333,0,1,0,0,0,0,0,0,17/18,B
Bergner,Tom,HAG,Pivot,3,1,1,0,1,0,1.0,0,1,0,0,0,2,0,0,17/18,B
Kordas,Norman,HIL,Pivot,6,1,1,0,1,0,1.0,0,1,0,0,1,0,0,0,17/18,B
Gorgen,Moritz,VIK,Ala Destra,2,1,1,0,1,0,1.0,0,1,0,0,0,0,0,0,17/18,B
Gode,Rico,ELB,Pivot,3,0,0,0,0,0,0.0,1,0,0,0,2,2,0,0,17/18,B
Huhnstock,Mario,ELB,Portiere,36,0,0,0,0,0,0.0,5,1,0,0,0,2,0,0,17/18,B
Kulhanek,Jan,COB,Portiere,21,0,0,0,0,0,0.0,6,0,0,0,0,0,0,0,17/18,B
Jerkovic,Dragan,HAG,Portiere,28,0,0,0,0,0,0.0,4,0,0,0,0,0,0,0,17/18,B
Doden,Dennis,WHV,Portiere,37,0,0,0,0,0,0.0,4,3,1,0,0,0,0,0,17/18,B
Gorobtschuk,Stanislaw,EIS,Portiere,25,0,0,0,0,0,0.0,2,0,0,0,0,0,0,0,17/18,B
Hanemann,Stefan,KON,Portiere,10,0,0,0,0,0,0.0,2,1,0,0,0,0,0,0,17/18,B
Brand,Sebastian,EIS,Portiere,7,0,0,0,0,0,0.0,0,0,0,0,0,0,0,0,17/18,B
Poltrum,Konstantin,KON,Portiere,35,0,0,0,0,0,0.0,10,0,0,0,0,0,0,0,17/18,B
Wolf,Maximilian,KON,Portiere,20,0,0,0,0,0,0.0,1,0,0,0,0,1,0,0,17/18,B
Donath,Sebastian,DES,Pivot,1,0,0,0,0,0,0.0,0,0,0,0,0,0,0,0,17/18,B
Dohler,Phil,DES,Portiere,35,0,0,0,0,0,0.0,3,0,1,0,0,0,0,0,17/18,B
Balster,Marcel,ELB,Portiere,3,0,0,0,0,0,0.0,0,0,0,0,0,0,0,0,17/18,B
Twarz,Paul,HIL,Portiere,30,0,0,0,0,0,0.0,2,2,0,0,0,0,0,0,17/18,B
Mahncke,Tobias,HAG,Portiere,38,0,0,0,0,0,0.0,15,1,0,0,0,1,0,0,17/18,B
Musil,Radek,AUE,Portiere,7,0,0,0,0,0,0.0,0,0,0,0,0,0,0,0,17/18,B
Jonczyk,Darius,HGS,Portiere,27,0,0,0,0,0,0.0,5,0,0,0,0,1,0,0,17/18,B
Barsties,Philipp,COB,Terzino Sinistro,13,0,0,0,0,0,0.0,2,0,2,8,8,8,0,0,17/18,B
Wetzel,Robert,AUE,Portiere,37,0,0,0,0,0,0.0,3,1,0,0,0,0,0,0,17/18,B
Wetzel,Tom,COB,Terzino Sinistro,1,0,0,0,0,0,0.0,0,0,0,0,0,0,0,0,17/18,B
Leikauf,Markus,WÖW,Portiere,1,0,0,0,0,0,0.0,0,0,0,0,0,0,0,0,17/18,B
Behrens,Maurice,ASV,Portiere,2,0,0,0,0,0,0.0,0,0,0,0,0,0,0,0,17/18,B
Wieser,Andreas,WÖW,Portiere,23,0,0,0,0,0,0.0,2,0,0,0,0,0,0,0,17/18,B
Kaleun,Fabian,NOL,Portiere,16,0,0,0,0,0,0.0,0,0,0,0,0,0,0,0,17/18,B
Steffen,Nick,TVE,Ala Sinistra,2,0,0,0,0,0,0.0,0,0,0,0,0,0,0,0,17/18,B
Baumeister,Jonas,HBW,Portiere,9,0,0,0,0,0,0.0,0,0,0,0,0,0,0,0,17/18,B
Topfer,Erik,AUE,Portiere,38,0,0,0,0,0,0.0,5,1,0,0,1,0,0,0,17/18,B
Osswald,Marius,KON,Pivot,1,0,0,0,0,0,0.0,0,0,0,0,0,0,0,0,17/18,B
Lorger,Gregor,ASV,Portiere,34,0,0,0,0,0,0.0,4,0,0,0,0,0,0,0,17/18,B
Dangers,Markus,HBW,Pivot,2,0,0,0,0,0,0.0,0,0,0,0,0,1,0,0,17/18,B
Halfmann,Hendrik,ELB,Portiere,37,0,0,0,0,0,0.0,6,0,0,0,0,0,0,0,17/18,B
Moldrup,Mikkel,VIK,Portiere,26,0,0,0,0,0,0.0,3,0,0,0,0,0,0,0,17/18,B
Ferjan,Mark,TVE,Portiere,27,0,0,0,0,0,0.0,3,0,0,0,0,0,0,0,17/18,B
Foluszny,Patryk,COB,Portiere,11,0,0,0,0,0,0.0,0,1,0,0,0,0,0,0,17/18,B
Bogatzki,Jonas,EIS,Terzino Sinistro,3,0,0,0,0,0,0.0,0,0,0,0,0,0,0,0,17/18,B
Manys,Maximilian,EIS,Ala Sinistra,1,0,0,0,0,0,0.0,0,0,0,0,0,0,0,0,17/18,B
Thomann,Julian,HBW,Centrale,3,0,0,0,0,0,0.0,0,0,0,0,0,0,0,0,17/18,B
Loffler,Jonas,KON,Terzino Sinistro,1,0,0,0,0,0,0.0,0,1,0,0,0,0,0,0,17/18,B
Boieck,Janis,BHC,Portiere,5,0,0,0,0,0,0.0,0,0,0,0,0,0,0,0,17/18,B
Schrader,Janik,VFL,Terzino Destro,1,0,0,0,0,0,0.0,0,0,0,0,0,0,0,0,17/18,B
Klein,Sven,HGS,Portiere,1,0,0,0,0,0,0.0,0,0,0,0,0,0,0,0,17/18,B
Krka,Leon,HIL,Portiere,5,0,0,0,0,0,0.0,0,0,0,0,0,0,0,0,17/18,B
Middell,Tobias,VIK,Terzino Sinistro,1,0,0,0,0,0,0.0,0,1,0,0,0,0,0,0,17/18,B
Weck,Alexander,BHC,Terzino Sinistro,1,0,0,0,0,0,0.0,1,1,0,0,0,1,0,0,17/18,B
Herrmann,Lukas,KON,Portiere,1,0,0,0,0,0,0.0,0,0,0,0,0,0,0,0,17/18,B
Roskosch,Jan,HAG,Ala Sinistra,1,0,0,0,0,0,0.0,0,0,0,0,0,0,0,0,17/18,B
Heling,Anton,SGB,Terzino Sinistro,2,0,0,0,0,0,0.0,0,0,0,0,1,1,0,0,17/18,B
Borchert,Julian,TUE,Portiere,10,0,0,0,0,0,0.0,0,0,0,0,0,0,0,0,17/18,B
Volz,Patrick,KON,Ala Sinistra,3,0,0,0,0,0,0.0,0,0,0,0,0,1,0,0,17/18,B
Bitzer,Jan,HBW,Centrale,1,0,0,0,0,0,0.0,0,0,0,0,0,0,0,0,17/18,B
Titze,Tim,COB,Portiere,4,0,0,0,0,0,0.0,0,0,0,0,0,0,0,0,17/18,B
Skorupa,Paul,VIK,Pivot,1,0,0,0,0,0,0.0,0,0,0,0,0,0,0,0,17/18,B
Spatz,Michael,TVG,Ala Destra,37,339,254,85,111,143,0.7493000000000001,22,23,6,2,4,2,0,0,18/19,B
Pohle,Georg,NOL,Terzino Sinistro,38,408,246,162,191,55,0.6029,77,30,13,26,20,30,3,0,18/19,B
Meinhardt,Eric,AUE,Centrale,38,353,238,115,108,130,0.6742,114,61,14,3,6,8,0,0,18/19,B
Wieling,Tim,DOR,Ala Destra,37,343,236,107,135,101,0.688,9,15,10,2,5,5,1,0,18/19,B
Schwolow,Tobias,WHV,Centrale,38,407,222,185,200,22,0.5455,112,63,3,8,10,12,0,0,18/19,B
Gretarsson,Oddur,HBW,Ala Sinistra,37,275,209,66,104,105,0.76,16,10,10,0,3,4,0,0,18/19,B
Bozovic,Janko,TVE,Terzino Destro,38,353,196,157,185,11,0.5552,64,48,4,11,12,17,3,0,18/19,B
Metzner,Antonio,VFL,Terzino Destro,38,319,189,130,189,0,0.5925,31,46,13,9,12,8,0,0,18/19,B
Hosse,Christian,VIK,Ala Sinistra,36,251,183,68,71,112,0.7291,35,22,13,0,7,9,0,0,18/19,B
Drechsler,Rene,WHV,Terzino Destro,37,359,182,177,182,0,0.507,95,62,3,3,1,5,1,1,18/19,B
Billek,Florian,COB,Ala Destra,29,232,181,51,101,80,0.7802,17,13,11,0,3,0,0,0,18/19,B
Holzner,Dirk,TVE,Ala Sinistra,36,252,181,71,96,85,0.7182999999999999,12,12,5,2,2,3,0,0,18/19,B
Petreikis,Benas,AUE,Centrale,36,304,179,125,161,18,0.5888,110,65,8,4,9,7,0,0,18/19,B
Skroblien,Tom,TUE,Ala Sinistra,38,258,174,84,117,57,0.6744,9,6,12,1,3,6,0,0,18/19,B
Zerbe,Lukas,FER,Ala Destra,38,221,173,48,81,92,0.7828,17,10,14,1,2,7,0,0,18/19,B
Gaubatz,Jan-Lars,HAG,Terzino Destro,34,318,171,147,166,5,0.5377000000000001,67,34,9,4,4,2,0,0,18/19,B
Faulenbach,Jonas,FER,Terzino Sinistro,37,325,171,154,171,0,0.5262,52,52,14,3,8,5,0,0,18/19,B
Krings,Merten,TVE,Centrale,32,311,164,147,163,1,0.5273,103,59,10,1,9,17,1,0,18/19,B
Stegefelt,Markus,TVH,Terzino Sinistro,34,280,158,122,112,46,0.5643,49,14,4,11,2,3,0,0,18/19,B
Stutzke,Lukas,DOR,Terzino Sinistro,34,291,156,135,156,0,0.5361,74,42,5,7,10,17,1,0,18/19,B
Ossenkopp,Lukas,HSV,Terzino Sinistro,36,227,154,73,83,71,0.6784,26,15,2,17,10,13,0,0,18/19,B
Roch,Kevin,AUE,Ala Sinistra,38,236,151,85,148,3,0.6397999999999999,10,6,14,33,11,17,1,0,18/19,B
Strosack,Peter,NLB,Ala Destra,38,195,150,45,117,33,0.7692,22,10,6,0,1,0,0,0,18/19,B
Beyer,Noah,TUE,Ala Sinistra,36,204,146,58,62,84,0.7156999999999999,5,9,7,1,3,4,0,0,18/19,B
Prakapenia,Anton,COB,Terzino Sinistro,37,246,145,101,145,0,0.5893999999999999,81,46,3,18,18,22,1,0,18/19,B
Pavlicek,Tomas,DES,Ala Destra,38,194,144,50,75,69,0.7423000000000001,6,8,6,1,9,3,1,0,18/19,B
Kress,Soren,HAG,Centrale,38,274,144,130,98,46,0.5255,85,51,5,2,6,7,0,0,18/19,B
Wasielewski,Johannes,DES,Terzino Destro,38,284,138,146,138,0,0.4859,54,69,0,9,12,15,4,0,18/19,B
Szczesny,Dennis,TUE,Terzino Sinistro,38,238,134,104,134,0,0.563,66,41,12,35,22,19,1,0,18/19,B
Zintel,Bjorn,TVH,Centrale,36,238,134,104,125,9,0.563,67,38,7,0,4,4,0,0,18/19,B
Jaanimaa,Dener,NLB,Terzino Destro,38,230,132,98,132,0,0.5739,76,40,4,0,5,1,0,0,18/19,B
Stark,Mario,TVG,Centrale,37,253,132,121,132,0,0.5217,88,43,5,5,10,15,2,0,18/19,B
Bechtloff,Jens,NLB,Ala Sinistra,32,176,131,45,86,45,0.7443000000000001,9,11,5,0,9,7,0,0,18/19,B
Johannsson,Ragnar,TVH,Terzino Destro,33,210,130,80,130,0,0.619,38,44,9,6,11,20,0,0,18/19,B
Zetterman,Pontus,COB,Terzino Destro,36,232,130,102,108,22,0.5603,88,35,8,1,6,8,0,0,18/19,B
Kretschmer,Nils Holger,ELB,Terzino Sinistro,38,242,128,114,88,40,0.5289,59,33,12,19,20,38,2,0,18/19,B
Bauer,Philipp,HSV,Centrale,30,221,128,93,128,0,0.5792,30,23,1,2,7,5,1,0,18/19,B
Spohn,Valentin,NLB,Terzino Sinistro,37,254,124,130,122,2,0.4882,36,33,7,10,4,10,0,0,18/19,B
Lindskog Andersson,Julius,FER,Centrale,37,205,124,81,98,26,0.6049,46,33,7,1,8,10,0,0,18/19,B
Schmidt,Patrick,WÖW,Centrale,38,238,122,116,110,12,0.5126,46,49,2,0,5,2,0,0,18/19,B
Richter,Benjamin,DOR,Centrale,38,186,122,64,82,40,0.6559,53,36,13,2,2,2,0,0,18/19,B
Zele,Daniel,DES,Terzino Sinistro,31,207,120,87,120,0,0.5797,20,32,0,6,5,4,0,0,18/19,B
Dumcius,Mindaugas,AUE,Terzino Destro,37,217,119,98,117,2,0.5484,45,51,2,5,9,9,0,0,18/19,B
Wullenweber,Finn,HSV,Terzino Sinistro,32,225,118,107,118,0,0.5244,13,21,0,1,2,9,0,0,18/19,B
Possehl,Julian,NOL,Terzino Destro,38,197,117,80,117,0,0.5939,80,31,7,10,11,15,0,0,18/19,B
Mickal,Pavel,NOL,Ala Sinistra,38,168,117,51,90,27,0.6964,9,13,11,1,3,4,0,0,18/19,B
Vorontsov,Evgeny,WHV,Ala Destra,28,168,117,51,82,35,0.6964,11,20,2,3,11,11,0,0,18/19,B
Orlowski,Marian,NLB,Terzino Sinistro,24,209,115,94,103,12,0.5502,30,27,1,6,5,5,0,0,18/19,B
Oelze,Alexander,VIK,Centrale,21,230,114,116,101,13,0.4957,35,27,2,0,1,2,0,0,18/19,B
Zechel,Tim,TUE,Pivot,38,158,114,44,114,0,0.7215,13,26,7,29,21,25,1,0,18/19,B
Miedema,Patrick,NOL,Centrale,36,205,114,91,113,1,0.5561,48,38,3,3,16,12,0,0,18/19,B
Seidel,Lasse,NOL,Ala Sinistra,37,151,113,38,72,41,0.7483,10,14,6,1,2,1,0,0,18/19,B
Vanco,Marek,DES,Ala Sinistra,37,170,113,57,113,0,0.6647,23,21,5,1,5,9,0,0,18/19,B
Mestrum,Daniel,HAG,Ala Sinistra,34,183,113,70,97,16,0.6175,9,17,7,2,7,12,0,0,18/19,B
Engels,Marcel,TVG,Terzino Sinistro,38,212,113,99,113,0,0.5329999999999999,60,48,5,2,9,10,0,0,18/19,B
Herth,Benjamin,WÖW,Centrale,37,203,112,91,43,69,0.5517,8,12,2,0,0,4,0,0,18/19,B
Wesseling,Sven,TVE,Terzino Sinistro,38,215,112,103,99,13,0.5209,94,52,10,12,16,27,3,0,18/19,B
Blohme,Lukas,ASV,Ala Destra,38,161,111,50,111,0,0.6894,20,14,10,2,10,6,0,0,18/19,B
ten Velde,Rutger,WHV,Ala Sinistra,38,162,111,51,65,46,0.6851999999999999,13,13,8,0,6,6,0,0,18/19,B
Kaufmann,Steffen,WÖW,Terzino Destro,38,236,110,126,110,0,0.4661,113,52,4,0,3,0,0,0,18/19,B
Lofstrom,Carl,DOR,Pivot,37,134,110,24,110,0,0.8209000000000001,11,29,9,8,17,20,0,0,18/19,B
Papadopoulos,Vyron,ASV,Ala Sinistra,38,158,109,49,74,35,0.6899,21,11,15,1,3,3,0,0,18/19,B
Thomann,Gregor,HBW,Ala Destra,34,150,108,42,81,27,0.72,12,6,1,1,5,3,0,0,18/19,B
Von Boenigk,Jan,ASV,Terzino Destro,38,192,107,85,107,0,0.5573,58,25,12,10,9,6,0,0,18/19,B
Varvne,Tobias,COB,Terzino Sinistro,33,171,107,64,107,0,0.6257,39,36,3,1,2,3,0,0,18/19,B
Glabisch,Thees,VFL,Ala Sinistra,32,147,106,41,67,39,0.7211,7,6,4,0,0,4,0,0,18/19,B
Basic,Marijan,FER,Centrale,36,179,106,73,95,11,0.5922,68,52,10,2,3,6,2,0,18/19,B
Stefan,Tim,HAG,Terzino Sinistro,36,221,105,116,105,0,0.4750999999999999,35,22,8,5,7,12,0,0,18/19,B
Morante Maldonado,Eloy,DOR,Centrale,33,173,105,68,105,0,0.6069,44,35,14,4,10,8,1,0,18/19,B
Niemeyer,Marcel,HBW,Pivot,38,144,104,40,104,0,0.7222,13,25,4,14,25,29,1,0,18/19,B
Ellwanger,Jonas,TUE,Centrale,35,167,104,63,104,0,0.6228,63,42,18,11,18,23,1,0,18/19,B
Dierberg,Julius,ELB,Ala Sinistra,38,145,102,43,76,26,0.7034,11,11,9,2,2,5,0,0,18/19,B
Postel,Duncan,WHV,Pivot,38,120,102,18,102,0,0.85,15,27,6,9,17,24,2,0,18/19,B
Siegler,Lukas,WÖW,Terzino Sinistro,34,162,100,62,100,0,0.6173,34,27,4,2,13,10,0,0,18/19,B
Pulay,Gabor,ELB,Terzino Destro,35,197,100,97,67,33,0.5075999999999999,31,25,4,0,0,2,0,0,18/19,B
Hahn,Tobias,TVH,Ala Destra,38,141,99,42,51,48,0.7021,8,4,1,8,5,8,0,0,18/19,B
Schoch,Jona,HBW,Terzino Sinistro,37,181,99,82,99,0,0.547,67,35,1,17,10,28,0,0,18/19,B
Jaeger,Max,COB,Ala Sinistra,38,140,99,41,92,7,0.7071,9,3,5,1,10,5,0,0,18/19,B
Lex,Stefan,ASV,Terzino Destro,37,180,98,82,98,0,0.5444,62,39,9,6,8,7,0,0,18/19,B
Gress,Sebastian,ELB,Centrale,38,148,98,50,98,0,0.6622,60,29,11,13,4,3,0,0,18/19,B
Witzke,Luca,TUE,Centrale,36,154,98,56,98,0,0.6364,66,23,6,6,6,6,0,0,18/19,B
Sudmeier,Soren,ASV,Centrale,38,179,97,82,97,0,0.5418999999999999,24,34,4,1,8,3,0,0,18/19,B
Herbst,Kevin,HSV,Terzino Destro,34,165,97,68,78,19,0.5879,31,28,1,1,9,7,0,0,18/19,B
Milde,Oliver,ASV,Terzino Sinistro,35,208,96,112,96,0,0.4614999999999999,52,17,5,2,0,6,0,0,18/19,B
Walczak,Patryk,NLB,Pivot,38,130,96,34,96,0,0.7384999999999999,7,17,11,13,24,44,5,0,18/19,B
Gempp,Patrick,WÖW,Pivot,38,117,94,23,94,0,0.8034,7,16,11,8,17,21,1,0,18/19,B
Corak,Dino,TVG,Pivot,35,113,94,19,94,0,0.8319,8,14,4,6,9,11,0,0,18/19,B
Smits,Jorn,TVE,Terzino Sinistro,37,152,94,58,94,0,0.6184000000000001,36,22,13,11,13,15,1,0,18/19,B
Drager,Yannick,TVE,Pivot,38,129,93,36,93,0,0.7209,11,19,11,29,22,41,2,0,18/19,B
Firnhaber,Lucas,TUE,Terzino Destro,38,188,91,97,91,0,0.484,40,24,3,1,5,17,0,0,18/19,B
Akakpo,David Cyrill,TUE,Ala Destra,38,140,91,49,91,0,0.65,3,10,3,0,5,11,0,0,18/19,B
Brykner,Ladislav,AUE,Terzino Destro,28,149,90,59,90,0,0.604,22,33,2,5,8,12,2,0,18/19,B
Weller,Niklas,HSV,Pivot,38,125,90,35,82,8,0.72,13,15,0,15,15,21,0,0,18/19,B
Spiess,Lars,TVG,Terzino Sinistro,35,157,89,68,83,6,0.5669,46,29,6,16,17,21,2,0,18/19,B
Zahradnicek,Jan,DES,Ala Destra,38,127,89,38,60,29,0.7008,5,7,2,1,1,2,0,0,18/19,B
Axmann,Dominik,HSV,Terzino Sinistro,36,136,88,48,64,24,0.6470999999999999,38,19,14,3,4,7,0,0,18/19,B
Rompf,Christian,TVH,Ala Sinistra,37,138,87,51,87,0,0.6304,6,12,7,4,22,26,3,0,18/19,B
Smit,Alec,NOL,Ala Destra,38,138,87,51,87,0,0.6304,4,10,8,1,7,13,0,0,18/19,B
Huesmann,Fabian,ASV,Ala Sinistra,37,119,86,33,47,39,0.7227,17,5,3,2,7,13,0,0,18/19,B
Muller,Justin,TUE,Centrale,36,141,86,55,86,0,0.6099,96,40,6,2,5,9,1,1,18/19,B
Bornhorn,Bengt,AUE,Pivot,38,108,86,22,86,0,0.7963,6,32,5,2,6,13,2,0,18/19,B
Brielmeier,Benedikt,WÖW,Terzino Sinistro,37,157,84,73,72,12,0.535,38,34,6,5,9,8,0,0,18/19,B
Prohl,Tilman,HAG,Pivot,38,114,84,30,84,0,0.7368000000000001,14,43,11,25,21,35,0,0,18/19,B
Tubic,Dragan,HAG,Terzino Destro,36,133,83,50,83,0,0.6241,20,25,9,3,14,15,2,0,18/19,B
Gierak,Lukasz,NLB,Centrale,37,147,83,64,71,12,0.5646,57,39,8,9,11,7,2,0,18/19,B
Weis,Niklas,VIK,Terzino Destro,37,166,83,83,83,0,0.5,74,62,0,1,8,11,0,0,18/19,B
Winkler,Jan,TVG,Terzino Destro,38,151,81,70,81,0,0.5364,47,29,6,5,15,12,1,0,18/19,B
Konitz,Bartosz,WHV,Centrale,38,167,79,88,78,1,0.4731,53,42,7,1,5,12,0,0,18/19,B
Hansen,Markus,VFL,Centrale,31,142,79,63,78,1,0.5563,41,27,12,19,10,11,0,0,18/19,B
Kretschmer,Finn,VFL,Ala Destra,38,112,79,33,79,0,0.7054,8,11,12,0,3,7,0,0,18/19,B
Sauer,Julian,WÖW,Ala Destra,36,121,79,42,78,1,0.6529,7,10,4,2,7,4,0,0,18/19,B
Kohler,Steffen,VFL,Pivot,37,99,78,21,77,1,0.7879,16,15,21,18,9,18,0,0,18/19,B
Johnen,Bennet,VIK,Pivot,33,111,78,33,78,0,0.7027,10,33,5,14,12,22,1,0,18/19,B
Sklenak,Tomas,TVH,Centrale,37,136,76,60,76,0,0.5588000000000001,47,39,7,0,1,4,0,0,18/19,B
Schult,Jan,VFL,Terzino Sinistro,29,173,75,98,75,0,0.4335,30,22,6,10,7,6,0,0,18/19,B
Barwitzki,Moritz,FER,Ala Sinistra,37,118,75,43,51,24,0.6356,3,11,2,0,3,2,0,0,18/19,B
Spross,Felix,COB,Ala Sinistra,35,111,74,37,73,1,0.6667000000000001,13,30,8,1,1,0,0,0,18/19,B
Becvar,Roman,ELB,Centrale,37,126,74,52,74,0,0.5872999999999999,58,28,7,4,6,15,2,0,18/19,B
Neuhold,Christoph,COB,Centrale,24,130,74,56,74,0,0.5692,25,14,2,0,3,3,0,0,18/19,B
Kirveliavicius,Romas,HBW,Terzino Sinistro,33,117,73,44,73,0,0.6239,26,20,1,28,12,26,3,0,18/19,B
Reuland,Joshua,DOR,Ala Sinistra,33,134,72,62,72,0,0.5373,5,6,4,0,2,3,0,0,18/19,B
Zobel,Rene,HBW,Terzino Destro,37,142,71,71,71,0,0.5,19,17,5,5,11,12,0,0,18/19,B
Poter,Philipp,VIK,Centrale,27,134,70,64,70,0,0.5224,39,44,3,0,12,17,1,0,18/19,B
Sohmann,Vincent,ASV,Centrale,38,121,70,51,28,42,0.5785,36,32,0,0,1,3,0,0,18/19,B
Brosch,Jan,ASV,Pivot,37,95,70,25,70,0,0.7368000000000001,12,19,2,25,16,18,1,0,18/19,B
Schwabe,Jakob,ASV,Pivot,38,85,69,16,69,0,0.8118000000000001,14,19,3,25,9,17,1,0,18/19,B
Eisentrager,Florian,TVG,Ala Sinistra,24,108,69,39,66,3,0.6389,4,17,5,1,2,5,0,0,18/19,B
Lambrecht,Moritz,TVH,Pivot,37,97,69,28,69,0,0.7112999999999999,17,6,26,7,24,21,1,0,18/19,B
Genz,Jo Gerrit,NLB,Terzino Destro,38,138,69,69,69,0,0.5,32,18,5,4,10,17,1,0,18/19,B
Huter,Ian,DOR,Centrale,37,106,69,37,69,0,0.6509,66,35,23,6,5,12,0,0,18/19,B
Michel,Mattis,FER,Pivot,38,97,68,29,61,7,0.701,4,14,4,3,11,7,0,0,18/19,B
Honicke,Jonas,DES,Centrale,24,122,67,55,45,22,0.5492,36,21,1,1,6,4,0,0,18/19,B
Jurgeleit,Tim-Philip,ELB,Ala Sinistra,31,91,67,24,51,16,0.7363,4,6,6,1,0,0,0,0,18/19,B
Terhaer,Yannick,TVE,Ala Destra,38,92,67,25,67,0,0.7283,2,6,12,0,5,5,0,0,18/19,B
Franke,Marten,TVE,Ala Destra,35,134,67,67,58,9,0.5,6,9,1,1,3,4,0,0,18/19,B
Friedrich,Lars,HBW,Terzino Destro,38,119,66,53,65,1,0.5546,41,16,1,1,2,7,0,0,18/19,B
Hausmann,Jannik,HBW,Ala Destra,38,98,66,32,63,3,0.6735,33,15,4,0,4,7,0,0,18/19,B
de Boer,Luca,NOL,Pivot,37,90,66,24,66,0,0.7333,15,21,9,55,15,8,2,0,18/19,B
Bergemann,Thies,HSV,Ala Destra,30,102,66,36,66,0,0.6470999999999999,8,4,4,0,1,4,0,0,18/19,B
Schauer,Kuno,WHV,Centrale,38,134,66,68,66,0,0.4925,23,28,3,1,4,4,0,0,18/19,B
Schmidt,Valentin,HAG,Centrale,15,114,65,49,36,29,0.5702,32,16,0,0,2,4,0,0,18/19,B
Saueressig,Lukas,HBW,Centrale,36,105,64,41,64,0,0.6095,75,26,6,12,8,13,0,0,18/19,B
Tissier,Leif,HSV,Centrale,36,99,63,36,63,0,0.6364,48,23,5,2,3,5,0,0,18/19,B
Klingler,Felix,TUE,Ala Destra,38,89,62,27,62,0,0.6966,4,7,3,1,0,1,0,0,18/19,B
Gipperich,Brian,VIK,Terzino Destro,32,118,62,56,62,0,0.5254,24,22,4,0,9,11,1,0,18/19,B
Forstbauer,Jan,HSV,Terzino Destro,30,135,61,74,61,0,0.4518999999999999,37,18,0,1,4,9,0,0,18/19,B
Nothdurft,Tim,HBW,Ala Sinistra,38,80,61,19,61,0,0.7625,3,6,1,1,2,0,0,0,18/19,B
Spiess,Tom,TVG,Centrale,37,110,60,50,60,0,0.5455,37,30,3,7,16,23,1,0,18/19,B
Vorlicek,Philipp,NOL,Terzino Destro,19,96,60,36,60,0,0.625,17,14,3,2,2,7,0,0,18/19,B
Schomig,Dominik,WÖW,Ala Sinistra,18,78,59,19,56,3,0.7564,6,5,5,0,0,2,0,0,18/19,B
Damm,Sebastian,VFL,Ala Sinistra,24,81,58,23,25,33,0.716,9,9,5,0,5,3,1,0,18/19,B
Hanisch,Libor,DES,Pivot,38,73,58,15,58,0,0.7945,12,26,2,7,10,18,0,0,18/19,B
Gugisch,Nils,ELB,Ala Destra,29,88,57,31,57,0,0.6476999999999999,3,8,5,1,3,3,0,0,18/19,B
Pust,Yannick-Marcos,WHV,Ala Destra,38,98,57,41,57,0,0.5816,7,16,8,1,3,10,1,0,18/19,B
Worner,Jan,FER,Terzino Destro,35,101,57,44,57,0,0.5644,22,25,4,2,5,10,0,0,18/19,B
Jungemann,Philip,DES,Pivot,38,78,56,22,56,0,0.7179000000000001,11,19,5,20,21,17,0,0,18/19,B
Genda,Pawel,VFL,Terzino Sinistro,15,101,56,45,56,0,0.5545,12,14,5,5,8,6,1,0,18/19,B
Weber,Sebastian,COB,Pivot,23,62,55,7,55,0,0.8870999999999999,8,13,2,0,5,4,0,0,18/19,B
Quade,Henning,ELB,Pivot,36,75,55,20,55,0,0.7333,3,11,0,2,4,4,0,0,18/19,B
Knauer,Jakob,COB,Terzino Destro,37,89,55,34,55,0,0.618,21,20,1,0,7,9,0,0,18/19,B
Ottsen,Jonas,VFL,Terzino Sinistro,18,87,53,34,53,0,0.6092,37,20,2,2,5,3,0,0,18/19,B
Mlotek,Slavomir,DES,Centrale,30,110,53,57,53,0,0.4818,91,49,2,2,3,5,0,0,18/19,B
Zwarg,Daniel,VIK,Centrale,18,111,52,59,48,4,0.4685,14,17,3,0,2,1,0,0,18/19,B
Wernig,Daniel,TVH,Ala Destra,24,80,51,29,28,23,0.6375,7,9,8,1,3,2,0,0,18/19,B
De Santis,Gabriel,ELB,Terzino Destro,33,97,51,46,51,0,0.5257999999999999,20,26,2,4,11,16,0,0,18/19,B
Heiny,Lutz,NOL,Terzino Sinistro,30,111,50,61,50,0,0.4504999999999999,21,10,6,6,8,21,1,0,18/19,B
Strobel,Martin,HBW,Centrale,19,84,49,35,49,0,0.5832999999999999,34,20,5,9,4,4,1,0,18/19,B
Maas,Sebastian,WHV,Ala Sinistra,36,70,49,21,46,3,0.7,6,12,0,0,1,6,0,0,18/19,B
Faith,Jan,AUE,Ala Destra,37,96,49,47,49,0,0.5104,3,5,8,1,1,5,0,0,18/19,B
Urban,Tomas,TVG,Ala Destra,21,90,49,41,47,2,0.5444,21,22,1,1,6,8,0,0,18/19,B
Flodl,Norman,ELB,Pivot,37,69,48,21,48,0,0.6957,11,13,11,22,17,20,1,0,18/19,B
Muller,Jonas,FER,Terzino Sinistro,36,87,48,39,48,0,0.5517,13,14,3,3,5,7,0,0,18/19,B
Kolk,Paul,TVE,Ala Sinistra,33,74,48,26,48,0,0.6486,3,5,6,1,1,1,0,0,18/19,B
Rix,Christopher,HSV,Ala Sinistra,29,68,48,20,48,0,0.7059000000000001,2,6,2,0,6,4,0,0,18/19,B
Rebelo,Nuno,DOR,Terzino Destro,32,85,47,38,47,0,0.5529,43,36,4,2,4,6,0,0,18/19,B
Bauer,Max,WÖW,Ala Destra,36,75,46,29,46,0,0.6133,4,3,4,2,5,16,1,0,18/19,B
Kammlodt,Adrian,ELB,Terzino Sinistro,29,76,46,30,46,0,0.6053000000000001,10,17,1,3,2,4,0,0,18/19,B
Klein,Johannes,TVH,Terzino Sinistro,37,77,46,31,46,0,0.5974,21,12,5,2,10,18,1,0,18/19,B
Runarsson,Sigtryggur Dadi,VFL,Centrale,26,93,45,48,44,1,0.4839,13,12,2,0,1,3,0,0,18/19,B
Schulz,Michael,WÖW,Pivot,37,57,45,12,45,0,0.7895,8,17,3,18,20,45,3,0,18/19,B
Backs,Fin,WÖW,Ala Sinistra,33,79,45,34,45,0,0.5696,2,2,2,0,0,3,0,0,18/19,B
Handschke,Felix,VIK,Terzino Sinistro,22,73,44,29,43,1,0.6027,10,21,3,0,1,2,0,0,18/19,B
Kozul,Matej,WHV,Pivot,38,70,44,26,44,0,0.6286,25,18,1,11,13,15,1,0,18/19,B
Leenders,Toon,NOL,Pivot,35,55,41,14,41,0,0.7454999999999999,10,10,4,29,14,33,4,0,18/19,B
Fuchs,Markus,ASV,Terzino Sinistro,37,75,41,34,41,0,0.5467,22,8,10,58,22,26,0,0,18/19,B
Kropp,Andre,TVE,Pivot,24,51,40,11,40,0,0.7843000000000001,6,7,3,6,11,17,2,0,18/19,B
Wucherpfennig,Lukas,COB,Ala Destra,30,60,40,20,25,15,0.6667000000000001,1,1,0,1,0,2,0,0,18/19,B
Bornemann,Andreas,HAG,Terzino Destro,38,101,40,61,40,0,0.396,13,21,1,1,5,13,0,0,18/19,B
Rink,Thomas,FER,Pivot,37,64,40,24,40,0,0.625,9,21,5,7,18,21,1,0,18/19,B
Raguse,Mex,ASV,Terzino Sinistro,22,84,40,44,40,0,0.4761999999999999,23,22,3,4,3,6,0,0,18/19,B
Andrejew,Daniel,WHV,Pivot,33,50,39,11,39,0,0.78,5,10,1,13,14,15,3,1,18/19,B
Speckmann,Jan-Eric,NLB,Ala Sinistra,32,52,39,13,39,0,0.75,1,5,4,0,0,3,0,0,18/19,B
Fuchs,Marius,HSV,Pivot,31,56,38,18,38,0,0.6786,4,19,0,3,3,11,1,0,18/19,B
Coric,Teo,VIK,Pivot,18,44,38,6,38,0,0.8636,2,15,4,4,6,10,0,0,18/19,B
Mubenzem,Dieudonne,TVH,Terzino Destro,34,84,38,46,38,0,0.4524,20,17,2,1,2,4,0,0,18/19,B
Naumann,Sebastian,AUE,Ala Destra,32,75,37,38,37,0,0.4932999999999999,4,6,5,0,8,6,0,0,18/19,B
Ridder,Carsten,TUE,Terzino Sinistro,29,60,37,23,37,0,0.6167,19,13,1,2,5,5,0,0,18/19,B
Timm,Marcel,COB,Pivot,35,54,37,17,37,0,0.6851999999999999,11,15,1,10,14,25,2,0,18/19,B
Waschul,Martin,VFL,Centrale,27,61,36,25,36,0,0.5902000000000001,21,12,3,18,18,22,1,0,18/19,B
Gopfert,Andre,TVG,Ala Sinistra,36,57,36,21,36,0,0.6315999999999999,4,11,2,0,4,5,1,0,18/19,B
Huter,Patrick,DOR,Pivot,35,50,36,14,36,0,0.72,5,10,3,23,20,26,2,0,18/19,B
Zorb,Moritz,TVH,Pivot,26,44,35,9,35,0,0.7955,5,12,4,10,6,19,0,0,18/19,B
Neitsch,Magnus,FER,Ala Sinistra,34,46,35,11,35,0,0.7609,1,1,2,1,2,4,0,0,18/19,B
Emanuel,Oskar,ELB,Terzino Destro,30,58,35,23,35,0,0.6034,3,4,2,0,2,1,0,0,18/19,B
Hovels,Kenji,NLB,Centrale,33,71,34,37,34,0,0.4789,28,28,1,0,2,0,0,0,18/19,B
Pechstein,Marc,ELB,Terzino Sinistro,23,78,34,44,34,0,0.4359,15,16,1,6,8,12,0,0,18/19,B
Eggert,Daniel,DOR,Terzino Destro,30,79,34,45,34,0,0.4304,34,15,2,8,4,4,0,0,18/19,B
Oliveira,Diogo,HBW,Centrale,32,62,34,28,29,5,0.5484,25,17,0,1,0,0,0,0,18/19,B
Gudat,Lars,ASV,Ala Destra,36,53,33,20,33,0,0.6225999999999999,4,8,15,1,2,6,0,0,18/19,B
Schade,Moritz,NLB,Pivot,38,45,33,12,33,0,0.7333,8,9,11,11,10,13,0,0,18/19,B
Schneider,Lucas,FER,Terzino Destro,15,48,33,15,33,0,0.6875,15,12,3,1,6,5,0,0,18/19,B
Waldhof,Dominik,HAG,Terzino Sinistro,38,50,33,17,33,0,0.66,19,6,14,39,25,30,2,0,18/19,B
Gorgen,Moritz,VIK,Ala Destra,28,58,33,25,33,0,0.569,3,5,4,0,3,2,0,0,18/19,B
Fernandes,Mario,TVH,Pivot,20,41,32,9,32,0,0.7805,2,11,7,1,9,13,0,0,18/19,B
Zimmermann,Bruno,DES,Centrale,37,68,32,36,32,0,0.4706,14,19,1,1,2,2,1,0,18/19,B
Hagelin,Markus,COB,Pivot,36,46,32,14,32,0,0.6957,12,11,5,24,25,21,0,0,18/19,B
Hoffmann,Robin,ELB,Ala Destra,32,56,32,24,32,0,0.5714,5,9,4,1,12,20,3,0,18/19,B
Skorupa,Paul,VIK,Pivot,25,45,32,13,32,0,0.7111,10,10,7,2,13,16,0,0,18/19,B
Schroder,Stefan,HSV,Ala Destra,19,49,30,19,30,0,0.6122,1,4,2,0,2,3,1,0,18/19,B
Weber,Patrick,COB,Terzino Sinistro,18,69,30,39,30,0,0.4347999999999999,6,4,6,1,1,1,0,0,18/19,B
Artmann,Nils,VIK,Ala Destra,23,48,30,18,30,0,0.625,3,6,4,0,3,3,0,0,18/19,B
Ebert,Pascal,AUE,Ala Sinistra,38,47,29,18,28,1,0.617,1,2,6,0,0,5,0,0,18/19,B
Flohr,Matthias,HBW,Ala Sinistra,33,34,28,6,28,0,0.8234999999999999,5,7,3,4,4,11,0,0,18/19,B
Hanner,Tom,DES,Ala Destra,38,52,28,24,28,0,0.5385,10,13,2,0,4,2,1,0,18/19,B
Schneider,Julian,FER,Centrale,20,44,28,16,27,1,0.6364,17,10,6,2,9,10,0,0,18/19,B
Claasen,Tim,VFL,Centrale,21,44,27,17,21,6,0.6136,7,14,1,1,0,4,0,0,18/19,B
Bagaric,Marko,NLB,Terzino Sinistro,34,45,27,18,27,0,0.6,23,12,8,50,19,26,1,0,18/19,B
Brand,Tim,HAG,Centrale,37,47,27,20,26,1,0.5745,2,7,2,0,0,1,0,0,18/19,B
Ranke,Fynn,VFL,Pivot,35,37,26,11,26,0,0.7027,2,15,4,5,8,14,0,0,18/19,B
De la Pena,Juan,HBW,Centrale,17,45,26,19,26,0,0.5778,29,11,1,2,2,3,0,0,18/19,B
Podpolinski,Toni,VFL,Terzino Destro,17,45,24,21,24,0,0.5333,19,12,2,1,3,4,1,0,18/19,B
Terwolbeck,Alexander,NOL,Centrale,20,40,24,16,24,0,0.6,12,10,0,0,0,0,0,0,18/19,B
Slachta,Petr,AUE,Pivot,25,28,24,4,24,0,0.8571,3,3,9,18,8,4,0,0,18/19,B
Verjans,Nicky,NOL,Ala Destra,6,40,23,17,22,1,0.575,1,3,4,0,2,1,0,0,18/19,B
Predragovic,Srdjan,VIK,Terzino Destro,18,69,23,46,23,0,0.3333,7,13,5,1,2,3,0,0,18/19,B
Bohm,Lukas,WÖW,Terzino Destro,36,46,23,23,23,0,0.5,25,16,0,5,9,7,0,0,18/19,B
Neuteboom,Jort,AUE,Terzino Sinistro,38,48,23,25,22,1,0.4792,9,12,0,12,7,7,1,0,18/19,B
Meschke,Benjamin,HBW,Pivot,20,30,22,8,22,0,0.7333,1,4,4,3,11,10,1,0,18/19,B
Sabljic,Stanko,HAG,Pivot,11,28,22,6,22,0,0.7857,6,9,4,10,5,8,0,0,18/19,B
Middell,Tobias,VIK,Terzino Sinistro,30,40,22,18,22,0,0.55,3,13,0,1,1,1,0,0,18/19,B
Milas,Ivan,VIK,Terzino Sinistro,8,51,22,29,22,0,0.4314,12,13,1,2,2,6,0,0,18/19,B
Vogt,Dominik,HSV,Pivot,29,32,21,11,21,0,0.6563,5,9,2,8,13,26,1,0,18/19,B
Remke,Gregor,DES,Terzino Destro,6,37,20,17,20,0,0.5405,8,5,1,0,1,1,0,0,18/19,B
Dell,Jonas,HAG,Terzino Sinistro,21,26,18,8,18,0,0.6923,5,6,2,6,3,10,0,0,18/19,B
Moller,Marcel,VFL,Pivot,27,32,18,14,18,0,0.5625,1,4,0,0,1,1,0,0,18/19,B
Bruhn,Jasper,VFL,Terzino Destro,38,40,17,23,17,0,0.425,5,9,1,1,4,3,0,0,18/19,B
Pfeiffer,Florian,DES,Terzino Sinistro,36,35,17,18,16,1,0.4857,20,10,2,11,15,31,3,0,18/19,B
Toom,Karl,TVE,Terzino Sinistro,36,41,17,24,17,0,0.4146,5,7,1,2,2,2,2,0,18/19,B
Tuminskis,Austris,AUE,Terzino Sinistro,20,33,17,16,17,0,0.5152,3,4,0,2,3,4,0,0,18/19,B
Rakovic,Luka,NLB,Ala Destra,38,24,16,8,16,0,0.6667000000000001,2,7,1,0,0,1,0,0,18/19,B
Erifopoulos,Christos,TVG,Centrale,37,27,16,11,16,0,0.5926,1,5,0,0,0,1,0,0,18/19,B
Toromanovic,Damian,HAG,Ala Destra,38,25,16,9,16,0,0.64,1,4,5,0,1,2,0,0,18/19,B
Blank,Jan,TVG,Pivot,31,25,15,10,15,0,0.6,5,8,0,0,1,4,0,0,18/19,B
Lilienfelds,Girts,COB,Terzino Destro,9,19,14,5,14,0,0.7368000000000001,2,1,1,0,1,0,0,0,18/19,B
Lehmann,Fabrice,WHV,Ala Destra,30,24,14,10,14,0,0.5832999999999999,0,3,0,0,1,2,0,0,18/19,B
Pyszora,Nico,DOR,Ala Destra,32,22,14,8,14,0,0.6364,2,1,1,0,4,2,0,0,18/19,B
Koster,Julian,DOR,Terzino Sinistro,17,22,14,8,14,0,0.6364,7,5,0,2,1,0,0,0,18/19,B
Buschmann,Arseniy,ELB,Centrale,31,26,13,13,13,0,0.5,20,13,6,3,4,6,0,0,18/19,B
Thomas,Heider,DOR,Terzino Sinistro,13,22,12,10,12,0,0.5455,18,3,1,17,9,11,1,0,18/19,B
Kleineidam,Jan,HSV,Centrale,18,21,12,9,12,0,0.5714,5,4,0,0,2,0,0,0,18/19,B
Schnellbacher,Antonio,TVG,Ala Destra,37,17,11,6,11,0,0.6470999999999999,1,5,1,0,0,0,0,0,18/19,B
Seidel,Malte,TUE,Terzino Sinistro,35,14,11,3,11,0,0.7857,5,4,1,8,7,10,1,0,18/19,B
Renninger,Julian,HAG,Pivot,7,14,11,3,11,0,0.7857,1,0,0,0,1,2,0,0,18/19,B
Milkow,Justin Lee,DES,Ala Sinistra,11,12,11,1,11,0,0.9167,0,3,0,0,1,0,0,0,18/19,B
Kasal,Michal,ELB,Terzino Sinistro,8,25,11,14,11,0,0.44,8,3,0,0,0,3,0,0,18/19,B
Schmidt,Daniel,DES,Pivot,31,14,10,4,10,0,0.7143,3,0,0,7,7,15,2,0,18/19,B
Brustmann,Max,WÖW,Portiere,37,15,10,5,10,0,0.6667000000000001,14,2,0,0,0,0,0,0,18/19,B
Lux,Kevin,AUE,Pivot,11,14,10,4,10,0,0.7143,3,1,2,12,9,18,2,0,18/19,B
Schrader,Janik,VFL,Terzino Destro,37,23,10,13,8,2,0.4347999999999999,7,7,2,1,1,1,0,0,18/19,B
Wiese,Jens,NOL,Terzino Sinistro,15,18,9,9,9,0,0.5,1,0,0,1,0,1,0,0,18/19,B
Braun,Nick,DOR,Ala Sinistra,17,15,9,6,9,0,0.6,0,0,0,0,0,0,0,0,18/19,B
Pankofer,Daniel,VIK,Centrale,4,16,8,8,8,0,0.5,1,0,0,0,0,1,0,0,18/19,B
Jurisic,David,VIK,Terzino Destro,3,17,8,9,8,0,0.4706,1,3,0,0,1,0,0,0,18/19,B
Mrkva,Tomas,HBW,Portiere,38,8,7,1,7,0,0.875,9,1,0,0,0,0,0,0,18/19,B
Lackovic,Blazenko,HSV,Terzino Sinistro,29,11,7,4,7,0,0.6364,6,5,0,6,16,18,0,0,18/19,B
Kalafut,Lukas,WHV,Terzino Sinistro,4,8,7,1,7,0,0.875,0,0,1,1,0,2,0,0,18/19,B
Kohler,Janik,WHV,Centrale,37,17,7,10,7,0,0.4118,8,7,1,11,8,17,1,0,18/19,B
Bartmann,Sven,DOR,Portiere,33,13,7,6,7,0,0.5385,8,5,0,0,0,0,0,0,18/19,B
Jagieniak,Lars,DOR,Pivot,29,12,7,5,7,0,0.5832999999999999,1,4,1,2,3,3,0,0,18/19,B
Konig,Jan,HAG,Ala Sinistra,23,12,7,5,7,0,0.5832999999999999,0,3,1,0,0,1,0,0,18/19,B
Hubner,Jan,TVE,Centrale,31,9,7,2,7,0,0.7778,7,8,0,2,0,3,0,0,18/19,B
Schauer,Franz,AUE,Terzino Sinistro,37,15,7,8,7,0,0.4667,8,5,5,1,7,9,0,0,18/19,B
Ravensbergen,Bart,NOL,Portiere,37,9,6,3,6,0,0.6667000000000001,10,0,0,0,0,1,0,0,18/19,B
Klause,Til,VIK,Terzino Destro,4,11,6,5,6,0,0.5455,4,4,0,0,1,0,0,0,18/19,B
Foth,Christoph,HBW,Pivot,6,6,5,1,5,0,0.8332999999999999,1,2,0,3,0,2,0,0,18/19,B
Zare,Levin,NOL,Ala Sinistra,27,9,5,4,5,0,0.5556,1,1,1,0,0,0,0,0,18/19,B
Wicklein,Jan,FER,Ala Destra,16,18,5,13,5,0,0.2778,0,3,0,0,0,0,0,0,18/19,B
Fick,Pelle Leo,HSV,Ala Destra,11,9,5,4,5,0,0.5556,2,2,0,0,0,0,0,0,18/19,B
Rutzki,Patryk,VIK,Ala Sinistra,8,7,5,2,5,0,0.7143,0,1,0,0,0,0,0,0,18/19,B
Kozlina,Miladin,WHV,Terzino Sinistro,33,6,4,2,4,0,0.6667000000000001,5,2,4,25,14,16,0,0,18/19,B
Buhrmester,Bjorn,NOL,Portiere,32,7,4,3,4,0,0.5714,14,1,0,0,0,0,0,0,18/19,B
Madert,Konstantin,TVE,Portiere,38,6,4,2,4,0,0.6667000000000001,11,1,0,0,0,0,0,0,18/19,B
Edvardsson,Aron Rafn,HSV,Portiere,27,4,4,0,4,0,1.0,6,1,0,0,1,1,0,0,18/19,B
Diebel,Niklas,HBW,Terzino Sinistro,14,11,4,7,4,0,0.3636,5,3,0,0,0,1,0,0,18/19,B
Meyer,Philipp,WÖW,Pivot,31,13,4,9,4,0,0.3077,6,0,3,16,14,33,2,0,18/19,B
Strosack,Moritz,HBW,Ala Destra,6,6,4,2,4,0,0.6667000000000001,0,0,1,1,1,1,0,0,18/19,B
Ingenpass,Niklas,TUE,Pivot,31,6,4,2,4,0,0.6667000000000001,0,3,0,0,0,0,0,0,18/19,B
Uth,Till Bastian,TVH,Pivot,15,6,4,2,4,0,0.6667000000000001,0,0,0,0,1,0,0,0,18/19,B
Kurth,Steven,VIK,Terzino Sinistro,5,6,4,2,4,0,0.6667000000000001,1,2,1,0,0,0,0,0,18/19,B
Wucherpfennig,David,TVG,Pivot,2,4,4,0,4,0,1.0,0,0,0,0,0,0,0,0,18/19,B
Minerva,Jan Steffen,TVG,Portiere,38,5,3,2,3,0,0.6,8,4,0,0,0,1,0,0,18/19,B
Rottschafer,Kai Bastian,FER,Portiere,38,5,3,2,3,0,0.6,2,0,0,0,0,1,0,0,18/19,B
Roth,Felix,AUE,Ala Destra,5,3,3,0,3,0,1.0,0,0,0,0,0,1,0,0,18/19,B
Bahn,Thomas,VIK,Centrale,21,3,3,0,3,0,1.0,0,4,0,5,9,17,1,0,18/19,B
Keck,Thomas,TVG,Centrale,35,6,3,3,3,0,0.5,0,2,0,0,0,0,0,0,18/19,B
Bozic,Vladimir,HBW,Portiere,35,6,2,4,2,0,0.3333,5,3,0,0,1,0,0,0,18/19,B
Prieto,Carlos,TVH,Pivot,9,2,2,0,2,0,1.0,0,4,0,4,2,2,0,0,18/19,B
Koloper,Branimir,FER,Pivot,38,6,2,4,2,0,0.3333,12,2,4,15,23,37,6,0,18/19,B
Mallwitz,Marino,VFL,Portiere,37,2,2,0,2,0,1.0,4,0,0,0,0,0,0,0,18/19,B
Kelm,Dominic,COB,Pivot,4,2,2,0,2,0,1.0,0,0,0,0,0,0,0,0,18/19,B
Krechel,Oliver,ASV,Portiere,37,4,2,2,2,0,0.5,8,0,0,0,0,0,0,0,18/19,B
Broy,Matthias Jan,DOR,Portiere,28,3,2,1,2,0,0.6667000000000001,1,0,0,0,0,0,0,0,18/19,B
John,Kevin Tobias,FER,Ala Destra,6,3,2,1,2,0,0.6667000000000001,0,0,0,0,0,0,0,0,18/19,B
Halfmann,Hendrik,ELB,Portiere,37,4,2,2,2,0,0.5,6,0,0,0,0,0,0,0,18/19,B
Rozman,Tim,HBW,Terzino Destro,1,2,2,0,2,0,1.0,0,1,0,0,1,0,0,0,18/19,B
Karle,Felix,WÖW,Ala Destra,20,4,2,2,2,0,0.5,1,1,0,0,0,0,0,0,18/19,B
Conrad,Nils,VIK,Portiere,13,2,2,0,2,0,1.0,1,0,0,0,0,0,0,0,18/19,B
Huttmann,Paul,TVG,Ala Destra,5,7,2,5,2,0,0.2857,0,2,0,0,0,0,0,0,18/19,B
Belter,Simon,TVH,Ala Destra,24,4,2,2,0,2,0.5,0,1,0,0,0,0,0,0,18/19,B
Schluroff,Miro,WHV,Terzino Sinistro,12,5,2,3,2,0,0.4,0,2,0,0,0,0,0,0,18/19,B
Cordes,Jacob,VFL,Ala Sinistra,3,2,2,0,2,0,1.0,0,0,0,0,0,0,0,0,18/19,B
Kuepper Ventura,Daniel,VIK,Pivot,3,2,2,0,2,0,1.0,0,0,1,0,0,0,0,0,18/19,B
Cornelius,Nico,ELB,Ala Sinistra,1,5,2,3,2,0,0.4,0,0,0,0,0,0,0,0,18/19,B
Schneider,Sebastian,HAG,Terzino Sinistro,2,3,1,2,1,0,0.3333,0,0,0,0,0,0,0,0,18/19,B
Weber,Nikolai,TVH,Portiere,36,3,1,2,1,0,0.3333,11,1,0,0,0,0,0,0,18/19,B
Puhl,Lucas,FER,Portiere,33,4,1,3,1,0,0.25,1,0,0,0,0,1,0,0,18/19,B
Huhnstock,Mario,ELB,Portiere,38,3,1,2,1,0,0.3333,5,2,0,0,0,1,0,0,18/19,B
Plaue,Dominik,DES,Portiere,37,2,1,1,1,0,0.5,2,1,0,0,0,0,0,0,18/19,B
Mangold,Moritz,TUE,Portiere,21,2,1,1,1,0,0.5,4,0,0,0,0,0,0,0,18/19,B
Mahncke,Tobias,HAG,Portiere,37,2,1,1,1,0,0.5,3,0,0,0,0,0,0,0,18/19,B
Paraschiv,Sebastian,AUE,Centrale,5,4,1,3,1,0,0.25,1,1,2,0,0,0,0,0,18/19,B
Baumeister,Jonas,HBW,Portiere,25,1,1,0,1,0,1.0,0,0,0,0,0,0,0,0,18/19,B
Topfer,Erik,AUE,Portiere,31,5,1,4,1,0,0.2,10,0,0,0,0,0,0,0,18/19,B
Birlehm,Joel,NLB,Portiere,36,4,1,3,1,0,0.25,14,1,1,0,0,0,0,0,18/19,B
van Lengerich,Johannes,NOL,Pivot,9,1,1,0,1,0,1.0,0,0,0,0,0,0,0,0,18/19,B
Kokoszka,Marcel,HSV,Portiere,38,2,1,1,1,0,0.5,1,0,0,0,0,0,0,0,18/19,B
Josef,Jan,WHV,Centrale,2,1,1,0,1,0,1.0,2,0,0,0,0,1,0,0,18/19,B
Borchert,Julian,TUE,Portiere,19,2,1,1,1,0,0.5,1,0,0,0,0,0,0,0,18/19,B
Werth,Malvin,TVH,Pivot,3,1,1,0,1,0,1.0,0,0,0,0,0,0,0,0,18/19,B
Bergner,Tom,HAG,Pivot,21,4,1,3,1,0,0.25,0,1,0,0,0,1,0,0,18/19,B
Weischer,Tim,TVE,Ala Sinistra,28,1,1,0,1,0,1.0,0,0,0,0,0,0,0,0,18/19,B
Kleinert,Friedrich,ELB,Pivot,2,5,1,4,1,0,0.2,2,0,1,0,1,0,0,0,18/19,B
Eberlein,Sven,DOR,Terzino Sinistro,7,2,1,1,1,0,0.5,0,0,0,0,0,0,0,0,18/19,B
Preller,Max,COB,Ala Sinistra,5,2,1,1,1,0,0.5,0,0,0,0,0,0,0,0,18/19,B
Dreyer,Paul,VIK,Portiere,6,1,1,0,1,0,1.0,0,1,0,0,0,0,0,0,18/19,B
Ahrens,Ino,VIK,Pivot,4,1,1,0,1,0,1.0,0,0,0,0,0,0,0,0,18/19,B
Osifo,Joshua,TVG,Terzino Sinistro,3,3,1,2,1,0,0.3333,0,0,0,0,0,0,0,0,18/19,B
Schwarz,Philipp,TVH,Ala Sinistra,1,1,1,0,1,0,1.0,0,0,0,0,0,0,0,0,18/19,B
Nandzik,Aaron,TVH,Pivot,1,1,1,0,1,0,1.0,0,0,0,0,0,0,0,0,18/19,B
Meyer,Nils,NOL,Centrale,7,0,0,0,0,0,0.0,1,0,0,0,1,0,0,0,18/19,B
Schomburg,Fabian,TVH,Portiere,23,0,0,0,0,0,0.0,2,0,0,0,0,0,0,0,18/19,B
Kubes,Daniel,TVE,Terzino Sinistro,4,0,0,0,0,0,0.0,0,1,1,0,4,2,0,0,18/19,B
Klockmann,Dennis,VFL,Portiere,34,0,0,0,0,0,0.0,8,0,0,0,1,0,0,0,18/19,B
Dresrusse,Nils,HAG,Portiere,34,0,0,0,0,0,0.0,8,0,0,0,0,0,0,0,18/19,B
Kulhanek,Jan,COB,Portiere,38,0,0,0,0,0,0.0,22,2,0,0,0,0,0,0,18/19,B
Bliss,Sebastian,TUE,Portiere,38,0,0,0,0,0,0.0,17,1,0,0,0,0,0,0,18/19,B
Doden,Dennis,WHV,Portiere,33,0,0,0,0,0,0.0,3,1,0,0,0,0,0,0,18/19,B
Ambrosius,Philip,DES,Portiere,20,0,0,0,0,0,0.0,6,4,0,0,1,1,0,0,18/19,B
Hegemann,Michael,TUE,Centrale,7,0,0,0,0,0,0.0,0,0,0,0,1,1,0,0,18/19,B
Rundt,Justin,HSV,Portiere,16,0,0,0,0,0,0.0,0,1,0,0,0,0,0,0,18/19,B
Hertlein,Felix,ASV,Portiere,36,0,0,0,0,0,0.0,6,0,0,0,0,0,0,0,18/19,B
Poltrum,Konstantin,COB,Portiere,35,0,0,0,0,0,0.0,3,0,0,0,0,0,0,0,18/19,B
Pestinger,Mattis,DOR,Terzino Destro,1,0,0,0,0,0,0.0,0,0,0,0,0,0,0,0,18/19,B
Chalepo,Evgenij,TVH,Terzino Sinistro,6,0,0,0,0,0,0.0,0,0,0,0,1,1,0,0,18/19,B
Musil,Radek,AUE,Portiere,38,0,0,0,0,0,0.0,0,0,0,0,0,0,0,0,18/19,B
Bartels,Dennis,NOL,Portiere,7,0,0,0,0,0,0.0,0,0,0,0,0,0,0,0,18/19,B
Wilmsen,Stephan,NOL,Centrale,5,0,0,0,0,0,0.0,0,0,0,0,0,1,0,0,18/19,B
Schafer,Marcel,AUE,Centrale,1,0,0,0,0,0,0.0,0,0,0,0,0,0,0,0,18/19,B
Bettig,Patrick,FER,Terzino Sinistro,1,0,0,0,0,0,0.0,0,0,0,1,0,0,0,0,18/19,B
Leikauf,Markus,WÖW,Portiere,2,0,0,0,0,0,0.0,0,0,0,0,0,0,0,0,18/19,B
Wieser,Andreas,WÖW,Portiere,38,0,0,0,0,0,0.0,0,0,0,0,0,0,0,0,18/19,B
Scheithauer,Max,DES,Terzino Sinistro,12,0,0,0,0,0,0.0,0,0,0,0,0,0,0,0,18/19,B
Grunz,Angelo,WHV,Portiere,17,0,0,0,0,0,0.0,1,0,0,0,0,0,0,0,18/19,B
Hottgenroth,Tim,FER,Portiere,14,0,0,0,0,0,0.0,0,0,0,0,0,0,0,0,18/19,B
Lupke,Frederick,WHV,Portiere,33,0,0,0,0,0,0.0,1,1,1,0,0,1,0,0,18/19,B
Rozsavolgyi,Gergo,DOR,Portiere,18,0,0,0,0,0,0.0,5,0,0,0,0,0,0,0,18/19,B
Schneider,Florian,FER,Terzino Destro,4,0,0,0,0,0,0.0,0,0,0,0,0,2,0,0,18/19,B
Pretzewofsky,Jan,ASV,Ala Destra,7,0,0,0,0,0,0.0,0,0,0,0,0,0,0,0,18/19,B
Tatai,Peter,NLB,Portiere,36,0,0,0,0,0,0.0,4,1,1,0,1,1,0,0,18/19,B
Apfel,Fabian,COB,Portiere,7,0,0,0,0,0,0.0,0,0,0,0,0,0,0,0,18/19,B
Wesemann,Jan,ASV,Portiere,4,0,0,0,0,0,0.0,0,1,0,0,0,0,0,0,18/19,B
Moldrup,Mikkel,VIK,Portiere,38,0,0,0,0,0,0.0,3,0,0,0,0,0,0,0,18/19,B
Ferjan,Mark,TVE,Portiere,38,0,0,0,0,0,0.0,4,0,0,0,0,1,0,0,18/19,B
Lauer,Tim,TVH,Terzino Sinistro,1,0,0,0,0,0,0.0,0,0,0,0,0,0,0,0,18/19,B
Irle,Erik,FER,Terzino Destro,9,0,0,0,0,0,0.0,0,1,0,0,0,1,0,0,18/19,B
Kugis,Arthur,TVG,Portiere,35,0,0,0,0,0,0.0,1,1,0,0,0,0,0,0,18/19,B
Boieck,Janis,DOR,Portiere,10,0,0,0,0,0,0.0,1,0,0,0,0,0,0,0,18/19,B
Hartmann,Tyron,DOR,Terzino Sinistro,1,0,0,0,0,0,0.0,0,0,0,0,0,0,0,0,18/19,B
Puetz,Peer,DOR,Centrale,2,0,0,0,0,0,0.0,0,0,0,0,1,1,0,0,18/19,B
Mossuto,Giuseppe,HAG,Portiere,5,0,0,0,0,0,0.0,0,0,0,0,0,0,0,0,18/19,B
Michel,Linus,FER,Centrale,16,0,0,0,0,0,0.0,0,1,0,0,0,0,0,0,18/19,B
Motlik,Radek,DES,Portiere,18,0,0,0,0,0,0.0,0,1,0,0,0,0,0,0,18/19,B
Horn,Moritz,VIK,Ala Sinistra,1,0,0,0,0,0,0.0,0,0,0,0,0,0,0,0,18/19,B
Martner,Christoph-Hagen,ELB,Ala Sinistra,1,0,0,0,0,0,0.0,0,0,0,0,0,0,0,0,18/19,B
Spiekermann,David Mirko,ASV,Terzino Sinistro,3,0,0,0,0,0,0.0,1,0,0,0,0,0,0,0,18/19,B
Rasimas,Vilius,AUE,Portiere,32,0,0,0,0,0,0.0,0,0,0,0,0,0,0,0,18/19,B
Bitzer,Jan,HBW,Centrale,1,0,0,0,0,0,0.0,0,0,0,0,0,0,0,0,18/19,B
Ruminsky,Mario,HBW,Portiere,1,0,0,0,0,0,0.0,0,0,0,0,0,0,0,0,18/19,B
Prager,Tillmann,ELB,Portiere,1,0,0,0,0,0,0.0,0,0,0,0,0,0,0,0,18/19,B
Grzesinski,Mats,NLB,Portiere,7,0,0,0,0,0,0.0,0,0,0,0,0,0,0,0,18/19,B
Fuss,Merlin,TVH,Terzino Destro,5,0,0,0,0,0,0.0,0,0,0,0,0,0,0,0,18/19,B
Bohne,Simon,TVH,Portiere,5,0,0,0,0,0,0.0,0,0,0,0,0,0,0,0,18/19,B
Klein,Sebastian,TVG,Portiere,3,0,0,0,0,0,0.0,0,0,0,0,0,0,0,0,18/19,B
Pfeifer,Alexander,TVG,Ala Sinistra,2,0,0,0,0,0,0.0,0,0,0,0,0,0,0,0,18/19,B
Krefting,Philipp,DOR,Pivot,2,0,0,0,0,0,0.0,0,0,0,0,0,0,0,0,18/19,B
Klock,Niklas,TVG,Terzino Sinistro,1,0,0,0,0,0,0.0,0,0,0,0,0,0,0,0,18/19,B
Knorz,Sven,TVH,Ala Destra,1,0,0,0,0,0,0.0,0,0,0,0,0,0,0,0,18/19,B
Vogt,Jan,ELB,Portiere,4,0,0,0,0,0,0.0,0,0,0,0,0,0,0,0,18/19,B
Kuckhermann,Luca,TVE,Pivot,1,0,0,0,0,0,0.0,0,0,0,0,0,0,0,0,18/19,B
Heinzelmann,Tobias,HBW,Pivot,2,0,0,0,0,0,0.0,0,1,0,0,0,1,0,0,18/19,B
Krauthausen,Kaspar,TVH,Terzino Destro,1,0,0,0,0,0,0.0,0,0,0,0,0,0,0,0,18/19,B
Escher,Tim,VFL,Portiere,1,0,0,0,0,0,0.0,0,0,0,0,0,0,0,0,18/19,B
Alisch,Fritz-leopold,DES,Portiere,1,0,0,0,0,0,0.0,0,0,0,0,0,0,0,0,18/19,B
Meisner,Till,VFL,Terzino Sinistro,1,0,0,0,0,0,0.0,0,0,0,0,0,0,0,0,18/19,B
Nass,Henrik,TVH,Portiere,4,0,0,0,0,0,0.0,0,0,0,0,0,0,0,0,18/19,B
Baatz,Lukas,HSV,Portiere,8,0,0,0,0,0,0.0,0,0,0,0,0,0,0,0,18/19,B
Martinovic,Ivan,DES,Terzino Destro,14,0,0,0,0,0,0.0,0,0,0,0,0,0,0,0,18/19,B
Schroder,Tim,VIK,Terzino Sinistro,1,0,0,0,0,0,0.0,0,0,0,0,0,0,0,0,18/19,B
Lorenz,Nils,TVH,Portiere,9,0,0,0,0,0,0.0,0,0,0,0,0,0,0,0,18/19,B
Holtz,Jan Frederik,VIK,Portiere,1,0,0,0,0,0,0.0,0,0,0,0,0,0,0,0,18/19,B
Nedeljkovic,Nenad,NLB,Centrale,3,0,0,0,0,0,0.0,0,1,0,0,0,0,0,0,18/19,B
Pusch,Yannick,VIK,Ala Destra,1,0,0,0,0,0,0.0,0,0,0,0,0,0,0,0,18/19,B
Strunk,Maximilian,VIK,Pivot,3,0,0,0,0,0,0.0,0,0,0,0,0,0,0,0,18/19,B
Hallfeldt,Aaron,VIK,Portiere,2,0,0,0,0,0,0.0,0,0,0,0,0,0,0,0,18/19,B
Schon,Sebastian,VIK,Ala Sinistra,1,0,0,0,0,0,0.0,0,0,0,0,0,0,0,0,18/19,B
Bergau,Nils,TVG,Terzino Sinistro,4,0,0,0,0,0,0.0,0,2,0,0,0,0,0,0,18/19,B
Kraus,Dustin,TUE,Terzino Sinistro,2,0,0,0,0,0,0.0,0,0,0,0,0,0,0,0,18/19,B
Boddenberg,Ranga,VIK,Centrale,1,0,0,0,0,0,0.0,0,0,0,0,0,1,0,0,18/19,B
Hass,Alexander,VFL,Portiere,1,0,0,0,0,0,0.0,0,0,0,0,0,0,0,0,18/19,B
Loffelmann,Joshua,TVG,Portiere,1,0,0,0,0,0,0.0,0,0,0,0,0,0,0,0,18/19,B
Cal,Henning,ELB,Ala Sinistra,1,0,0,0,0,0,0.0,2,3,0,0,0,0,0,0,18/19,B
Noguchi,Go,ELB,Ala Sinistra,1,0,0,0,0,0,0.0,0,0,0,0,0,0,0,0,18/19,B
Billek,Florian,COB,Ala Destra,22,227,177,50,110,67,0.7797,11,14,5,2,0,2,0,0,19/20,B
Weller,Niklas,HSV,Pivot,24,214,165,49,81,84,0.7709999999999999,11,16,3,15,11,23,0,0,19/20,B
Lindskog Andersson,Julius,FER,Centrale,24,200,141,59,69,72,0.705,38,19,3,2,1,4,0,0,19/20,B
Holzner,Dirk,TVE,Ala Sinistra,24,214,140,74,74,66,0.6542,6,4,11,0,2,5,0,0,19/20,B
Schafer,Christian,SGB,Ala Destra,24,183,137,46,68,69,0.7486,2,5,14,0,4,4,0,0,19/20,B
Zintel,Bjorn,TVH,Centrale,24,195,133,62,104,29,0.6820999999999999,53,23,8,1,6,2,0,0,19/20,B
Bornhorn,Bengt,AUE,Pivot,20,150,119,31,53,66,0.7933,0,17,0,0,3,3,0,0,19/20,B
Kammlodt,Adrian,AUE,Terzino Sinistro,24,196,119,77,118,1,0.6071,70,35,4,4,7,16,1,0,19/20,B
Sommer,Marvin,GUM,Ala Sinistra,24,167,118,49,73,45,0.7066,7,10,10,1,4,3,0,0,19/20,B
Huesmann,Fabian,ASV,Ala Sinistra,24,152,118,34,66,52,0.7763,9,4,8,4,5,4,1,0,19/20,B
Kaletsch,Paul,KON,Terzino Sinistro,21,216,118,98,78,40,0.5463,82,60,0,1,2,4,0,0,19/20,B
Beyer,Noah,TUE,Ala Sinistra,24,148,111,37,54,57,0.75,4,7,9,0,3,2,1,0,19/20,B
Skroblien,Tom,TUE,Ala Sinistra,19,151,109,42,62,47,0.7219,3,4,7,0,0,1,0,0,19/20,B
Tokic,Ante,EIS,Ala Destra,22,152,109,43,94,15,0.7171,15,10,19,1,1,2,1,0,19/20,B
Reuland,Joshua,DOR,Ala Sinistra,23,153,107,46,63,44,0.6993,10,6,1,0,0,4,0,0,19/20,B
Wasielewski,Johannes,TVE,Terzino Destro,21,190,107,83,107,0,0.5632,42,33,7,5,14,24,1,0,19/20,B
Bruren,Kevin Christopher,KRF,Terzino Destro,21,213,103,110,67,36,0.4836,27,24,3,2,6,7,0,0,19/20,B
Petreikis,Benas,AUE,Centrale,24,183,103,80,91,12,0.5628,63,38,6,0,4,7,0,0,19/20,B
Grbavac,Ante,DOR,Terzino Sinistro,23,208,103,105,89,14,0.4952,39,22,1,5,7,7,0,0,19/20,B
Strosack,Peter,NLB,Ala Destra,24,145,102,43,86,16,0.7034,12,8,2,1,4,6,0,0,19/20,B
Wolf,Tom,KON,Terzino Sinistro,23,172,99,73,77,22,0.5756,38,24,4,14,10,10,0,0,19/20,B
Varvne,Tobias,COB,Terzino Sinistro,23,156,95,61,95,0,0.609,38,27,4,0,1,7,1,0,19/20,B
Bozovic,Janko,GUM,Terzino Destro,24,173,94,79,94,0,0.5434,39,21,2,7,9,11,0,0,19/20,B
Link,Jonas,SGB,Centrale,24,151,94,57,94,0,0.6225,51,13,7,0,0,10,0,0,19/20,B
Spohn,Valentin,NLB,Terzino Sinistro,24,176,94,82,90,4,0.5341,22,15,1,2,2,2,0,0,19/20,B
Saul,Alexander,EIS,Terzino Destro,22,156,92,64,85,7,0.5897,44,22,4,1,4,12,0,0,19/20,B
Schmidt,Patrick,WÖW,Centrale,23,168,90,78,60,30,0.5357,33,26,3,3,3,5,0,0,19/20,B
Jaeger,Max,COB,Ala Sinistra,23,120,89,31,89,0,0.7417,5,4,3,3,6,9,0,0,19/20,B
Sudmeier,Soren,ASV,Centrale,23,147,87,60,87,0,0.5918,28,23,1,3,2,2,0,0,19/20,B
Gress,Sebastian,ELB,Centrale,23,149,87,62,87,0,0.5839,65,20,5,2,1,1,0,0,19/20,B
Zechel,Tim,TUE,Pivot,24,102,87,15,87,0,0.8529000000000001,11,21,7,20,17,12,1,0,19/20,B
Gugisch,Nils,ELB,Ala Destra,21,134,84,50,76,8,0.6269,1,5,8,0,3,2,0,0,19/20,B
Stegefelt,Markus,TVH,Terzino Sinistro,20,160,84,76,54,30,0.525,30,16,3,2,4,4,0,0,19/20,B
Orlowski,Marian,NLB,Terzino Sinistro,23,145,83,62,73,10,0.5724,39,18,0,7,6,9,0,0,19/20,B
Wohler,Adrian,EIS,Ala Sinistra,22,109,83,26,42,41,0.7615000000000001,2,3,1,2,0,8,1,0,19/20,B
Schomig,Dominik,WÖW,Ala Sinistra,23,121,81,40,56,25,0.6694,4,14,8,0,3,3,0,0,19/20,B
Tissier,Leif,HSV,Centrale,24,117,81,36,81,0,0.6923,66,22,4,2,4,3,0,0,19/20,B
Weber,Patrick,FER,Terzino Sinistro,18,152,80,72,75,5,0.5263,19,7,3,1,1,1,0,0,19/20,B
Hermann,Alexander,GUM,Terzino Sinistro,18,142,80,62,80,0,0.5634,35,20,4,15,5,10,0,0,19/20,B
Lofstrom,Carl,DOR,Pivot,21,110,80,30,80,0,0.7273000000000001,4,13,7,6,10,20,2,0,19/20,B
Forstbauer,Jan,HSV,Terzino Destro,24,144,78,66,77,1,0.5417000000000001,45,27,0,1,6,10,0,0,19/20,B
Bergemann,Thies,HSV,Ala Destra,24,123,78,45,78,0,0.6341,10,6,4,0,2,6,0,0,19/20,B
Glabisch,Thees,VFL,Ala Sinistra,22,105,77,28,38,39,0.7333,4,2,4,0,1,2,0,0,19/20,B
Dierberg,Julius,ELB,Ala Sinistra,24,107,76,31,33,43,0.7103,11,5,7,0,2,6,0,0,19/20,B
Firnhaber,Lucas,TUE,Terzino Destro,24,155,76,79,76,0,0.4903,33,23,9,4,7,13,0,0,19/20,B
Brielmeier,Benedikt,WÖW,Terzino Sinistro,24,145,74,71,67,7,0.5103,35,23,0,1,11,8,0,0,19/20,B
Zetterman,Pontus,COB,Terzino Destro,23,128,73,55,73,0,0.5703,94,34,8,1,8,4,0,0,19/20,B
Mubenzem,Dieudonne,TVH,Terzino Destro,21,133,73,60,73,0,0.5489,23,20,5,2,1,3,0,0,19/20,B
Szczesny,Dennis,TUE,Terzino Sinistro,23,129,72,57,72,0,0.5581,52,23,9,30,6,18,1,0,19/20,B
Dahlhaus,Tim,SGB,Terzino Destro,24,115,72,43,72,0,0.6261,27,11,3,4,6,10,0,0,19/20,B
Bornemann,Andreas,FER,Terzino Destro,22,134,72,62,72,0,0.5373,29,17,3,2,9,10,1,1,19/20,B
Krings,Merten,ASV,Centrale,21,126,70,56,70,0,0.5556,46,19,2,0,5,7,0,0,19/20,B
Kraus,Michael,SGB,Terzino Sinistro,21,162,69,93,67,2,0.4259,42,28,1,0,0,2,0,0,19/20,B
Brosch,Jan,ASV,Pivot,24,88,69,19,69,0,0.7841,7,20,5,14,17,23,2,0,19/20,B
Blohme,Lukas,GUM,Ala Destra,24,94,68,26,56,12,0.7234,8,3,4,1,4,6,0,0,19/20,B
Schroder,Andreas,COB,Terzino Sinistro,22,125,67,58,66,1,0.536,37,19,10,8,12,5,0,0,19/20,B
Claus,Dominik,SGB,Terzino Destro,23,87,66,21,66,0,0.7585999999999999,33,15,1,4,1,4,1,0,19/20,B
Franke,Marten,ASV,Ala Destra,24,103,66,37,60,6,0.6408,11,10,5,0,5,4,0,0,19/20,B
Richter,Benjamin,DOR,Centrale,23,103,65,38,36,29,0.6311,22,20,5,1,0,0,0,0,19/20,B
Dumcius,Mindaugas,ELB,Terzino Destro,24,114,65,49,65,0,0.5702,39,20,4,0,5,5,1,0,19/20,B
Rentschler,Patrick,SGB,Pivot,24,83,64,19,64,0,0.7711,10,10,6,11,9,21,0,0,19/20,B
Pechstein,Marc,ELB,Terzino Sinistro,19,111,64,47,42,22,0.5766,31,22,4,6,6,10,0,0,19/20,B
Ellwanger,Jonas,TUE,Centrale,23,94,63,31,63,0,0.6701999999999999,49,25,15,8,4,11,0,0,19/20,B
Ciupinski,Simon,KRF,Centrale,24,136,63,73,62,1,0.4632,36,35,2,1,1,9,0,0,19/20,B
Wiederstein,Fabian,KON,Pivot,23,72,61,11,61,0,0.8472,14,13,4,11,14,23,1,0,19/20,B
Bruhn,Jasper,VFL,Terzino Destro,24,103,61,42,61,0,0.5922,21,25,5,5,14,7,0,0,19/20,B
Genz,Jo Gerrit,NLB,Terzino Destro,24,114,61,53,60,1,0.5351,22,14,4,3,8,7,0,0,19/20,B
Snajder,Ivan,EIS,Ala Sinistra,24,92,61,31,59,2,0.6629999999999999,10,3,3,0,6,17,1,0,19/20,B
Ebner,Dominik,NLB,Terzino Destro,21,107,60,47,60,0,0.5607,19,15,1,2,2,6,0,0,19/20,B
Meuser,Andre,DOR,Terzino Destro,19,103,60,43,60,0,0.5825,15,17,1,8,12,10,0,0,19/20,B
Wesseling,Sven,TVE,Terzino Sinistro,24,125,60,65,60,0,0.48,42,29,5,20,10,14,1,0,19/20,B
Kikanovic,Luka,EIS,Terzino Sinistro,24,128,60,68,60,0,0.4688,32,19,4,9,9,10,0,0,19/20,B
Von Boenigk,Jan,ASV,Terzino Destro,23,107,59,48,59,0,0.5514,23,14,12,5,4,4,0,0,19/20,B
Kaufmann,Steffen,WÖW,Terzino Destro,24,137,58,79,58,0,0.4234,74,21,3,2,4,6,0,0,19/20,B
Morante Maldonado,Eloy,DOR,Centrale,18,87,58,29,57,1,0.6667000000000001,32,16,4,0,0,5,0,0,19/20,B
Bechtloff,Jens,NLB,Ala Sinistra,24,83,57,26,40,17,0.6867,6,11,1,0,0,4,0,0,19/20,B
Lex,Stefan,ASV,Terzino Destro,24,117,57,60,57,0,0.4871999999999999,45,22,5,2,5,5,0,0,19/20,B
Klingler,Felix,TUE,Ala Destra,24,81,57,24,44,13,0.7037,3,5,7,0,1,2,0,0,19/20,B
Rompf,Christian,TVH,Ala Sinistra,24,95,56,39,56,0,0.5895,1,4,8,0,5,15,0,0,19/20,B
Bauer,Philipp,HSV,Centrale,18,103,56,47,56,0,0.5437,26,23,0,2,3,4,0,0,19/20,B
Ossenkopp,Lukas,HSV,Terzino Sinistro,24,104,56,48,47,9,0.5385,29,15,3,12,13,11,2,0,19/20,B
Muller,Justin,TUE,Centrale,24,99,55,44,55,0,0.5556,74,23,4,0,2,3,0,0,19/20,B
Roch,Kevin,AUE,Ala Sinistra,24,79,55,24,51,4,0.6962,11,4,5,22,14,15,0,0,19/20,B
Sauer,Julian,WÖW,Ala Destra,23,82,53,29,53,0,0.6463,3,6,3,0,4,5,1,0,19/20,B
Thummler,Jonas,ELB,Pivot,20,59,52,7,52,0,0.8814,3,7,1,1,5,10,1,0,19/20,B
Lumbroso,Yoav,EIS,Centrale,24,97,52,45,49,3,0.5361,43,24,2,0,0,1,1,0,19/20,B
Sterba,Jakub,DOR,Ala Destra,23,79,52,27,52,0,0.6581999999999999,7,11,9,0,5,9,0,0,19/20,B
De Santis,Gabriel,AUE,Terzino Destro,23,102,50,52,50,0,0.4902,22,21,2,4,10,10,1,0,19/20,B
Kretschmer,Finn,VFL,Ala Destra,23,84,49,35,49,0,0.5832999999999999,4,15,5,0,1,6,0,0,19/20,B
Michel,Mattis,FER,Pivot,24,58,48,10,37,11,0.8276,5,6,1,7,13,12,0,0,19/20,B
Koster,Julian,DOR,Terzino Sinistro,19,95,48,47,48,0,0.5053,51,16,11,5,2,8,0,0,19/20,B
Obranovic,Andrej,EIS,Terzino Sinistro,24,78,47,31,47,0,0.6026,32,9,0,3,4,15,2,0,19/20,B
Schulz,Michael,WÖW,Pivot,24,59,46,13,46,0,0.7797,6,14,7,13,16,33,2,0,19/20,B
Terhaer,Yannick,TVE,Ala Destra,17,74,46,28,46,0,0.6215999999999999,3,1,4,3,1,7,0,0,19/20,B
Juan Antonio Viciano Sario,,FER,Terzino Sinistro,19,93,46,47,46,0,0.4946,11,16,1,0,1,1,0,0,19/20,B
Toom,Karl,TVE,Terzino Sinistro,23,80,46,34,45,1,0.575,19,22,4,1,4,11,0,0,19/20,B
Cutura,Josip,KRF,Centrale,24,58,46,12,46,0,0.7931,5,28,3,2,7,15,1,0,19/20,B
Schiffmann,Henrik,KRF,Terzino Destro,19,86,45,41,40,5,0.5233,19,7,6,1,6,4,0,0,19/20,B
Papadopoulos,Vyron,ASV,Ala Sinistra,18,67,44,23,33,11,0.6567000000000001,4,2,2,0,0,1,0,0,19/20,B
Becvar,Roman,NLB,Centrale,22,74,44,30,44,0,0.5946,23,29,1,0,5,4,0,0,19/20,B
Schrader,Janik,VFL,Terzino Destro,23,84,44,40,21,23,0.5238,29,16,1,0,3,4,0,0,19/20,B
Zeman,Stepan,COB,Pivot,20,54,44,10,44,0,0.8148000000000001,3,10,1,25,11,15,0,0,19/20,B
Schliedermann,Marcel,TVE,Centrale,23,68,43,25,43,0,0.6324000000000001,20,20,6,4,7,17,2,0,19/20,B
Beckmann,Fynn,KON,Terzino Destro,24,68,43,25,43,0,0.6324000000000001,16,17,2,4,8,4,0,0,19/20,B
Schult,Jan,VFL,Terzino Sinistro,21,89,43,46,43,0,0.4831,21,10,1,2,4,3,0,0,19/20,B
Maier-Hasselmann,Fabian,KON,Ala Destra,24,65,43,22,35,8,0.6615000000000001,3,4,0,0,0,1,0,0,19/20,B
Gentges,Tim,KRF,Centrale,24,108,43,65,43,0,0.3981,22,29,2,2,2,4,0,0,19/20,B
Faulenbach,Jonas,FER,Terzino Sinistro,22,78,43,35,43,0,0.5513,32,12,1,3,0,1,1,0,19/20,B
Gertges,Jonas,HSV,Ala Sinistra,24,66,43,23,36,7,0.6515000000000001,1,4,3,1,2,2,0,0,19/20,B
Stuber,Jonas,GUM,Pivot,24,52,43,9,43,0,0.8269,0,4,0,0,0,1,0,0,19/20,B
Sklenak,Tomas,TVH,Centrale,24,72,42,30,42,0,0.5832999999999999,36,22,4,0,1,3,0,0,19/20,B
Hansen,Markus,VFL,Centrale,18,73,42,31,41,1,0.5753,31,19,9,8,4,7,0,0,19/20,B
Schlaich,Fabian,KON,Ala Sinistra,22,61,42,19,40,2,0.6884999999999999,15,4,2,1,3,5,0,0,19/20,B
Becker,Alexander,GUM,Pivot,24,58,41,17,39,2,0.7069,7,12,10,23,15,23,3,0,19/20,B
Zorb,Moritz,TVH,Pivot,23,54,41,13,41,0,0.7593000000000001,2,9,6,9,12,9,1,0,19/20,B
Milde,Oliver,ASV,Terzino Sinistro,21,86,41,45,41,0,0.4767,18,7,0,0,0,1,0,0,19/20,B
Schneider,Julian,FER,Centrale,23,67,41,26,39,2,0.6119,13,10,9,3,9,19,1,0,19/20,B
Siegler,Lukas,WÖW,Terzino Sinistro,23,73,41,32,41,0,0.5616,10,12,6,6,7,14,0,0,19/20,B
Hubscher,Robin,TVH,Ala Sinistra,24,62,41,21,21,20,0.6613,2,6,3,1,0,3,0,0,19/20,B
Schroter,Tobias,GUM,Ala Destra,24,61,40,21,35,5,0.6557,9,6,9,1,0,4,0,0,19/20,B
Brykner,Ladislav,AUE,Terzino Destro,16,70,39,31,39,0,0.5571,17,18,3,1,5,10,0,0,19/20,B
Buschmann,Arseniy,ELB,Centrale,24,61,39,22,39,0,0.6393,30,26,5,6,6,2,0,0,19/20,B
Ebert,Pascal,AUE,Ala Sinistra,24,59,38,21,37,1,0.6441,2,7,10,0,3,2,0,0,19/20,B
Schreiber,Hendrik,TVH,Terzino Sinistro,17,62,38,24,38,0,0.6129,14,10,2,2,7,6,0,0,19/20,B
Pulay,Gabor,ELB,Terzino Destro,20,55,38,17,25,13,0.6909000000000001,11,4,0,0,0,0,0,0,19/20,B
Akakpo,David Cyrill,TUE,Ala Destra,24,66,37,29,37,0,0.5606,1,5,3,0,1,10,0,0,19/20,B
Kohler,Steffen,VFL,Pivot,23,50,36,14,36,0,0.72,3,11,8,5,10,7,0,0,19/20,B
Runarsson,Sigtryggur Dadi,VFL,Centrale,21,74,36,38,35,1,0.4865,15,9,4,0,0,1,0,0,19/20,B
Roosna,Karl,KRF,Terzino Destro,22,65,36,29,35,1,0.5538000000000001,1,9,7,0,3,4,0,0,19/20,B
Fuss,Merlin,TVH,Terzino Destro,24,67,36,31,36,0,0.5373,10,10,8,6,7,12,0,0,19/20,B
Schulz,Mike,KRF,Ala Destra,21,56,35,21,26,9,0.625,2,6,4,1,2,1,0,0,19/20,B
Wucherpfennig,Lukas,COB,Ala Destra,23,41,35,6,14,21,0.8537,0,1,1,0,0,1,0,0,19/20,B
Bornhauser,Tim,KON,Centrale,18,73,35,38,35,0,0.4795,33,10,2,0,1,4,0,0,19/20,B
Huter,Patrick,DOR,Pivot,23,44,35,9,35,0,0.7955,10,7,4,13,12,21,1,0,19/20,B
Braun,Joschua,KON,Terzino Destro,15,61,35,26,25,10,0.5738,9,16,0,0,5,2,0,0,19/20,B
Fischer,Jonathan,SGB,Pivot,21,44,35,9,35,0,0.7955,1,5,3,4,3,10,0,0,19/20,B
Raguse,Mex,VFL,Terzino Sinistro,14,75,35,40,35,0,0.4667,22,9,3,1,2,4,0,0,19/20,B
Herth,Benjamin,WÖW,Centrale,24,72,34,38,29,5,0.4722,5,7,0,0,1,4,0,0,19/20,B
Weyhrauch,Willy,EIS,Ala Destra,21,52,34,18,32,2,0.6537999999999999,4,4,6,0,0,1,2,0,19/20,B
Neuhold,Christoph,COB,Centrale,21,72,34,38,34,0,0.4722,30,14,0,2,1,1,0,0,19/20,B
Rudiger,Tim,FER,Ala Destra,20,53,34,19,34,0,0.6415000000000001,2,2,1,0,0,0,0,0,19/20,B
Schongarth,Jens,HSV,Terzino Destro,11,72,33,39,33,0,0.4583,14,10,1,1,2,6,0,0,19/20,B
Wendel,Samuel,KON,Ala Sinistra,24,50,33,17,33,0,0.66,1,2,5,0,3,3,0,0,19/20,B
Gonschor,Fynn,VFL,Ala Sinistra,24,42,32,10,31,1,0.7619,0,3,4,0,0,1,0,0,19/20,B
Asmuth,Jan,SGB,Ala Sinistra,24,50,31,19,31,0,0.62,7,4,3,5,12,23,1,0,19/20,B
Weck,Alexander,GUM,Terzino Sinistro,10,65,31,34,31,0,0.4769,24,3,1,3,1,2,0,0,19/20,B
Herzig,Fynn,GUM,Terzino Sinistro,23,61,31,30,31,0,0.5082,16,13,1,0,1,3,0,0,19/20,B
Speckmann,Jan-Eric,NLB,Ala Sinistra,24,41,31,10,24,7,0.7561,0,1,1,1,2,5,0,0,19/20,B
Marcec,Martin,SGB,Ala Sinistra,16,44,30,14,23,7,0.6818000000000001,5,4,4,0,0,2,0,0,19/20,B
Kress,Soren,TVE,Centrale,23,56,30,26,28,2,0.5357,15,12,2,1,5,5,0,0,19/20,B
Gempp,Patrick,WÖW,Pivot,23,40,29,11,29,0,0.725,7,16,4,9,8,3,0,0,19/20,B
Vanco,Marek,ELB,Ala Sinistra,24,45,29,16,29,0,0.6444,6,6,3,0,1,3,0,0,19/20,B
Huter,Ian,DOR,Centrale,13,51,29,22,29,0,0.5686,27,24,15,1,4,4,0,0,19/20,B
Kasal,Michal,ELB,Terzino Sinistro,23,66,29,37,29,0,0.4393999999999999,12,9,1,3,5,5,1,0,19/20,B
Racic,Marko,EIS,Pivot,23,46,29,17,29,0,0.6304,6,14,2,9,12,22,3,0,19/20,B
Hild,Matthias,KON,Terzino Destro,24,51,29,22,29,0,0.5686,1,4,2,0,4,3,0,0,19/20,B
Quade,Henning,ELB,Pivot,23,32,28,4,28,0,0.875,5,2,1,3,3,14,1,0,19/20,B
Drager,Yannick,TVE,Pivot,16,45,28,17,28,0,0.6222,6,11,3,15,7,20,2,0,19/20,B
Wicklein,Jan,FER,Ala Destra,21,47,28,19,28,0,0.5957,3,4,0,1,0,3,0,0,19/20,B
Jurdzs,Aivis,TVE,Terzino Sinistro,6,51,27,24,27,0,0.5294,15,5,0,8,1,5,0,0,19/20,B
Lambrecht,Moritz,TVH,Pivot,24,42,27,15,27,0,0.6429,13,4,9,6,14,19,0,0,19/20,B
Roth,Felix,AUE,Ala Destra,21,43,27,16,27,0,0.6279,0,3,2,0,2,3,1,0,19/20,B
Rink,Thomas,FER,Pivot,23,42,27,15,27,0,0.6429,3,8,1,6,14,11,1,0,19/20,B
Luciano,Dominic,KRF,Pivot,24,48,27,21,27,0,0.5625,1,20,2,4,6,8,0,0,19/20,B
Slachta,Petr,AUE,Pivot,24,29,26,3,26,0,0.8966,10,4,5,25,4,9,0,0,19/20,B
Murkoster,Justin,EIS,Pivot,22,34,25,9,25,0,0.7353000000000001,2,3,3,2,6,11,0,0,19/20,B
Schneider,Lucas,FER,Terzino Destro,19,43,25,18,25,0,0.5814,14,13,3,2,3,7,0,0,19/20,B
Villgrattner,Luis,GUM,Centrale,23,36,25,11,23,2,0.6944,10,7,1,2,2,1,0,0,19/20,B
Ulshofer,Jonas,EIS,Centrale,23,40,25,15,25,0,0.625,10,8,1,0,0,0,0,0,19/20,B
Wostmann,Dorian,KRF,Ala Sinistra,22,41,24,17,24,0,0.5854,2,4,5,1,2,5,0,0,19/20,B
Dayan,Yonatan,GUM,Centrale,24,32,24,8,24,0,0.75,18,12,0,0,2,3,0,0,19/20,B
Versteijnen,Niels Gerardus,VFL,Terzino Destro,6,47,23,24,17,6,0.4894,9,6,0,1,0,2,0,0,19/20,B
Naumann,Sebastian,AUE,Ala Destra,22,47,22,25,22,0,0.4681,3,4,2,0,2,3,1,0,19/20,B
Bohm,Lukas,WÖW,Terzino Destro,24,46,22,24,22,0,0.4783,8,10,0,3,4,2,0,0,19/20,B
Schwabe,Jakob,ASV,Pivot,18,30,21,9,21,0,0.7,2,4,1,7,2,8,0,0,19/20,B
Claasen,Tim,VFL,Centrale,23,35,21,14,21,0,0.6,14,12,0,0,0,1,0,0,19/20,B
Timm,Marcel,COB,Pivot,18,30,21,9,21,0,0.7,11,18,2,11,8,13,0,0,19/20,B
Walczak,Patryk,NLB,Pivot,21,28,21,7,21,0,0.75,7,8,1,3,8,21,3,0,19/20,B
Ranke,Fynn,VFL,Pivot,19,30,20,10,20,0,0.6667000000000001,1,12,1,6,8,8,1,0,19/20,B
Ridder,Carsten,TUE,Terzino Sinistro,20,36,20,16,20,0,0.5556,30,10,1,3,13,8,0,0,19/20,B
Noll,Pascal,DOR,Ala Sinistra,14,29,20,9,20,0,0.6897,2,1,0,0,0,4,0,0,19/20,B
Axmann,Dominik,HSV,Terzino Sinistro,14,28,20,8,19,1,0.7143,9,2,2,1,1,3,0,0,19/20,B
Urios Gonzales,Rolando,TUE,Pivot,24,26,20,6,20,0,0.7692,6,7,1,2,5,15,1,0,19/20,B
Weber,Sebastian,COB,Pivot,21,27,19,8,19,0,0.7037,2,1,3,1,4,2,0,0,19/20,B
Hoffmann,Robin,ELB,Ala Destra,23,34,19,15,19,0,0.5588000000000001,0,7,0,0,2,9,0,0,19/20,B
Klein,Johannes,TVH,Terzino Sinistro,23,35,19,16,19,0,0.5428999999999999,12,7,2,0,5,7,0,0,19/20,B
Kolk,Paul,TVE,Ala Sinistra,24,39,19,20,19,0,0.4871999999999999,1,6,4,0,1,5,0,0,19/20,B
Neitsch,Magnus,FER,Ala Sinistra,19,30,19,11,19,0,0.6333,2,1,0,0,0,4,0,0,19/20,B
Stotz,Michel,KON,Pivot,24,23,19,4,19,0,0.8261,0,6,0,2,3,5,0,0,19/20,B
Jungemann,Philip,ELB,Pivot,24,26,18,8,18,0,0.6923,5,5,4,12,13,19,0,0,19/20,B
Spross,Felix,COB,Ala Sinistra,22,34,17,17,17,0,0.5,15,13,0,0,0,0,0,0,19/20,B
Schimmelbauer,Tobias,HSV,Ala Sinistra,15,31,17,14,17,0,0.5484,5,3,5,5,10,9,0,0,19/20,B
Bagaric,Marko,NLB,Terzino Sinistro,22,28,17,11,17,0,0.6071,15,9,1,24,11,19,1,0,19/20,B
Schade,Moritz,NLB,Pivot,24,25,16,9,16,0,0.64,6,4,1,13,10,15,2,0,19/20,B
Stavast,Ivar,ASV,Centrale,18,35,16,19,15,1,0.4571,20,13,1,0,0,3,0,0,19/20,B
Vonnahme,Jonas,KRF,Terzino Sinistro,24,35,15,20,15,0,0.4286,11,8,1,5,7,19,0,0,19/20,B
Basic,Marijan,FER,Centrale,17,35,15,20,15,0,0.4286,19,21,3,0,1,1,0,0,19/20,B
Genda,Pawel,VFL,Terzino Sinistro,7,26,15,11,15,0,0.5769,3,5,4,1,2,2,0,0,19/20,B
Kretschmer,Nils Holger,ELB,Terzino Sinistro,7,26,14,12,9,5,0.5385,3,2,2,1,2,7,1,0,19/20,B
Kruger,Felix,KON,Terzino Destro,19,30,14,16,14,0,0.4667,2,5,2,1,0,6,0,0,19/20,B
Jaeger,Felix,KRF,Terzino Sinistro,11,30,14,16,14,0,0.4667,3,9,1,2,1,2,0,0,19/20,B
Ronningen,Vetle,SGB,Terzino Sinistro,24,32,14,18,14,0,0.4375,2,8,3,9,12,15,1,0,19/20,B
Baumgartner,Florian,GUM,Terzino Destro,10,27,13,14,13,0,0.4815,10,8,0,6,0,2,0,0,19/20,B
Mojzis,Jan,TVE,Pivot,17,23,13,10,12,1,0.5652,1,7,4,2,5,10,3,0,19/20,B
Pretzewofsky,Jan,ASV,Ala Destra,24,17,12,5,12,0,0.7059000000000001,2,1,1,0,0,1,0,0,19/20,B
Gierak,Lukasz,NLB,Centrale,22,26,12,14,12,0,0.4614999999999999,9,8,1,3,8,5,0,0,19/20,B
Skorupa,Paul,KRF,Pivot,4,13,12,1,12,0,0.9231,0,0,0,0,3,3,0,0,19/20,B
Doll,Jan,SGB,Ala Destra,10,21,11,10,10,1,0.5238,1,0,0,0,0,2,0,0,19/20,B
Vlahovic,Nikola,SGB,Terzino Sinistro,17,25,11,14,11,0,0.44,10,6,3,3,2,8,0,0,19/20,B
Moller,Marcel,VFL,Pivot,21,18,11,7,11,0,0.6111,0,3,0,0,0,0,0,0,19/20,B
Trost,Max,SGB,Terzino Sinistro,10,25,11,14,11,0,0.44,3,0,1,2,3,5,0,0,19/20,B
Waschul,Martin,VFL,Centrale,22,19,10,9,10,0,0.5263,11,9,12,17,13,21,3,0,19/20,B
Keupp,Tim,KON,Terzino Sinistro,23,29,10,19,10,0,0.3448,4,5,0,0,2,1,0,0,19/20,B
Schoneseiffen,Sebastian,KRF,Centrale,6,19,10,9,2,8,0.5263,1,4,1,0,0,0,0,0,19/20,B
Lux,Kevin,AUE,Pivot,11,13,10,3,10,0,0.7692,0,2,2,2,8,6,1,0,19/20,B
Dangers,Markus,KON,Pivot,4,14,10,4,10,0,0.7143,2,2,1,0,0,1,0,0,19/20,B
Backs,Fin,WÖW,Ala Sinistra,23,16,10,6,10,0,0.625,1,2,2,0,0,3,0,0,19/20,B
Vogt,Dominik,HSV,Pivot,15,13,10,3,10,0,0.7692,0,7,0,4,5,7,0,0,19/20,B
Smits,Jorn,TVE,Terzino Sinistro,11,14,10,4,10,0,0.7143,1,4,1,1,0,4,0,0,19/20,B
Schalles,Maxim,TVE,Ala Destra,9,20,10,10,10,0,0.5,0,1,6,0,0,2,0,0,19/20,B
Damm,Julian,TVE,Pivot,22,20,10,10,10,0,0.5,1,4,2,0,0,3,1,0,19/20,B
Hahn,Tobias,TVH,Ala Destra,14,17,9,8,8,1,0.5294,1,1,2,0,1,2,0,0,19/20,B
Hansen,David,KRF,Terzino Sinistro,8,23,9,14,9,0,0.3913,2,2,0,0,0,1,0,0,19/20,B
Haller,Robin,GUM,Terzino Sinistro,13,25,9,16,9,0,0.36,8,8,0,1,0,0,0,0,19/20,B
Kelm,Dominic,COB,Pivot,7,9,9,0,9,0,1.0,0,0,0,0,0,1,0,0,19/20,B
Richardt,Jonas,EIS,Terzino Destro,18,13,9,4,9,0,0.6923,4,2,1,1,0,2,0,0,19/20,B
Schroeder,Julius,AUE,Centrale,21,18,9,9,9,0,0.5,4,15,1,0,0,2,1,0,19/20,B
Meinhardt,Malte,GUM,Ala Sinistra,19,13,9,4,8,1,0.6923,1,1,1,0,0,0,0,0,19/20,B
Kontrec,Tin,GUM,Pivot,24,14,8,6,8,0,0.5714,4,6,5,12,16,20,1,0,19/20,B
Potisk,Martin,EIS,Centrale,21,18,8,10,8,0,0.4443999999999999,11,8,1,0,0,2,0,0,19/20,B
Emanuel,Oskar,ELB,Terzino Destro,8,11,8,3,8,0,0.7273000000000001,5,3,0,0,0,0,0,0,19/20,B
Czako,Aron,KON,Ala Sinistra,20,11,8,3,8,0,0.7273000000000001,0,3,0,0,0,0,0,0,19/20,B
Kleineidam,Jan,HSV,Centrale,10,13,7,6,7,0,0.5385,4,6,0,0,0,1,0,0,19/20,B
Knauer,Jakob,COB,Terzino Destro,9,15,7,8,7,0,0.4667,4,5,0,1,1,1,0,0,19/20,B
Mundus,Marvin,NLB,Centrale,20,11,7,4,5,2,0.6364,2,0,0,0,0,0,0,0,19/20,B
Mrozowicz,Przemyslaw,VFL,Terzino Sinistro,6,16,7,9,7,0,0.4375,4,2,0,0,2,2,0,0,19/20,B
Fuchs,Markus,ASV,Terzino Sinistro,24,12,6,6,6,0,0.5,13,2,7,21,16,19,1,0,19/20,B
Lilienfelds,Girts,COB,Terzino Destro,13,8,6,2,6,0,0.75,7,5,0,0,0,1,0,0,19/20,B
Barwitzki,Moritz,FER,Ala Sinistra,11,10,6,4,6,0,0.6,0,1,0,0,0,0,0,0,19/20,B
Urban,Tomas,TVE,Ala Destra,4,8,6,2,6,0,0.75,3,2,1,0,0,0,0,0,19/20,B
Rebelo,Nuno,DOR,Terzino Destro,14,11,6,5,6,0,0.5455,0,1,0,0,0,2,0,0,19/20,B
Miljak,Duje,EIS,Terzino Destro,24,9,5,4,5,0,0.5556,16,5,14,6,16,27,1,0,19/20,B
Muller,Jonas,FER,Terzino Sinistro,11,20,5,15,5,0,0.25,0,0,0,0,1,2,0,0,19/20,B
Emanuel,Max,SGB,Terzino Destro,14,8,5,3,5,0,0.625,2,2,0,1,1,1,1,0,19/20,B
Karle,Felix,WÖW,Ala Destra,24,10,5,5,5,0,0.5,0,1,1,0,0,0,0,0,19/20,B
Tuminskis,Austris,AUE,Terzino Sinistro,16,7,5,2,5,0,0.7143,2,1,0,0,1,0,0,0,19/20,B
Gorgen,Moritz,DOR,Ala Destra,5,6,5,1,5,0,0.8332999999999999,1,0,0,0,1,0,0,0,19/20,B
Eberlein,Sven,KRF,Terzino Sinistro,6,26,5,21,5,0,0.1923,8,2,0,0,4,6,0,0,19/20,B
Ohler,Max,SGB,Ala Sinistra,23,9,5,4,5,0,0.5556,3,5,2,0,0,2,0,0,19/20,B
Fick,Pelle Leo,HSV,Ala Destra,22,11,5,6,5,0,0.4545,0,1,1,0,1,0,0,0,19/20,B
Fernandes,Mario,TVH,Pivot,11,7,4,3,4,0,0.5714,2,0,0,1,1,4,0,0,19/20,B
Fuchs,Marius,HSV,Pivot,22,5,4,1,4,0,0.8,1,0,0,0,0,0,0,0,19/20,B
Oehler,Michael,ASV,Terzino Sinistro,4,5,4,1,4,0,0.8,1,2,0,0,0,3,0,0,19/20,B
Faith,Jan,AUE,Ala Destra,2,8,4,4,4,0,0.5,1,0,1,0,0,1,0,0,19/20,B
Paraschiv,Sebastian,AUE,Centrale,9,7,4,3,4,0,0.5714,8,1,2,0,0,0,0,0,19/20,B
Schneider,Nico,AUE,Terzino Sinistro,10,10,4,6,4,0,0.4,2,3,1,0,2,1,0,0,19/20,B
Braun,Nick,DOR,Ala Sinistra,18,5,4,1,4,0,0.8,0,0,0,0,0,0,0,0,19/20,B
Lackovic,Blazenko,HSV,Terzino Sinistro,20,4,3,1,3,0,0.75,4,2,0,3,4,5,0,0,19/20,B
Klockmann,Dennis,VFL,Portiere,24,5,3,2,3,0,0.6,1,1,0,0,0,0,0,0,19/20,B
Koloper,Branimir,FER,Pivot,21,4,3,1,3,0,0.75,8,0,4,9,11,27,4,0,19/20,B
Boschen,Nils,SGB,Pivot,23,4,3,1,3,0,0.75,0,1,0,2,1,4,0,0,19/20,B
Madert,Konstantin,TVE,Portiere,24,3,3,0,3,0,1.0,9,0,0,0,0,0,0,0,19/20,B
Wieser,Andreas,WÖW,Portiere,24,3,3,0,3,0,1.0,2,0,0,0,0,0,0,0,19/20,B
Voncina,Blaz,EIS,Portiere,22,3,3,0,3,0,1.0,8,0,0,0,0,1,0,0,19/20,B
Maier,Jonas,HSV,Portiere,24,3,2,1,2,0,0.6667000000000001,8,0,0,0,0,0,0,0,19/20,B
Kropp,Andre,ASV,Pivot,6,3,2,1,2,0,0.6667000000000001,1,1,0,2,0,3,0,0,19/20,B
Mallwitz,Marino,VFL,Portiere,24,2,2,0,2,0,1.0,1,0,0,0,0,0,0,0,19/20,B
Seidel,Malte,TUE,Terzino Sinistro,14,4,2,2,2,0,0.5,2,0,3,2,3,1,0,0,19/20,B
Iffert,Hannes,EIS,Pivot,10,3,2,1,2,0,0.6667000000000001,0,0,0,1,0,2,0,0,19/20,B
Boieck,Janis,DOR,Portiere,16,4,2,2,2,0,0.5,2,1,0,0,0,0,0,0,19/20,B
Meyer,Philipp,WÖW,Pivot,14,8,2,6,2,0,0.25,2,0,4,8,5,13,0,0,19/20,B
Schauer,Franz,AUE,Terzino Sinistro,6,6,2,4,2,0,0.3333,0,1,0,1,1,2,1,0,19/20,B
Busch,Pierre,GUM,Ala Destra,15,2,2,0,2,0,1.0,5,4,0,0,0,1,0,0,19/20,B
Janus,Damian,KRF,Pivot,18,3,2,1,2,0,0.6667000000000001,2,3,4,8,6,22,3,0,19/20,B
Cornelius,Nico,ELB,Ala Sinistra,2,4,2,2,2,0,0.5,0,1,0,0,0,0,0,0,19/20,B
Urban,Mario,SGB,Ala Destra,7,4,2,2,2,0,0.5,0,0,0,0,0,0,0,0,19/20,B
Suljakovic,Anadin,AUE,Portiere,3,2,2,0,2,0,1.0,0,0,0,0,0,0,0,0,19/20,B
Laurenz Kluth,,TUE,Centrale,12,5,2,3,2,0,0.4,0,1,0,0,0,0,0,0,19/20,B
Kaage,Jan-Erik,HSV,Terzino Sinistro,3,2,2,0,2,0,1.0,0,0,0,0,0,1,0,0,19/20,B
Mauch,Joel,KON,Centrale,1,3,2,1,0,2,0.6667000000000001,0,0,0,0,0,0,0,0,19/20,B
Puhl,Lucas,FER,Portiere,15,1,1,0,1,0,1.0,2,0,0,0,0,0,0,0,19/20,B
Huhnstock,Mario,ELB,Portiere,24,4,1,3,1,0,0.25,6,1,0,0,0,0,0,0,19/20,B
Poltrum,Konstantin,COB,Portiere,23,1,1,0,1,0,1.0,3,0,0,0,0,0,0,0,19/20,B
Muller,Jurgen,SGB,Portiere,23,1,1,0,1,0,1.0,4,0,0,0,0,0,0,0,19/20,B
Bartmann,Sven,DOR,Portiere,23,3,1,2,1,0,0.3333,10,0,0,0,0,0,0,0,19/20,B
Brustmann,Max,WÖW,Portiere,24,3,1,2,1,0,0.3333,7,1,0,0,0,0,0,0,19/20,B
Hottgenroth,Tim,FER,Portiere,20,1,1,0,1,0,1.0,1,0,0,0,0,0,0,0,19/20,B
Topfer,Erik,AUE,Portiere,17,2,1,1,1,0,0.5,1,3,0,0,0,0,1,0,19/20,B
Edvardsson,Aron Rafn,HSV,Portiere,23,3,1,2,1,0,0.3333,7,1,1,0,0,1,0,0,19/20,B
Tatai,Peter,NLB,Portiere,24,2,1,1,1,0,0.5,14,1,1,0,3,0,0,0,19/20,B
Hassferter,Michael,KON,Portiere,24,2,1,1,1,0,0.5,9,0,0,0,0,1,0,0,19/20,B
Thomas,Heider,DOR,Terzino Sinistro,15,1,1,0,1,0,1.0,6,1,1,4,4,5,0,0,19/20,B
Spiekermann,David Mirko,ASV,Terzino Sinistro,6,2,1,1,1,0,0.5,0,0,0,0,0,0,0,0,19/20,B
Rasimas,Vilius,AUE,Portiere,24,1,1,0,1,0,1.0,1,0,0,0,0,0,0,0,19/20,B
Weischer,Tim,TVE,Ala Sinistra,22,2,1,1,1,0,0.5,0,1,0,1,0,2,0,0,19/20,B
Jepsen,Johannes,NLB,Portiere,21,2,1,1,1,0,0.5,1,0,1,0,0,0,0,0,19/20,B
Stammer,Frederik,KRF,Portiere,12,2,1,1,1,0,0.5,3,0,0,0,0,1,0,0,19/20,B
Gores,Tom,ELB,Portiere,22,1,1,0,1,0,1.0,1,2,0,0,0,0,0,0,19/20,B
Rubino Fernandez,Alex,ASV,Ala Sinistra,10,2,1,1,1,0,0.5,0,0,0,0,0,0,0,0,19/20,B
Lewandowski,Luca,TUE,Ala Sinistra,5,3,1,2,1,0,0.3333,0,0,0,0,0,0,0,0,19/20,B
Jockel,Patrick,TVH,Pivot,2,2,1,1,1,0,0.5,0,0,0,0,0,0,0,0,19/20,B
Weber,Nikolai,TVH,Portiere,22,0,0,0,0,0,0.0,2,2,0,0,0,0,0,0,19/20,B
Puhle,Matthias,GUM,Portiere,22,0,0,0,0,0,0.0,8,1,0,0,0,0,0,0,19/20,B
Kulhanek,Jan,COB,Portiere,23,0,0,0,0,0,0.0,9,1,0,0,0,0,0,0,19/20,B
Bliss,Sebastian,TUE,Portiere,23,0,0,0,0,0,0.0,4,1,0,0,0,0,0,0,19/20,B
Gorobtschuk,Stanislaw,EIS,Portiere,7,0,0,0,0,0,0.0,0,0,0,0,0,0,0,0,19/20,B
Hertlein,Felix,ASV,Portiere,24,0,0,0,0,0,0.0,4,1,0,0,0,0,0,0,19/20,B
Plaue,Dominik,TVH,Portiere,20,0,0,0,0,0,0.0,0,0,0,0,0,0,0,0,19/20,B
Wolf,Maximilian,KON,Portiere,19,0,0,0,0,0,0.0,1,0,0,0,0,0,0,0,19/20,B
Lange,Carsten,FER,Terzino Destro,1,0,0,0,0,0,0.0,0,0,0,0,0,0,0,0,19/20,B
Nippes,Stefan,KRF,Portiere,3,0,0,0,0,0,0.0,0,0,0,0,0,0,0,0,19/20,B
Boese,Rene,ELB,Ala Destra,1,0,0,0,0,0,0.0,0,0,0,0,0,0,0,0,19/20,B
Keutmann,Paul,KRF,Portiere,8,0,0,0,0,0,0.0,0,1,0,0,0,0,0,0,19/20,B
Zimmermann,Max,KRF,Ala Sinistra,1,0,0,0,0,0,0.0,0,0,0,0,0,0,0,0,19/20,B
Musil,Radek,AUE,Portiere,17,0,0,0,0,0,0.0,0,0,0,0,0,0,0,0,19/20,B
Krechel,Oliver,ASV,Portiere,24,0,0,0,0,0,0.0,0,0,0,0,0,0,0,0,19/20,B
Paske,Maurice,TVE,Portiere,24,0,0,0,0,0,0.0,3,0,0,0,0,0,0,0,19/20,B
Genz,Fredrik,TUE,Portiere,23,0,0,0,0,0,0.0,6,0,0,0,1,0,0,0,19/20,B
Toth,Norman,KRF,Portiere,24,0,0,0,0,0,0.0,2,0,0,0,1,1,0,0,19/20,B
Potic,Nikola,VFL,Terzino Destro,5,0,0,0,0,0,0.0,0,2,0,0,0,0,0,0,19/20,B
Toelke,Simon,KON,Portiere,21,0,0,0,0,0,0.0,1,0,0,0,0,0,0,0,19/20,B
Schneider,Florian,FER,Terzino Destro,3,0,0,0,0,0,0.0,0,0,0,0,0,0,0,0,19/20,B
Apfel,Fabian,COB,Portiere,3,0,0,0,0,0,0.0,0,0,0,0,0,0,0,0,19/20,B
Van den Beucken,Mark,HSV,Portiere,15,0,0,0,0,0,0.0,0,0,0,0,0,0,0,0,19/20,B
Halfmann,Hendrik,DOR,Portiere,8,0,0,0,0,0,0.0,0,0,0,0,0,0,0,0,19/20,B
Hasenforther,Lasse,GUM,Portiere,2,0,0,0,0,0,0.0,0,0,0,0,0,0,0,0,19/20,B
Franke,Luis,WÖW,Terzino Sinistro,1,0,0,0,0,0,0.0,0,0,0,0,0,0,0,0,19/20,B
Wullenweber,Finn,HSV,Terzino Sinistro,1,0,0,0,0,0,0.0,0,1,0,0,0,0,0,0,19/20,B
Kokoszka,Marcel,HSV,Portiere,20,0,0,0,0,0,0.0,1,0,0,0,0,0,0,0,19/20,B
Dahmen,Cornelius,DOR,Portiere,3,0,0,0,0,0,0.0,0,0,0,0,0,0,0,0,19/20,B
Urban,Lukas,SGB,Terzino Sinistro,6,0,0,0,0,0,0.0,0,0,0,0,0,0,0,0,19/20,B
Ivic,Filip,GUM,Portiere,24,0,0,0,0,0,0.0,3,0,0,0,0,0,0,0,19/20,B
Mohs,Max,ELB,Portiere,6,0,0,0,0,0,0.0,0,0,0,0,0,0,0,0,19/20,B
Michel,Linus,FER,Centrale,5,0,0,0,0,0,0.0,0,0,0,0,0,0,0,0,19/20,B
Borchert,Julian,TUE,Portiere,2,0,0,0,0,0,0.0,0,0,0,0,0,0,0,0,19/20,B
Ingenpass,Niklas,TUE,Pivot,3,0,0,0,0,0,0.0,0,0,0,0,0,0,0,0,19/20,B
Grzesinski,Mats,NLB,Portiere,4,0,0,0,0,0,0.0,0,0,0,0,0,0,0,0,19/20,B
Bohne,Simon,TVH,Portiere,10,0,0,0,0,0,0.0,0,0,0,0,0,0,0,0,19/20,B
Alaj,Armend,EIS,Ala Destra,7,0,0,0,0,0,0.0,0,0,0,0,0,0,0,0,19/20,B
Roth,Niklas,TVH,Terzino Sinistro,1,0,0,0,0,0,0.0,0,0,0,0,0,0,0,0,19/20,B
Belter,Simon,TVH,Ala Destra,8,0,0,0,0,0,0.0,0,0,0,0,0,0,0,0,19/20,B
Preller,Max,COB,Ala Sinistra,5,0,0,0,0,0,0.0,0,0,0,0,0,0,0,0,19/20,B
Uth,Till Bastian,TVH,Pivot,5,0,0,0,0,0,0.0,0,0,0,0,0,0,0,0,19/20,B
Dreyer,Paul,KRF,Portiere,5,0,0,0,0,0,0.0,0,1,0,0,0,0,0,0,19/20,B
Kiesler,Tom,GUM,Terzino Sinistro,3,0,0,0,0,0,0.0,0,0,0,0,0,0,0,0,19/20,B
Reimer,Jan,DOR,Ala Destra,10,0,0,0,0,0,0.0,0,0,1,0,0,1,0,0,19/20,B
Mircic,Matija,DOR,Centrale,3,0,0,0,0,0,0.0,0,0,0,0,0,0,0,0,19/20,B
Perey,Oliver,GUM,Pivot,1,0,0,0,0,0,0.0,0,0,0,0,0,0,0,0,19/20,B
Noack,Marius,EIS,Portiere,6,0,0,0,0,0,0.0,0,0,0,0,0,0,0,0,19/20,B
Karic,Denis,EIS,Portiere,15,0,0,0,0,0,0.0,1,1,0,0,1,0,0,0,19/20,B
Durica,Marin,FER,Portiere,22,0,0,0,0,0,0.0,0,0,0,0,0,0,0,0,19/20,B
Lucke,Ole,TVE,Portiere,9,0,0,0,0,0,0.0,0,0,0,0,0,0,0,0,19/20,B
Kozubik,Vojta,AUE,Terzino Destro,9,0,0,0,0,0,0.0,0,0,0,0,0,1,0,0,19/20,B
Leubner,Jonas,AUE,Terzino Sinistro,5,0,0,0,0,0,0.0,0,1,0,0,0,0,0,0,19/20,B
Potratz,Mattis,VFL,Ala Sinistra,1,0,0,0,0,0,0.0,0,0,0,1,0,0,0,0,19/20,B
Fanger,Julius,GUM,Centrale,8,0,0,0,0,0,0.0,0,1,0,0,0,0,0,0,19/20,B
Mustafic,Dino,COB,Centrale,3,0,0,0,0,0,0.0,0,0,0,0,0,0,0,0,19/20,B
Brune,Julius,NLB,Pivot,2,0,0,0,0,0,0.0,0,0,0,0,0,0,0,0,19/20,B
Kinanah,Ali,DOR,Terzino Sinistro,1,0,0,0,0,0,0.0,0,0,0,0,0,0,0,0,19/20,B
Kirschner,Tristan,TVH,Ala Destra,8,0,0,0,0,0,0.0,0,0,0,0,0,1,0,0,19/20,B
Muller,Jorg,TVH,Terzino Destro,6,0,0,0,0,0,0.0,0,0,0,0,0,0,0,0,19/20,B
Hagen,Melf,VFL,Centrale,2,0,0,0,0,0,0.0,0,0,0,0,0,0,0,0,19/20,B
Bochmann,Pascal,AUE,Portiere,6,0,0,0,0,0,0.0,1,0,0,0,0,0,0,0,19/20,B
Wellner,Leon,ELB,Pivot,2,0,0,0,0,0,0.0,0,0,0,0,0,0,0,0,19/20,B
Bader,Jona,SGB,Ala Destra,1,0,0,0,0,0,0.0,0,0,0,0,0,0,0,0,19/20,B
Reich,Lucas,SGB,Portiere,1,0,0,0,0,0,0.0,0,0,0,0,0,0,0,0,19/20,B
Mast,Tim,DOR,Ala Sinistra,1,0,0,0,0,0,0.0,0,0,0,0,0,0,0,0,19/20,B
Johannmeyer,Fynn,DOR,Terzino Destro,1,0,0,0,0,0,0.0,0,0,0,0,0,0,0,0,19/20,B
Fehr,Andreas,EIS,Portiere,2,0,0,0,0,0,0.0,0,0,0,0,0,0,0,0,19/20,B
Barth,Dario,FER,Ala Sinistra,1,0,0,0,0,0,0.0,0,0,0,0,0,0,0,0,19/20,B
Haseler,Mathis,GUM,Ala Destra,1,0,0,0,0,0,0.0,0,0,0,0,0,0,0,0,19/20,B
Schafer,Christian,SGB,Ala Destra,34,308,234,74,131,103,0.7597,9,5,13,1,0,3,1,0,20/21,B
Skroblien,Tom,NLB,Ala Sinistra,35,292,216,76,130,86,0.7397,20,9,14,1,4,4,0,0,20/21,B
Wucherpfennig,Lukas,ELB,Ala Destra,36,260,209,51,122,87,0.8038,6,9,12,0,2,3,1,0,20/21,B
Weller,Niklas,HSV,Pivot,33,267,206,61,117,89,0.7715000000000001,8,25,4,17,12,31,4,0,20/21,B
Wesseling,Sven,TVE,Terzino Sinistro,35,340,205,135,158,47,0.6029,100,54,13,10,10,16,0,0,20/21,B
Savvas,Savvas,TVG,Terzino Sinistro,32,331,189,142,167,22,0.5710000000000001,65,44,10,7,4,9,0,0,20/21,B
Kammlodt,Adrian,AUE,Terzino Sinistro,36,346,186,160,185,1,0.5376,88,54,6,4,8,10,0,0,20/21,B
Bornhorn,Bengt,AUE,Pivot,35,229,183,46,94,89,0.7990999999999999,2,30,1,1,1,4,0,0,20/21,B
Kolodziej,Falk,FFB,Centrale,35,310,183,127,124,59,0.5903,131,57,19,5,10,18,1,0,20/21,B
Gress,Sebastian,ELB,Centrale,35,281,178,103,178,0,0.6335000000000001,122,33,7,13,4,5,0,0,20/21,B
Delic,Vedran,WHV,Ala Sinistra,34,244,178,66,93,85,0.7295,10,10,6,0,7,11,1,0,20/21,B
Hrstka,Jakub,DES,Ala Sinistra,32,228,173,55,123,50,0.7587999999999999,9,12,5,1,1,7,0,0,20/21,B
Huesmann,Fabian,ASV,Ala Sinistra,33,217,162,55,86,76,0.7465,4,13,5,9,3,10,1,0,20/21,B
Wolf,Tom,KON,Terzino Sinistro,25,253,162,91,97,65,0.6403,71,37,3,10,9,2,0,0,20/21,B
Lindskog Andersson,Julius,VFL,Centrale,36,264,162,102,86,76,0.6136,94,45,0,1,2,5,0,0,20/21,B
Tissier,Leif,HSV,Centrale,35,233,161,72,161,0,0.691,95,41,24,1,4,5,0,0,20/21,B
Eres,Josip,FER,Ala Destra,36,213,159,54,94,65,0.7465,5,20,7,0,4,2,1,0,20/21,B
Genz,Jo Gerrit,ASV,Terzino Destro,36,259,158,101,154,4,0.61,45,21,5,7,7,13,1,0,20/21,B
Richter,Benjamin,DOR,Centrale,36,237,156,81,67,89,0.6581999999999999,43,34,6,0,0,0,0,0,20/21,B
Snajder,Ivan,EIS,Ala Sinistra,36,217,155,62,116,39,0.7143,25,21,10,7,16,18,0,0,20/21,B
Loser,Timo,DES,Terzino Sinistro,36,265,154,111,154,0,0.5811,94,49,1,0,1,2,0,0,20/21,B
Holzner,Dirk,TVE,Ala Sinistra,36,230,153,77,98,55,0.6652,5,8,5,0,4,1,0,0,20/21,B
Lux,Maximilian,AUE,Ala Destra,36,210,152,58,141,11,0.7238,15,16,7,1,6,8,0,0,20/21,B
Sohmann,Vincent,DES,Centrale,36,243,151,92,80,71,0.6214,64,40,7,1,13,23,1,0,20/21,B
Weber,Ian,TVH,Centrale,35,260,149,111,135,14,0.5731,59,42,11,8,18,14,1,0,20/21,B
Dangers,Markus,KON,Pivot,36,200,148,52,146,2,0.74,10,32,4,6,16,25,2,0,20/21,B
Bozovic,Janko,GUM,Terzino Destro,36,254,145,109,108,37,0.5709000000000001,59,37,0,1,4,10,1,0,20/21,B
Blohme,Lukas,GUM,Ala Destra,35,213,143,70,136,7,0.6714,37,27,5,1,6,10,0,0,20/21,B
Jansen,Tom,TVG,Terzino Destro,35,258,143,115,143,0,0.5543,64,32,4,6,14,8,0,0,20/21,B
Santos,Raul,GUM,Ala Sinistra,31,200,139,61,84,55,0.695,6,16,16,0,3,7,0,0,20/21,B
Spohn,Valentin,NLB,Terzino Sinistro,36,263,139,124,139,0,0.5285,41,26,0,5,7,5,0,0,20/21,B
Matzken,Torben,FER,Centrale,35,195,136,59,114,22,0.6973999999999999,67,67,5,1,8,6,1,0,20/21,B
Bornemann,Andreas,FER,Terzino Destro,34,238,135,103,135,0,0.5672,39,40,2,8,5,7,0,0,20/21,B
Meuser,Andre,DOR,Terzino Destro,29,249,134,115,134,0,0.5382,64,42,2,12,17,17,1,0,20/21,B
Versteijnen,Niels Gerardus,VFL,Terzino Destro,31,236,134,102,115,19,0.5678,69,43,6,5,4,8,0,0,20/21,B
Huter,Ian,DOR,Centrale,36,230,132,98,132,0,0.5739,75,56,35,11,5,13,1,0,20/21,B
Dumcius,Mindaugas,ELB,Terzino Destro,36,242,130,112,130,0,0.5372,55,45,9,3,11,9,0,0,20/21,B
Saul,Alexander,EIS,Terzino Destro,34,245,128,117,121,7,0.5224,81,44,3,6,6,5,2,0,20/21,B
Michel,Mattis,FER,Pivot,34,157,126,31,82,44,0.8025,11,7,8,11,8,9,0,0,20/21,B
Strosack,Peter,NLB,Ala Destra,36,153,125,28,114,11,0.8170000000000001,25,11,11,0,2,10,2,0,20/21,B
Drechsler,Rene,WHV,Terzino Destro,35,250,123,127,123,0,0.492,84,66,3,3,5,10,0,0,20/21,B
Urban,Tomas,TVE,Ala Destra,32,163,120,43,103,17,0.7362000000000001,10,12,3,0,1,4,1,0,20/21,B
Wasielewski,Johannes,TVE,Terzino Destro,30,215,120,95,120,0,0.5581,46,41,4,5,11,20,0,0,20/21,B
Link,Jonas,SGB,Centrale,36,222,119,103,119,0,0.536,57,32,5,1,0,6,0,0,20/21,B
Krings,Merten,ASV,Centrale,27,211,116,95,116,0,0.5498,68,40,4,0,3,5,0,0,20/21,B
Engelmann,Yannick,FFB,Terzino Sinistro,36,194,115,79,115,0,0.5928,48,36,8,7,4,8,1,0,20/21,B
Weyhrauch,Willy,EIS,Ala Destra,35,185,114,71,97,17,0.6162,7,14,16,1,4,9,0,0,20/21,B
Schomig,Dominik,WÖW,Ala Sinistra,36,159,114,45,72,42,0.7170000000000001,13,15,7,0,2,0,1,0,20/21,B
Kaufmann,Steffen,WÖW,Terzino Destro,36,248,113,135,113,0,0.4556,118,56,5,3,9,5,0,0,20/21,B
Ebner,Dominik,NLB,Terzino Destro,34,201,112,89,112,0,0.5572,45,37,3,2,5,13,1,0,20/21,B
Bergemann,Thies,HSV,Ala Destra,36,173,112,61,112,0,0.6474,8,3,3,0,6,8,0,0,20/21,B
Reichl,Vit,TVH,Pivot,34,140,112,28,112,0,0.8,6,28,3,2,6,12,0,0,20/21,B
Horner,Max,FFB,Terzino Destro,35,231,111,120,108,3,0.4805,39,46,2,1,3,12,1,0,20/21,B
Schreiber,Hendrik,TVH,Terzino Sinistro,32,211,109,102,109,0,0.5166,49,39,7,4,4,7,0,0,20/21,B
Hermann,Alexander,GUM,Terzino Sinistro,27,188,108,80,108,0,0.5745,46,33,1,15,8,8,0,0,20/21,B
Matijasevic,Marko,TVG,Centrale,33,178,107,71,103,4,0.6011,55,44,7,2,6,9,1,0,20/21,B
Halfdansson,Arnar Birkir,AUE,Terzino Destro,36,229,107,122,107,0,0.4672,106,51,2,4,3,13,1,0,20/21,B
Thummler,Jonas,ELB,Pivot,35,128,106,22,106,0,0.8281000000000001,5,17,5,4,2,5,2,0,20/21,B
Lofstrom,Carl,VFL,Pivot,34,153,105,48,105,0,0.6862999999999999,8,17,11,20,16,13,1,0,20/21,B
Bruhn,Jasper,VFL,Terzino Destro,34,190,104,86,104,0,0.5474,28,24,15,6,10,9,0,0,20/21,B
Stumpf,Johannes,FFB,Centrale,33,176,104,72,104,0,0.5909,51,47,14,2,13,11,0,0,20/21,B
Fuss,Merlin,TVH,Terzino Destro,35,178,103,75,103,0,0.5787,38,14,11,4,12,9,0,0,20/21,B
Kretschmer,Finn,VFL,Ala Destra,35,158,101,57,101,0,0.6392,10,13,6,0,9,6,0,0,20/21,B
Senden,Alexander,DOR,Terzino Sinistro,30,185,100,85,100,0,0.5405,40,36,4,7,9,19,2,0,20/21,B
Bauer,Philipp,HSV,Centrale,34,170,99,71,99,0,0.5824,32,22,1,0,2,2,0,0,20/21,B
Claus,Dominik,SGB,Terzino Destro,34,147,98,49,98,0,0.6667000000000001,62,40,13,8,7,9,0,0,20/21,B
Heiny,Lutz,NLB,Terzino Sinistro,36,172,98,74,98,0,0.5698,82,34,1,4,11,14,1,0,20/21,B
Schneider,Julian,FER,Centrale,35,141,95,46,95,0,0.6738,16,16,12,6,13,21,1,0,20/21,B
Dayan,Yonatan,WÖW,Centrale,29,149,95,54,95,0,0.6376,36,29,9,2,4,7,0,0,20/21,B
Schmidt,Patrick,WÖW,Centrale,29,168,94,74,73,21,0.5595,39,23,3,1,3,7,2,0,20/21,B
Schneider,Timm,GUM,Centrale,35,165,92,73,92,0,0.5576,66,43,11,35,14,31,1,0,20/21,B
Rompf,Christian,TVH,Ala Sinistra,33,134,92,42,66,26,0.6866,7,4,11,6,5,9,0,0,20/21,B
Braun,Joschua,KON,Terzino Destro,30,146,92,54,80,12,0.6301,34,20,3,1,7,10,1,0,20/21,B
Huter,Patrick,DOR,Pivot,35,114,91,23,91,0,0.7981999999999999,9,22,8,16,14,19,2,0,20/21,B
Eisentrager,Florian,TVG,Ala Sinistra,31,141,89,52,76,13,0.6312,4,15,6,1,6,7,0,0,20/21,B
Konitz,Bartosz,WHV,Centrale,33,168,87,81,87,0,0.5179,95,45,11,1,6,5,0,0,20/21,B
Hahn,Tobias,TVH,Ala Destra,34,126,87,39,30,57,0.6905,12,3,5,0,6,7,0,0,20/21,B
Corak,Dino,TVG,Pivot,36,109,87,22,87,0,0.7981999999999999,15,22,5,5,13,15,1,0,20/21,B
Zahradnicek,Jan,DES,Ala Destra,36,139,87,52,87,0,0.6259,1,17,3,1,1,5,0,0,20/21,B
Schauer,Kuno,WHV,Centrale,30,166,86,80,86,0,0.5181,40,27,2,1,2,3,0,0,20/21,B
Orlowski,Marian,ASV,Terzino Sinistro,24,157,85,72,77,8,0.5414,70,42,1,2,9,6,0,0,20/21,B
Forstbauer,Jan,HSV,Terzino Destro,28,170,85,85,85,0,0.5,55,22,2,3,6,10,0,0,20/21,B
Reuland,Joshua,DOR,Ala Sinistra,18,117,84,33,62,22,0.7179000000000001,3,3,3,1,0,1,0,0,20/21,B
Kretschmer,Nils Holger,ELB,Terzino Sinistro,34,148,82,66,68,14,0.5540999999999999,73,25,10,16,13,31,3,0,20/21,B
Barthe,Paco,SGB,Centrale,36,122,82,40,78,4,0.6720999999999999,62,29,18,44,14,22,0,0,20/21,B
Vidarsson,Ellidi Snaer,GUM,Pivot,30,111,82,29,82,0,0.7387,14,22,12,35,16,22,0,0,20/21,B
Dicker,Daniel,EIS,Terzino Sinistro,32,163,81,82,81,0,0.4968999999999999,53,30,9,17,12,25,2,0,20/21,B
Seidler,Oliver,DES,Pivot,35,110,80,30,80,0,0.7273000000000001,2,15,3,15,13,21,1,0,20/21,B
Emanuel,Max,DES,Terzino Destro,33,154,78,76,78,0,0.5065,55,39,3,3,13,6,0,0,20/21,B
Seitz,Stephan,FFB,Terzino Destro,35,137,78,59,78,0,0.5693,27,28,3,0,4,8,2,0,20/21,B
Raguse,Mex,VFL,Terzino Sinistro,29,151,77,74,76,1,0.5099,27,15,0,2,7,11,0,0,20/21,B
Stuber,Frederic,TVE,Pivot,34,104,76,28,76,0,0.7308,12,28,3,26,15,35,1,0,20/21,B
Potisk,Martin,EIS,Centrale,33,117,76,41,76,0,0.6496,37,32,8,0,4,2,0,0,20/21,B
Kaulitz,Tim,FFB,Ala Sinistra,29,116,76,40,68,8,0.6552,0,5,10,1,6,1,2,0,20/21,B
Stark,Mario,TVG,Centrale,31,134,75,59,75,0,0.5597,75,30,0,8,8,9,0,0,20/21,B
Schulz,Michael,WÖW,Pivot,31,103,75,28,75,0,0.7282,8,18,5,15,11,22,2,0,20/21,B
Schwolow,Tobias,WHV,Centrale,22,142,75,67,73,2,0.5282,45,28,5,1,4,13,0,0,20/21,B
Prause,Julian,FFB,Pivot,36,105,74,31,74,0,0.7048000000000001,2,25,0,0,0,0,0,0,20/21,B
Tokic,Ante,EIS,Ala Destra,31,116,74,42,74,0,0.6379,28,21,9,9,8,10,2,0,20/21,B
Busch,Pierre,TVG,Ala Destra,14,101,73,28,46,27,0.7228,1,4,1,0,1,4,1,0,20/21,B
Wohler,Adrian,EIS,Ala Sinistra,33,98,72,26,35,37,0.7347,4,5,1,1,0,4,0,0,20/21,B
Brielmeier,Benedikt,WÖW,Terzino Sinistro,32,136,72,64,72,0,0.5294,53,36,9,7,9,11,0,0,20/21,B
Dahlhaus,Tim,SGB,Terzino Destro,36,147,72,75,72,0,0.4897999999999999,39,30,6,2,8,13,0,0,20/21,B
Brosch,Jan,ASV,Pivot,31,100,72,28,72,0,0.72,16,27,6,22,12,25,3,0,20/21,B
Pust,Yannick-Marcos,WHV,Ala Destra,23,114,72,42,72,0,0.6315999999999999,4,8,12,0,4,6,0,0,20/21,B
Von Boenigk,Jan,ASV,Terzino Destro,34,137,71,66,71,0,0.5182,57,24,6,2,2,15,0,0,20/21,B
Paraschiv,Sebastian,AUE,Centrale,35,113,70,43,70,0,0.6195,67,34,16,1,7,13,0,0,20/21,B
Axmann,Dominik,HSV,Terzino Sinistro,25,117,69,48,51,18,0.5897,19,7,8,6,5,12,0,0,20/21,B
Schneibel,Jannis,EIS,Centrale,24,113,69,44,67,2,0.6106,59,33,9,0,2,1,0,0,20/21,B
Schimmelbauer,Tobias,HSV,Ala Sinistra,35,97,68,29,68,0,0.701,10,11,6,17,22,20,0,0,20/21,B
Wullenweber,Finn,HSV,Terzino Sinistro,26,130,68,62,68,0,0.5231,13,16,1,0,0,3,0,0,20/21,B
Bornhauser,Tim,KON,Centrale,29,129,67,62,66,1,0.5194,78,39,2,2,2,2,0,0,20/21,B
Schneider,Lucas,FER,Terzino Destro,36,106,67,39,67,0,0.6321,48,42,3,5,8,10,0,0,20/21,B
Lex,Korbinian,FFB,Terzino Sinistro,36,121,67,54,67,0,0.5537,33,22,19,24,18,21,1,0,20/21,B
Hideg,Daniel,EIS,Terzino Sinistro,23,120,67,53,67,0,0.5583,14,11,3,6,2,11,0,0,20/21,B
Fischer,Jonathan,SGB,Pivot,34,85,67,18,67,0,0.7881999999999999,10,25,6,9,9,15,0,0,20/21,B
Wirtz,Tommy,WÖW,Ala Sinistra,36,105,67,38,40,27,0.6381,2,4,3,0,3,8,1,0,20/21,B
Bandlow,Frieder,TVG,Terzino Destro,35,100,67,33,67,0,0.67,7,10,8,0,4,1,0,0,20/21,B
Scheithauer,Max,DES,Terzino Sinistro,33,107,66,41,66,0,0.6168,43,30,3,3,6,10,0,0,20/21,B
Gonschor,Fynn,VFL,Ala Sinistra,33,105,66,39,66,0,0.6286,2,6,2,0,1,2,0,0,20/21,B
Volz,Patrick,KON,Ala Sinistra,25,88,65,23,43,22,0.7386,1,0,2,0,2,4,0,0,20/21,B
Hild,Matthias,KON,Terzino Destro,34,101,65,36,65,0,0.6436,4,2,8,0,5,5,0,0,20/21,B
Roch,Kevin,AUE,Ala Sinistra,28,102,64,38,63,1,0.6275,3,8,9,21,12,8,3,0,20/21,B
Terhaer,Yannick,TVE,Ala Destra,35,81,64,17,62,2,0.7901,2,6,6,0,2,4,0,0,20/21,B
Kress,Soren,TVE,Centrale,36,130,64,66,64,0,0.4922999999999999,49,40,5,4,6,7,0,0,20/21,B
Ribeiro,Goncalo,AUE,Centrale,19,112,62,50,62,0,0.5536,41,21,3,1,1,1,0,0,20/21,B
Postel,Duncan,WHV,Pivot,31,80,61,19,61,0,0.7625,10,25,5,4,11,14,1,0,20/21,B
Stuber,Jonas,GUM,Pivot,35,78,61,17,60,1,0.7820999999999999,1,27,0,0,1,2,0,0,20/21,B
Grbavac,Ante,DOR,Terzino Sinistro,27,139,60,79,60,0,0.4317,22,18,4,3,6,12,0,0,20/21,B
Spatz,Michael,TVG,Ala Destra,20,76,59,17,11,48,0.7763,5,2,0,0,0,0,0,0,20/21,B
Sabljic,Stanko,WHV,Pivot,29,77,59,18,59,0,0.7662,6,15,5,28,19,17,1,0,20/21,B
Walz,Peter,EIS,Pivot,20,83,59,24,59,0,0.7108,5,12,7,10,12,20,0,0,20/21,B
Franke,Marten,ASV,Ala Destra,31,100,59,41,58,1,0.59,11,7,1,1,2,2,0,0,20/21,B
Theiss,Niklas,TVH,Terzino Destro,33,119,59,60,59,0,0.4957999999999999,25,16,7,1,1,1,0,0,20/21,B
Rink,Thomas,FER,Pivot,33,68,57,11,57,0,0.8382,5,21,3,14,16,23,1,0,20/21,B
ten Velde,Rutger,WHV,Ala Sinistra,35,96,57,39,45,12,0.5938,9,9,7,0,2,6,0,0,20/21,B
Sterba,Jakub,DOR,Ala Destra,35,89,57,32,57,0,0.6404000000000001,14,9,18,1,6,8,0,0,20/21,B
Baumgartner,Florian,NLB,Terzino Destro,23,89,56,33,56,0,0.6292,35,19,0,6,1,3,0,0,20/21,B
Klein,Johannes,TVH,Terzino Sinistro,34,129,56,73,56,0,0.4341,28,20,5,5,15,24,1,0,20/21,B
Vlahovic,Nikola,SGB,Terzino Sinistro,35,117,56,61,56,0,0.4785999999999999,19,24,3,9,3,18,1,0,20/21,B
Petreikis,Benas,NLB,Centrale,35,85,56,29,56,0,0.6587999999999999,66,22,0,0,1,2,0,0,20/21,B
Herzig,Fynn,GUM,Terzino Sinistro,18,92,56,36,56,0,0.6087,28,19,4,9,4,9,0,0,20/21,B
Dierberg,Julius,ELB,Ala Sinistra,32,74,55,19,48,7,0.7432,4,7,3,0,3,1,0,0,20/21,B
Koster,Julian,GUM,Terzino Sinistro,17,95,55,40,55,0,0.5789,76,15,13,3,3,4,0,0,20/21,B
Hansen,Markus,VFL,Centrale,36,99,54,45,54,0,0.5455,39,27,12,18,11,11,1,0,20/21,B
Schliedermann,Marcel,TVE,Centrale,34,83,53,30,53,0,0.6386,31,21,3,5,2,13,1,0,20/21,B
Marcec,Martin,SGB,Ala Sinistra,29,79,53,26,49,4,0.6709,12,3,4,1,1,1,0,0,20/21,B
Petrovsky,Leos,NLB,Pivot,35,65,53,12,53,0,0.8154,5,18,4,16,10,24,3,0,20/21,B
Danneberg,Yannick,DES,Terzino Sinistro,35,110,53,57,51,2,0.4818,22,17,1,10,11,7,0,0,20/21,B
Drager,Yannick,NLB,Pivot,30,61,52,9,52,0,0.8525,17,12,2,25,12,25,2,0,20/21,B
Beckmann,Fynn,KON,Terzino Destro,35,98,52,46,52,0,0.5306000000000001,26,30,1,0,3,13,0,0,20/21,B
Sauer,Julian,WÖW,Ala Destra,28,85,52,33,52,0,0.6118,6,5,3,0,2,7,0,0,20/21,B
Vanco,Marek,ELB,Ala Sinistra,36,72,51,21,51,0,0.7082999999999999,10,7,5,1,5,8,0,0,20/21,B
Asmuth,Jan,SGB,Ala Sinistra,34,88,51,37,51,0,0.5795,5,10,8,4,9,12,1,0,20/21,B
Ossenkopp,Lukas,HSV,Terzino Sinistro,33,75,50,25,23,27,0.6667000000000001,22,11,6,20,14,18,0,0,20/21,B
Schwabe,Jakob,ASV,Pivot,34,59,48,11,48,0,0.8136,5,11,6,18,13,17,0,0,20/21,B
Schramm,Peter,KON,Terzino Sinistro,29,116,48,68,48,0,0.4138,55,21,5,15,17,12,3,0,20/21,B
De Santis,Gabriel,AUE,Terzino Destro,27,94,47,47,47,0,0.5,17,29,3,0,6,14,1,0,20/21,B
Faulenbach,Jonas,FER,Terzino Sinistro,23,83,47,36,47,0,0.5663,37,27,0,3,1,1,0,0,20/21,B
Karle,Felix,WÖW,Ala Destra,36,68,46,22,46,0,0.6765000000000001,2,1,6,0,0,3,0,0,20/21,B
Kovacic,David,WÖW,Pivot,34,64,46,18,46,0,0.7188,8,19,1,3,12,17,0,0,20/21,B
Schult,Jan,VFL,Terzino Sinistro,23,92,45,47,45,0,0.4891,16,19,2,4,6,5,0,0,20/21,B
Schlaich,Fabian,KON,Ala Sinistra,23,68,45,23,45,0,0.6618,3,9,3,2,1,3,0,0,20/21,B
Emanuel,Oskar,ELB,Terzino Destro,36,73,44,29,44,0,0.6027,14,16,2,2,2,3,0,0,20/21,B
Meinhardt,Malte,GUM,Ala Sinistra,36,75,44,31,44,0,0.5867,1,10,2,0,1,2,0,0,20/21,B
Kneer,Stefan,TVH,Terzino Sinistro,24,86,43,43,43,0,0.5,15,10,2,5,5,14,0,0,20/21,B
Hausmann,Jannik,HSV,Ala Destra,27,68,43,25,42,1,0.6324000000000001,29,20,2,5,8,7,0,0,20/21,B
Rentschler,Patrick,SGB,Pivot,32,55,43,12,43,0,0.7818,10,14,9,23,9,11,1,0,20/21,B
Speckmann,Jan-Eric,NLB,Ala Sinistra,36,58,43,15,40,3,0.7414000000000001,1,4,4,0,0,0,0,0,20/21,B
Czako,Aron,KON,Ala Sinistra,34,57,43,14,43,0,0.7544,3,2,7,0,1,4,0,0,20/21,B
Kolk,Paul,TVE,Ala Sinistra,35,61,42,19,42,0,0.6884999999999999,3,10,11,0,0,2,0,0,20/21,B
Jaeger,Felix,KON,Terzino Sinistro,25,74,42,32,42,0,0.5676,16,9,3,1,4,6,0,0,20/21,B
Siegler,Lukas,WÖW,Terzino Sinistro,20,63,40,23,40,0,0.6349,12,14,4,2,5,3,0,0,20/21,B
Rubino Fernandez,Alex,ASV,Ala Sinistra,36,61,40,21,40,0,0.6557,2,2,8,1,0,4,0,0,20/21,B
Mast,Tim,DOR,Ala Sinistra,25,54,40,14,40,0,0.7406999999999999,3,2,2,0,1,1,0,0,20/21,B
Schroter,Tobias,GUM,Ala Destra,33,56,39,17,35,4,0.6964,12,6,8,2,2,2,0,0,20/21,B
Becvar,Roman,NLB,Centrale,35,61,39,22,37,2,0.6393,53,25,3,1,3,3,1,0,20/21,B
Kozul,Matej,WHV,Pivot,33,71,39,32,39,0,0.5493,30,22,4,15,15,14,1,0,20/21,B
Meinzer,Sebastian,FFB,Terzino Sinistro,32,69,39,30,39,0,0.5652,12,14,2,0,3,8,0,0,20/21,B
Pfeifer,Alexander,TVG,Ala Sinistra,36,58,39,19,39,0,0.6724,1,5,2,0,3,6,0,0,20/21,B
Stavast,Ivar,ELB,Centrale,26,72,38,34,38,0,0.5278,37,20,2,1,3,9,0,0,20/21,B
De la Pena,Juan,SGB,Centrale,33,69,37,32,37,0,0.5362,48,20,9,8,8,6,1,0,20/21,B
Juan Antonio Viciano Sario,,FER,Terzino Sinistro,29,80,36,44,36,0,0.45,15,15,1,0,1,0,0,0,20/21,B
Hubscher,Robin,TVH,Ala Sinistra,30,50,36,14,32,4,0.72,6,4,1,0,0,5,0,0,20/21,B
Klasmann,Christopher,FER,Terzino Sinistro,24,94,36,58,34,2,0.3829999999999999,30,20,1,1,0,1,0,0,20/21,B
Janssen,Robin,TVE,Terzino Sinistro,20,62,36,26,36,0,0.5806,30,10,5,2,3,6,0,0,20/21,B
Spiekermann,David Mirko,ASV,Terzino Sinistro,33,85,36,49,36,0,0.4235,25,11,0,0,2,6,0,0,20/21,B
Slachta,Petr,AUE,Pivot,36,50,36,14,36,0,0.72,12,7,18,39,6,14,1,0,20/21,B
Gertges,Jonas,HSV,Ala Sinistra,36,52,35,17,33,2,0.6731,3,2,6,0,0,2,0,0,20/21,B
Nowatzki,Maximilian,TVE,Terzino Destro,32,66,34,32,33,1,0.5152,39,17,1,2,2,7,2,0,20/21,B
Weit,Dennis,TVG,Centrale,35,57,32,25,19,13,0.5614,13,12,1,3,2,2,0,0,20/21,B
Jungemann,Philip,ELB,Pivot,32,45,32,13,32,0,0.7111,16,15,7,21,17,25,1,0,20/21,B
Rudiger,Tim,FER,Ala Destra,34,47,32,15,30,2,0.6809000000000001,1,3,0,1,0,0,0,0,20/21,B
Borschel,Johannes,FFB,Pivot,36,41,32,9,32,0,0.7805,2,3,0,0,0,0,0,0,20/21,B
Knezevic,David,KON,Terzino Sinistro,36,66,32,34,32,0,0.4847999999999999,17,17,1,1,0,2,0,0,20/21,B
Seesing,Aron,DOR,Pivot,28,43,31,12,31,0,0.7209,5,9,8,4,3,8,0,0,20/21,B
Spiess,Lars,TVG,Terzino Sinistro,36,59,30,29,30,0,0.5085000000000001,37,17,8,32,17,28,1,0,20/21,B
Bielzer,Tim,DES,Pivot,36,43,30,13,30,0,0.6977,5,14,1,10,8,12,1,0,20/21,B
Bagaric,Marko,NLB,Terzino Sinistro,36,47,30,17,30,0,0.6383,40,17,1,46,22,28,1,0,20/21,B
Prestele,Tobias,FFB,Pivot,32,43,29,14,29,0,0.6744,8,8,5,5,20,28,3,0,20/21,B
Schrader,Janik,VFL,Terzino Destro,35,50,29,21,24,5,0.58,29,17,1,0,2,7,0,0,20/21,B
Kasal,Michal,ELB,Terzino Sinistro,28,75,29,46,29,0,0.3867,13,7,0,14,6,14,0,0,20/21,B
Pretzewofsky,Jan,ASV,Ala Destra,26,44,28,16,28,0,0.6364,1,6,0,0,1,3,0,0,20/21,B
Meyer,Philipp,WÖW,Pivot,34,43,28,15,28,0,0.6512,9,7,14,18,13,31,3,0,20/21,B
Beciri,Kristian,EIS,Pivot,12,38,28,10,28,0,0.7368000000000001,7,15,7,13,4,6,1,0,20/21,B
Fanger,Julius,GUM,Centrale,30,45,28,17,27,1,0.6222,7,17,0,0,0,1,0,0,20/21,B
Stotz,Michel,KON,Pivot,36,37,27,10,27,0,0.7297,5,6,2,9,11,23,1,0,20/21,B
Sudmeier,Soren,ASV,Centrale,8,45,26,19,26,0,0.5778,11,12,1,1,0,1,0,0,20/21,B
Maier-Hasselmann,Fabian,KON,Ala Destra,24,39,26,13,26,0,0.6667000000000001,0,0,1,0,0,3,0,0,20/21,B
Kontrec,Tin,GUM,Pivot,36,39,26,13,26,0,0.6667000000000001,12,15,6,20,18,28,3,0,20/21,B
Haseler,Mathis,GUM,Ala Destra,25,37,26,11,18,8,0.7027,2,2,3,0,1,1,0,0,20/21,B
Ohler,Max,SGB,Ala Sinistra,36,53,25,28,22,3,0.4717,15,8,0,6,5,6,0,0,20/21,B
Pechy,Lukas,FER,Ala Sinistra,27,40,25,15,25,0,0.625,2,6,3,0,0,5,0,0,20/21,B
Maretic,Duje,WHV,Ala Destra,18,41,25,16,25,0,0.6098,1,8,2,1,1,5,0,0,20/21,B
Buschmann,Arseniy,ELB,Centrale,27,45,24,21,24,0,0.5333,19,17,4,2,2,8,0,0,20/21,B
Schneider,Nico,AUE,Terzino Sinistro,32,44,24,20,24,0,0.5455,11,12,2,1,7,12,0,0,20/21,B
Persson,Jorn,DES,Centrale,36,39,24,15,24,0,0.6154,11,13,1,1,0,5,0,0,20/21,B
Waschul,Martin,VFL,Centrale,36,36,23,13,23,0,0.6389,12,10,7,18,22,37,4,0,20/21,B
Mubenzem,Dieudonne,TVH,Terzino Destro,34,72,23,49,23,0,0.3194,23,17,4,1,2,6,0,0,20/21,B
Bialowas,Yannik,WÖW,Ala Sinistra,19,48,23,25,21,2,0.4792,4,6,1,0,0,1,0,0,20/21,B
Kleineidam,Jan,HSV,Centrale,27,47,22,25,22,0,0.4681,20,9,2,0,3,3,0,0,20/21,B
Natsia,Snir,TVG,Pivot,19,31,21,10,21,0,0.6774,1,6,0,4,3,10,1,0,20/21,B
Reimer,Jan,DOR,Ala Destra,36,34,21,13,15,6,0.6175999999999999,2,3,1,0,0,4,0,0,20/21,B
Fujita,Ryuga,TVH,Ala Destra,36,31,21,10,21,0,0.6774,2,4,2,0,1,3,0,0,20/21,B
Quade,Henning,ELB,Pivot,29,25,20,5,20,0,0.8,1,2,0,0,1,0,0,0,20/21,B
Leindl,Alexander,FFB,Terzino Destro,9,36,20,16,20,0,0.5556,7,4,1,0,0,1,0,0,20/21,B
Kerst,Felix,FFB,Ala Sinistra,9,27,20,7,20,0,0.7406999999999999,0,0,1,0,0,1,0,0,20/21,B
Vorontsov,Evgeny,WHV,Ala Destra,15,33,19,14,15,4,0.5758,15,15,0,0,3,5,0,0,20/21,B
Iffert,Hannes,EIS,Pivot,28,26,19,7,19,0,0.7308,0,7,1,1,1,4,0,0,20/21,B
Juric,Antonio,DOR,Pivot,19,22,19,3,19,0,0.8636,1,10,2,0,2,7,0,0,20/21,B
Gugisch,Nils,ELB,Ala Destra,11,23,18,5,18,0,0.7826000000000001,1,1,2,0,0,0,0,0,20/21,B
Gliese,Lennart,DES,Terzino Destro,22,30,18,12,18,0,0.6,4,3,0,0,3,5,1,0,20/21,B
Damm,Julian,TVE,Pivot,34,24,18,6,18,0,0.75,0,5,1,1,2,7,0,0,20/21,B
Ulshofer,Jonas,EIS,Centrale,11,38,18,20,18,0,0.4736999999999999,14,7,3,0,0,2,0,0,20/21,B
Schluroff,Miro,WHV,Terzino Sinistro,7,28,17,11,17,0,0.6071,1,3,0,0,0,0,1,0,20/21,B
Misetic,Gabriel,WHV,Pivot,17,23,17,6,17,0,0.7391,0,4,1,2,4,4,0,0,20/21,B
Diebel,Niklas,FER,Terzino Sinistro,11,41,16,25,16,0,0.3902,10,6,1,3,1,0,0,0,20/21,B
Neumann,Nicolas,DES,Ala Sinistra,20,33,16,17,15,1,0.4847999999999999,0,5,0,0,0,4,0,0,20/21,B
Potratz,Mattis,VFL,Ala Sinistra,36,33,16,17,16,0,0.4847999999999999,1,4,1,0,1,3,0,0,20/21,B
Glabisch,Thees,VFL,Ala Sinistra,7,24,15,9,15,0,0.625,1,1,0,0,0,0,0,0,20/21,B
Boschen,Nils,SGB,Pivot,30,20,15,5,15,0,0.75,0,1,0,5,1,7,0,0,20/21,B
Wendel,Samuel,KON,Ala Sinistra,21,29,15,14,15,0,0.5172,2,3,1,0,1,1,0,0,20/21,B
Kiesler,Tom,GUM,Terzino Sinistro,30,25,15,10,15,0,0.6,9,13,7,1,0,2,0,0,20/21,B
Urban,Mario,SGB,Ala Destra,32,29,15,14,15,0,0.5172,1,1,1,1,1,6,0,0,20/21,B
Obranovic,Andrej,EIS,Terzino Sinistro,36,42,15,27,15,0,0.3571,14,12,3,10,10,9,2,0,20/21,B
Fuchs,Markus,ASV,Terzino Sinistro,33,26,14,12,14,0,0.5385,17,4,4,43,14,19,0,0,20/21,B
Bohm,Lukas,WÖW,Terzino Destro,27,31,14,17,14,0,0.4515999999999999,6,9,3,2,1,4,0,0,20/21,B
Messerschmidt,Lino,TVG,Pivot,19,22,14,8,14,0,0.6364,2,5,0,4,5,5,0,0,20/21,B
Lindenstruth,Marvin,TVH,Centrale,19,17,14,3,14,0,0.8234999999999999,3,3,4,3,2,7,0,0,20/21,B
Weber,Patrick,FER,Terzino Sinistro,9,29,13,16,13,0,0.4483,4,6,0,0,0,0,0,0,20/21,B
Pavlicek,Tomas,DES,Ala Destra,15,21,13,8,13,0,0.619,0,0,1,0,0,4,1,0,20/21,B
Nissen,Marek,NLB,Terzino Sinistro,35,15,12,3,12,0,0.8,7,7,0,4,1,7,0,0,20/21,B
Kornecki,Hubert,TVE,Terzino Sinistro,23,22,12,10,11,1,0.5455,12,9,3,1,4,4,0,0,20/21,B
Iliopoulos,Efthymios,DOR,Terzino Destro,19,27,11,16,11,0,0.4074,3,6,0,0,0,0,0,0,20/21,B
Jurisic,David,WHV,Terzino Destro,16,28,11,17,11,0,0.3928999999999999,2,5,0,1,1,1,0,0,20/21,B
Feit,Thore,HSV,Pivot,35,15,11,4,11,0,0.7333,1,5,0,0,1,8,0,0,20/21,B
Mundus,Marvin,NLB,Centrale,35,18,10,8,10,0,0.5556,4,5,0,0,0,0,0,0,20/21,B
Mojzis,Jan,TVE,Pivot,36,13,10,3,10,0,0.7692,0,8,2,11,12,17,2,0,20/21,B
Hagitte,Benedikt,FFB,Terzino Destro,24,15,10,5,10,0,0.6667000000000001,1,1,2,1,1,2,0,0,20/21,B
Skroblien,Linus,DOR,Centrale,22,18,10,8,10,0,0.5556,6,6,2,0,1,4,0,0,20/21,B
Schoesse,Florian,ASV,Centrale,24,19,10,9,10,0,0.5263,6,7,0,0,1,3,0,0,20/21,B
Lux,Kevin,AUE,Pivot,20,13,9,4,9,0,0.6923,3,2,0,19,10,29,4,1,20/21,B
Huber,Gianni,FFB,Ala Destra,33,23,9,14,9,0,0.3913,5,3,3,0,0,2,0,0,20/21,B
Dutschke,Jannik,AUE,Ala Sinistra,17,15,9,6,9,0,0.6,2,0,1,0,0,1,0,0,20/21,B
Criciotoiu,Bogdan Andre,NLB,Terzino Destro,13,16,8,8,8,0,0.5,6,3,0,2,0,1,0,0,20/21,B
Lehmann,Fabrice,WHV,Ala Destra,8,20,8,12,8,0,0.4,0,2,0,0,1,1,0,0,20/21,B
Neagu,Stefan Valentin,WÖW,Pivot,33,13,8,5,8,0,0.6154,1,2,1,1,3,9,1,0,20/21,B
Opitz,Phillip,TVH,Terzino Destro,17,13,8,5,8,0,0.6154,3,3,0,1,0,2,0,0,20/21,B
Gudat,Lars,ASV,Ala Destra,5,8,7,1,7,0,0.875,1,5,0,0,0,0,0,0,20/21,B
Noll,Pascal,DOR,Ala Sinistra,19,19,7,12,6,1,0.3684,0,2,1,0,0,1,0,0,20/21,B
Gorgen,Moritz,DOR,Ala Destra,15,8,7,1,7,0,0.875,3,5,1,0,1,1,0,0,20/21,B
Fick,Pelle Leo,HSV,Ala Destra,29,12,7,5,6,1,0.5832999999999999,0,1,0,0,0,0,0,0,20/21,B
Hagen,Melf,VFL,Centrale,27,16,7,9,7,0,0.4375,4,4,0,1,0,0,0,0,20/21,B
Hein,Paul,WHV,Centrale,9,8,7,1,7,0,0.875,1,2,0,0,0,1,0,0,20/21,B
Kruger,Felix,KON,Terzino Destro,36,20,6,14,6,0,0.3,5,4,3,5,0,2,0,0,20/21,B
Bransche,Hannes,TVG,Terzino Destro,36,25,6,19,6,0,0.24,12,12,2,3,0,3,0,0,20/21,B
Rehfus,Lucas,DOR,Terzino Sinistro,16,12,6,6,5,1,0.5,2,0,0,0,0,1,0,0,20/21,B
Ranke,Fynn,VFL,Pivot,6,7,5,2,5,0,0.7143,2,2,1,1,1,2,0,0,20/21,B
Schmidt,Daniel,DES,Pivot,33,11,5,6,5,0,0.4545,6,0,4,8,10,21,3,0,20/21,B
Hack,Benedikt,FFB,Ala Destra,4,7,5,2,5,0,0.7143,1,0,1,0,0,0,0,0,20/21,B
Riesner,Cedric,FFB,Pivot,15,9,5,4,5,0,0.5556,1,0,0,0,1,2,0,0,20/21,B
Wellner,Leon,ELB,Pivot,8,5,5,0,5,0,1.0,0,3,0,3,2,2,0,0,20/21,B
Mauch,Joel,KON,Centrale,8,9,5,4,5,0,0.5556,3,3,0,0,0,0,0,0,20/21,B
Demerza,Alexej,TVE,Terzino Sinistro,12,12,5,7,5,0,0.4167,1,0,0,1,0,2,0,0,20/21,B
Wilhelm,Christian,DOR,Pivot,1,6,5,1,5,0,0.8332999999999999,0,0,0,1,0,2,0,0,20/21,B
Jurdzs,Aivis,TVE,Terzino Sinistro,4,13,4,9,4,0,0.3077,4,2,0,1,0,0,0,0,20/21,B
Minerva,Jan Steffen,TVG,Portiere,36,7,4,3,4,0,0.5714,3,1,0,1,0,1,0,0,20/21,B
Maas,Sebastian,WHV,Ala Sinistra,9,8,4,4,4,0,0.5,0,2,0,0,0,1,0,0,20/21,B
Edvardsson,Aron Rafn,SGB,Portiere,35,7,4,3,4,0,0.5714,18,3,0,0,0,1,1,0,20/21,B
Hoffmann,Robin,ELB,Ala Destra,8,9,4,5,4,0,0.4443999999999999,1,1,0,1,0,0,0,0,20/21,B
Vogt,Dominik,HSV,Pivot,18,6,4,2,4,0,0.6667000000000001,0,3,0,1,2,7,1,0,20/21,B
Schroeder,Julius,AUE,Centrale,8,7,4,3,4,0,0.5714,2,3,0,0,0,2,0,0,20/21,B
Engelhardt,Alexander,ASV,Pivot,6,4,4,0,4,0,1.0,0,0,0,0,1,4,0,0,20/21,B
Haller,Robin,GUM,Terzino Sinistro,29,9,3,6,3,0,0.3333,1,3,0,0,0,1,0,0,20/21,B
Bartmann,Sven,DOR,Portiere,26,4,3,1,3,0,0.75,3,2,0,0,0,1,0,0,20/21,B
Murkoster,Justin,EIS,Pivot,4,5,3,2,3,0,0.6,0,0,0,1,1,2,0,0,20/21,B
Ebert,Pascal,AUE,Ala Sinistra,26,5,3,2,3,0,0.6,0,1,0,0,1,2,0,0,20/21,B
Urban,Lukas,SGB,Terzino Sinistro,21,3,3,0,3,0,1.0,0,0,0,0,0,0,0,0,20/21,B
Kikanovic,Luka,EIS,Terzino Sinistro,7,12,3,9,3,0,0.25,2,2,1,0,1,1,0,0,20/21,B
Michel,Linus,FER,Centrale,30,4,3,1,3,0,0.75,2,5,0,0,0,2,0,0,20/21,B
Voncina,Blaz,EIS,Portiere,36,6,3,3,3,0,0.5,9,2,3,0,0,0,0,0,20/21,B
Schwarz,Philipp,TVH,Ala Sinistra,16,8,3,5,3,0,0.375,0,1,1,0,0,0,0,0,20/21,B
Bombelka,Elias,AUE,Ala Destra,11,4,3,1,3,0,0.75,0,1,0,0,0,0,0,0,20/21,B
Kohrmann,Oliver,WHV,Centrale,3,3,2,1,2,0,0.6667000000000001,1,0,0,0,0,0,0,0,20/21,B
Huhnstock,Mario,ELB,Portiere,35,5,2,3,2,0,0.4,7,2,0,0,0,0,0,0,20/21,B
Puhle,Matthias,GUM,Portiere,35,2,2,0,2,0,1.0,14,2,0,0,0,0,0,0,20/21,B
Ambrosius,Philip,DES,Portiere,36,5,2,3,2,0,0.4,25,7,0,1,1,1,1,0,20/21,B
Mallwitz,Marino,WÖW,Portiere,35,2,2,0,2,0,1.0,11,3,0,0,1,1,0,0,20/21,B
Oehler,Michael,ELB,Terzino Sinistro,14,3,2,1,2,0,0.6667000000000001,6,2,1,4,4,4,0,0,20/21,B
Rozman,Tim,WHV,Terzino Destro,1,4,2,2,2,0,0.5,0,2,0,0,0,1,0,0,20/21,B
Mohs,Max,ELB,Portiere,33,2,2,0,2,0,1.0,1,3,0,0,0,0,0,0,20/21,B
Alaj,Armend,EIS,Ala Destra,27,6,2,4,2,0,0.3333,1,0,0,0,0,2,0,0,20/21,B
Adanir,Can,TVG,Portiere,31,2,2,0,2,0,1.0,0,0,0,0,0,1,0,0,20/21,B
Kirschner,Tristan,TVH,Ala Destra,3,2,2,0,2,0,1.0,0,0,0,0,0,0,0,0,20/21,B
Krause,Melf,ASV,Pivot,16,2,2,0,2,0,1.0,0,0,0,0,0,0,0,0,20/21,B
Saleh,Joshua,DES,Ala Destra,15,6,2,4,2,0,0.3333,0,4,0,0,0,0,0,0,20/21,B
Eickhoff,Bruno,GUM,Pivot,2,2,2,0,2,0,1.0,0,0,0,0,0,0,0,0,20/21,B
Luderschmid,Johannes,FFB,Terzino Destro,6,2,2,0,2,0,1.0,2,2,0,0,0,0,0,0,20/21,B
Rezar,Aljosa,NLB,Portiere,36,1,1,0,1,0,1.0,8,1,0,0,0,1,0,0,20/21,B
Koloper,Branimir,FER,Pivot,34,2,1,1,1,0,0.5,5,0,1,13,13,27,3,0,20/21,B
Plaue,Dominik,TVH,Portiere,36,2,1,1,1,0,0.5,1,0,0,0,0,0,0,0,20/21,B
Wolf,Maximilian,KON,Portiere,32,1,1,0,1,0,1.0,1,0,0,0,0,0,0,0,20/21,B
Sorg,Michel,FER,Terzino Destro,4,1,1,0,1,0,1.0,1,1,0,0,0,0,0,0,20/21,B
Roth,Felix,AUE,Ala Destra,22,2,1,1,1,0,0.5,0,1,0,0,0,0,0,0,20/21,B
Paske,Maurice,TVE,Portiere,36,3,1,2,1,0,0.3333,3,2,0,0,0,1,0,0,20/21,B
Wieser,Andreas,WÖW,Portiere,32,1,1,0,1,0,1.0,6,1,0,0,0,0,0,0,20/21,B
Hottgenroth,Tim,FER,Portiere,35,1,1,0,1,0,1.0,7,0,0,0,0,0,0,0,20/21,B
Topfer,Erik,AUE,Portiere,12,2,1,1,1,0,0.5,5,0,0,0,0,0,0,0,20/21,B
Kasch,Felix,VFL,Terzino Sinistro,5,5,1,4,1,0,0.2,1,1,0,0,0,0,0,0,20/21,B
Hassferter,Michael,KON,Portiere,34,4,1,3,1,0,0.25,7,2,0,0,0,0,0,0,20/21,B
Luderschmid,Michael,FFB,Portiere,35,5,1,4,1,0,0.2,3,1,0,0,0,0,0,0,20/21,B
Hanisch,Libor,DES,Pivot,4,2,1,1,1,0,0.5,2,1,1,2,2,2,0,0,20/21,B
Schauer,Franz,AUE,Terzino Sinistro,15,2,1,1,1,0,0.5,2,0,1,1,4,9,1,0,20/21,B
Valerio,Diogo,GUM,Portiere,36,1,1,0,1,0,1.0,0,0,0,0,0,0,0,0,20/21,B
Suljakovic,Anadin,AUE,Portiere,28,1,1,0,1,0,1.0,2,0,0,0,0,0,0,0,20/21,B
Kozubik,Vojta,AUE,Terzino Destro,5,1,1,0,1,0,1.0,0,0,0,0,0,0,0,0,20/21,B
Johannmeyer,Fynn,DOR,Terzino Destro,14,2,1,1,1,0,0.5,0,2,0,0,0,0,0,0,20/21,B
Jockel,Patrick,TVH,Pivot,29,4,1,3,1,0,0.25,0,0,0,4,0,1,0,0,20/21,B
Malek,Julian,DES,Portiere,34,2,1,1,1,0,0.5,1,0,0,0,0,0,0,0,20/21,B
Tsuyama,Hiromi,AUE,Centrale,23,4,1,3,0,1,0.25,0,1,0,0,0,0,0,0,20/21,B
Oberosler,Louis,FFB,Portiere,20,1,1,0,1,0,1.0,3,1,0,1,0,0,0,0,20/21,B
Blum,Matthis,DOR,Centrale,5,3,1,2,1,0,0.3333,0,0,0,0,0,0,0,0,20/21,B
Fehrenbach,Felix,KON,Ala Destra,8,2,1,1,1,0,0.5,0,0,0,0,0,1,0,0,20/21,B
Hoepfner,Noel Benjamin,TVH,Terzino Sinistro,3,2,1,1,1,0,0.5,0,1,0,0,0,0,0,0,20/21,B
Runkel,Fabio,ASV,Pivot,1,2,1,1,1,0,0.5,0,0,0,0,0,0,0,0,20/21,B
Viana,Gabriel,GUM,Ala Sinistra,2,3,1,2,1,0,0.3333,0,0,0,0,0,0,0,0,20/21,B
Vortmann,Jens,HSV,Portiere,35,0,0,0,0,0,0.0,6,2,0,0,1,1,0,0,20/21,B
Weber,Nikolai,TVH,Portiere,34,0,0,0,0,0,0.0,3,0,0,0,0,0,0,0,20/21,B
Lackovic,Blazenko,HSV,Terzino Sinistro,6,0,0,0,0,0,0.0,0,0,0,0,1,0,0,0,20/21,B
Puhl,Lucas,FER,Portiere,11,0,0,0,0,0,0.0,4,0,0,0,0,0,0,0,20/21,B
Klockmann,Dennis,VFL,Portiere,24,0,0,0,0,0,0.0,1,0,0,0,0,0,0,0,20/21,B
Maier,Jonas,HSV,Portiere,35,0,0,0,0,0,0.0,6,0,0,0,0,0,0,0,20/21,B
Zorb,Moritz,TVH,Pivot,1,0,0,0,0,0,0.0,1,2,0,1,0,0,0,0,20/21,B
Hanemann,Stefan,FFB,Portiere,30,0,0,0,0,0,0.0,1,1,0,0,0,0,0,0,20/21,B
Hertlein,Felix,ASV,Portiere,34,0,0,0,0,0,0.0,4,0,0,0,1,1,0,0,20/21,B
Mittendorf,Kai,KON,Centrale,1,0,0,0,0,0,0.0,0,0,0,0,0,0,0,0,20/21,B
Peveling,Jan,HSV,Portiere,1,0,0,0,0,0,0.0,0,0,0,0,0,0,0,0,20/21,B
Madert,Konstantin,TVE,Portiere,36,0,0,0,0,0,0.0,9,0,1,0,0,0,0,0,20/21,B
Broy,Matthias Jan,DOR,Portiere,2,0,0,0,0,0,0.0,0,0,0,0,0,0,0,0,20/21,B
Broszinski,Jan Niklas,FER,Portiere,3,0,0,0,0,0,0.0,1,0,0,0,0,0,1,0,20/21,B
Petursson,Sveinbjorn,AUE,Portiere,36,0,0,0,0,0,0.0,11,1,0,0,1,0,0,0,20/21,B
Grunz,Angelo,WHV,Portiere,5,0,0,0,0,0,0.0,0,0,0,0,0,0,0,0,20/21,B
Engelhardt,Jorg,VFL,Portiere,4,0,0,0,0,0,0.0,0,0,0,0,0,0,0,0,20/21,B
Wesemann,Jan,ASV,Portiere,36,0,0,0,0,0,0.0,0,1,0,0,0,0,0,0,20/21,B
Juzbasic,Martin,DOR,Portiere,22,0,0,0,0,0,0.0,8,1,3,1,0,0,0,0,20/21,B
Hasenforther,Lasse,GUM,Portiere,2,0,0,0,0,0,0.0,0,0,0,0,0,0,0,0,20/21,B
Haller,Christian,FFB,Centrale,2,0,0,0,0,0,0.0,0,0,1,0,0,0,0,0,20/21,B
Lehmann,Nick,SGB,Portiere,32,0,0,0,0,0,0.0,0,0,0,0,0,1,0,0,20/21,B
Sorg,Leon,FER,Terzino Sinistro,2,0,0,0,0,0,0.0,0,0,0,0,1,0,0,0,20/21,B
Franke,Luis,WÖW,Terzino Sinistro,3,0,0,0,0,0,0.0,0,0,0,0,0,0,0,0,20/21,B
Kokoszka,Marcel,HSV,Portiere,16,0,0,0,0,0,0.0,0,0,0,0,0,0,0,0,20/21,B
Stecken,Mathis,ASV,Portiere,2,0,0,0,0,0,0.0,0,0,0,0,0,0,0,0,20/21,B
Volar,Kristian,EIS,Centrale,21,0,0,0,0,0,0.0,0,0,0,0,0,0,0,0,20/21,B
Bojanic,Vladimir,WHV,Pivot,2,0,0,0,0,0,0.0,0,0,0,2,0,2,0,0,20/21,B
Herrmann,Lukas,KON,Portiere,4,0,0,0,0,0,0.0,0,0,0,0,0,0,0,0,20/21,B
Simonsen,Christian Ole,DOR,Portiere,17,0,0,0,0,0,0.0,0,0,0,0,0,1,0,0,20/21,B
Borchert,Julian,VFL,Portiere,4,0,0,0,0,0,0.0,0,0,0,0,0,0,0,0,20/21,B
Jepsen,Johannes,NLB,Portiere,22,0,0,0,0,0,0.0,1,0,0,1,0,0,0,0,20/21,B
Eres,Ivan,WHV,Portiere,20,0,0,0,0,0,0.0,2,0,1,0,0,0,0,0,20/21,B
Conrad,Nils,VFL,Portiere,32,0,0,0,0,0,0.0,3,2,0,0,0,0,0,0,20/21,B
Bohne,Simon,TVH,Portiere,6,0,0,0,0,0,0.0,0,0,0,0,0,0,0,0,20/21,B
Eichberger,Thomas,EIS,Portiere,31,0,0,0,0,0,0.0,3,0,0,0,0,0,0,0,20/21,B
Winkler,Markus,FFB,Portiere,2,0,0,0,0,0,0.0,0,0,0,0,0,0,0,0,20/21,B
Baranasic,Filip,DOR,Portiere,6,0,0,0,0,0,0.0,0,0,0,0,0,0,0,0,20/21,B
Hass,Alexander,VFL,Portiere,6,0,0,0,0,0,0.0,0,1,0,0,0,0,0,0,20/21,B
Schuster,Joe,GUM,Terzino Sinistro,8,0,0,0,0,0,0.0,1,0,0,0,0,0,0,0,20/21,B
Gores,Tom,ELB,Portiere,17,0,0,0,0,0,0.0,0,0,0,0,0,0,0,0,20/21,B
Noack,Marius,ELB,Portiere,19,0,0,0,0,0,0.0,2,0,0,0,0,0,0,0,20/21,B
Ebert,Moritz,KON,Portiere,10,0,0,0,0,0,0.0,0,1,0,0,0,0,0,0,20/21,B
Durica,Marin,FER,Portiere,34,0,0,0,0,0,0.0,5,1,0,0,0,0,0,0,20/21,B
Lucke,Ole,TVE,Portiere,7,0,0,0,0,0,0.0,0,0,0,0,0,0,0,0,20/21,B
Leubner,Jonas,AUE,Terzino Sinistro,1,0,0,0,0,0,0.0,0,0,0,0,0,0,0,0,20/21,B
Bochmann,Pascal,AUE,Portiere,26,0,0,0,0,0,0.0,3,0,0,0,0,0,0,0,20/21,B
Bader,Jona,SGB,Ala Destra,2,0,0,0,0,0,0.0,0,0,0,0,0,0,0,0,20/21,B
Reich,Lucas,SGB,Portiere,5,0,0,0,0,0,0.0,0,0,0,0,0,0,0,0,20/21,B
Fehr,Andreas,EIS,Portiere,18,0,0,0,0,0,0.0,0,0,0,0,0,0,0,0,20/21,B
Kowalski,Peter,NLB,Portiere,4,0,0,0,0,0,0.0,0,0,0,0,0,0,0,0,20/21,B
Gronek,Bjarne,VFL,Portiere,1,0,0,0,0,0,0.0,0,0,0,0,0,0,0,0,20/21,B
Stasch,Levin,WHV,Portiere,34,0,0,0,0,0,0.0,2,0,0,0,0,0,0,0,20/21,B
Moller,Jan,HSV,Ala Destra,1,0,0,0,0,0,0.0,0,0,0,0,0,0,0,0,20/21,B
Ludorf,Benjamin,DOR,Portiere,1,0,0,0,0,0,0.0,0,0,0,0,0,0,0,0,20/21,B
Eigenbrodt,Moritz,ASV,Centrale,3,0,0,0,0,0,0.0,0,2,0,0,0,0,0,0,20/21,B
Mehlhorn,Nick,AUE,Portiere,1,0,0,0,0,0,0.0,0,0,0,0,0,0,0,0,20/21,B
Steinhaus,Soren,DOR,Centrale,3,0,0,0,0,0,0.0,0,3,0,0,0,0,0,0,20/21,B
Tschuri,Robert,WÖW,Portiere,3,0,0,0,0,0,0.0,0,0,0,0,0,0,0,0,20/21,B
Tamms,Lukas,TVE,Centrale,3,0,0,0,0,0,0.0,0,0,0,0,0,0,0,0,20/21,B
Beck Jorgensen,Mikkel Junggaard,ASV,Centrale,4,0,0,0,0,0,0.0,0,0,0,0,0,0,0,0,20/21,B
Kaysen,Loic,GUM,Centrale,1,0,0,0,0,0,0.0,0,0,0,0,0,0,0,0,20/21,B
Martic Gercar,,NLB,Portiere,11,0,0,0,0,0,0.0,1,0,0,0,0,0,0,0,20/21,B
Niestroj,Maurice,ELB,Centrale,2,0,0,0,0,0,0.0,0,0,0,0,0,0,0,0,20/21,B
Ohm,Julian,TVG,Portiere,6,0,0,0,0,0,0.0,0,0,0,0,0,0,0,0,20/21,B
Albers,Kenneth,WHV,Terzino Destro,1,0,0,0,0,0,0.0,0,0,0,0,0,0,0,0,20/21,B
Weiner,Filip,WHV,Ala Sinistra,1,0,0,0,0,0,0.0,0,0,0,0,0,0,0,0,20/21,B
Hangstein,Fynn,EIS,Centrale,38,414,277,137,173,104,0.6690999999999999,99,37,13,0,10,12,1,0,21/22,B
Savvas,Savvas,TVG,Terzino Sinistro,38,485,261,224,229,32,0.5381,115,70,19,5,3,7,0,0,21/22,B
Holzner,Dirk,TVE,Ala Sinistra,38,315,229,86,130,99,0.727,13,16,6,0,1,4,0,0,21/22,B
Huesmann,Fabian,ASV,Ala Sinistra,38,293,222,71,124,98,0.7576999999999999,3,20,8,1,1,7,0,0,21/22,B
Mappes,Dominik,TVH,Centrale,30,321,211,110,175,36,0.6573,115,37,6,0,2,13,0,0,21/22,B
Norouzinezhad Gharehlou,Pouya,HAG,Terzino Sinistro,37,335,209,126,182,27,0.6239,93,36,9,4,1,11,0,0,21/22,B
Hrstka,Jakub,DES,Ala Sinistra,35,255,208,47,166,42,0.8157,11,17,10,2,2,9,1,0,21/22,B
Pohle,Georg,NOL,Terzino Sinistro,37,339,203,136,178,25,0.5988,89,41,5,15,9,30,4,0,21/22,B
ten Velde,Rutger,FER,Ala Sinistra,35,254,192,62,104,88,0.7559,6,11,9,0,0,9,1,0,21/22,B
Versteijnen,Niels Gerardus,VFL,Terzino Destro,38,327,192,135,165,27,0.5871999999999999,142,69,9,4,4,15,0,0,21/22,B
Vorlicek,Philipp,HAG,Terzino Destro,36,297,188,109,188,0,0.633,47,41,8,4,7,17,0,0,21/22,B
Weber,Ian,TVH,Centrale,38,287,186,101,127,59,0.6481,79,29,12,8,9,14,2,0,21/22,B
Schmidt,Patrick,WÖW,Centrale,32,310,184,126,125,59,0.5935,68,31,9,4,1,12,0,0,21/22,B
Beyer,Noah,TUE,Ala Sinistra,29,246,184,62,73,111,0.748,9,12,15,0,0,4,0,0,21/22,B
Wagner,Hendrik,LUD,Terzino Sinistro,35,347,182,165,155,27,0.5245000000000001,62,31,4,8,4,9,0,0,21/22,B
Wesseling,Sven,SGB,Terzino Sinistro,38,291,173,118,86,87,0.5945,77,35,7,14,5,9,2,0,21/22,B
Koster,Julian,GUM,Terzino Sinistro,35,277,173,104,173,0,0.6245,129,43,24,17,5,12,0,0,21/22,B
Baijens,Dani,ASV,Centrale,37,257,168,89,168,0,0.6537000000000001,107,61,6,1,6,15,0,0,21/22,B
Bozovic,Janko,GUM,Terzino Destro,33,276,167,109,101,66,0.6051,39,28,4,3,2,5,0,0,21/22,B
Weber,Robert,NOL,Ala Destra,38,251,166,85,100,66,0.6614,14,17,15,3,0,2,0,0,21/22,B
Blohme,Lukas,GUM,Ala Destra,32,215,166,49,144,22,0.7720999999999999,7,11,14,1,3,8,1,1,21/22,B
Gress,Sebastian,ELB,Centrale,36,268,166,102,166,0,0.6194,81,26,8,5,1,2,0,0,21/22,B
Salger,Stefan,LUD,Terzino Destro,37,289,162,127,162,0,0.5606,36,27,7,10,9,27,2,0,21/22,B
Ribeiro,Goncalo,AUE,Centrale,37,260,160,100,125,35,0.6154,70,43,5,0,0,4,0,0,21/22,B
Reimer,Jan,DOR,Ala Destra,33,218,160,58,83,77,0.7339,1,11,5,1,1,2,0,0,21/22,B
Grozdanic,Milos,COB,Ala Sinistra,36,228,159,69,73,86,0.6973999999999999,6,11,14,0,2,7,1,0,21/22,B
Billek,Florian,COB,Ala Destra,30,207,156,51,139,17,0.7536,19,14,17,0,0,5,0,0,21/22,B
Schafer,Christian,SGB,Ala Destra,38,216,156,60,112,44,0.7222,14,3,20,0,1,6,0,0,21/22,B
Schomig,Dominik,WÖW,Ala Sinistra,37,217,155,62,110,45,0.7143,17,15,14,0,1,3,0,0,21/22,B
Meuser,Andre,DOR,Terzino Destro,35,274,147,127,147,0,0.5365,46,48,2,2,2,9,1,0,21/22,B
Loser,Timo,DES,Terzino Sinistro,33,239,147,92,147,0,0.6151,65,41,2,2,1,4,0,0,21/22,B
Morante Maldonado,Eloy,TUE,Centrale,37,219,145,74,122,23,0.6620999999999999,75,43,28,7,3,15,0,0,21/22,B
Lux,Maximilian,AUE,Ala Destra,35,216,143,73,140,3,0.662,6,13,3,0,4,7,0,0,21/22,B
Busch,Pierre,TVG,Ala Destra,37,195,142,53,90,52,0.7282,6,7,11,0,1,5,2,0,21/22,B
Jansen,Tom,TVG,Terzino Destro,25,234,141,93,119,22,0.6026,52,22,4,3,3,10,1,0,21/22,B
Klima,Matej,VFL,Terzino Sinistro,28,219,139,80,139,0,0.6347,59,27,5,3,4,7,0,0,21/22,B
Dierberg,Julius,ELB,Ala Sinistra,37,174,136,38,92,44,0.7816,6,16,17,0,1,1,0,0,21/22,B
Sohmann,Vincent,DES,Centrale,32,192,134,58,74,60,0.6979000000000001,70,35,1,3,4,13,0,0,21/22,B
Pust,Yannick-Marcos,DES,Ala Destra,34,207,134,73,133,1,0.6473,8,27,21,1,3,16,1,0,21/22,B
Breitenfeldt,Robin,HRO,Centrale,21,197,130,67,74,56,0.6598999999999999,34,19,2,0,0,0,0,0,21/22,B
Bornhorn,Bengt,AUE,Pivot,28,176,129,47,69,60,0.733,0,26,0,1,0,4,2,1,21/22,B
Emanuel,Max,DES,Terzino Destro,36,246,129,117,129,0,0.5244,55,48,7,4,11,20,0,0,21/22,B
Kammlodt,Adrian,AUE,Terzino Sinistro,30,231,128,103,128,0,0.5540999999999999,56,34,10,1,3,8,0,0,21/22,B
Dumcius,Mindaugas,ELB,Terzino Destro,36,217,126,91,124,2,0.5806,67,41,3,4,5,10,1,0,21/22,B
Fuss,Merlin,COB,Terzino Destro,38,213,125,88,125,0,0.5869,80,50,20,3,1,6,0,0,21/22,B
Saul,Alexander,EIS,Terzino Destro,35,223,124,99,124,0,0.5561,61,46,1,2,0,5,0,0,21/22,B
Fischer,Jonathan,SGB,Pivot,37,160,124,36,124,0,0.775,11,17,7,1,3,9,0,0,21/22,B
Terhaer,Yannick,TVE,Ala Destra,37,178,123,55,97,26,0.691,6,15,10,0,2,10,0,0,21/22,B
Bornemann,Andreas,FER,Terzino Destro,29,221,122,99,122,0,0.552,41,35,2,0,4,7,0,0,21/22,B
De la Pena,Juan,SGB,Centrale,38,199,122,77,122,0,0.6131,56,43,10,5,4,16,0,0,21/22,B
Genz,Jo Gerrit,ASV,Terzino Destro,38,215,120,95,118,2,0.5581,46,18,3,4,3,9,0,0,21/22,B
Kretschmer,Nils Holger,ELB,Terzino Sinistro,36,202,119,83,90,29,0.5891,65,26,12,27,5,26,1,0,21/22,B
Stegefelt,Markus,NOL,Terzino Sinistro,38,199,119,80,89,30,0.598,48,30,3,9,10,23,0,0,21/22,B
Halfdansson,Arnar Birkir,AUE,Terzino Destro,38,224,116,108,116,0,0.5179,101,50,7,2,1,9,0,0,21/22,B
Hansen,Markus,VFL,Centrale,37,175,115,60,73,42,0.6570999999999999,37,27,6,5,3,4,0,0,21/22,B
Theiss,Niklas,TVH,Terzino Destro,36,201,115,86,115,0,0.5721,83,14,14,4,2,9,0,0,21/22,B
Von Boenigk,Jan,ASV,Terzino Destro,38,202,114,88,114,0,0.5644,80,19,12,2,0,5,0,0,21/22,B
Thummler,Jonas,HRO,Pivot,28,145,112,33,111,1,0.7724,6,19,2,11,4,11,0,0,21/22,B
Schreiber,Hendrik,TVH,Terzino Sinistro,32,191,112,79,112,0,0.5864,47,24,15,3,6,10,0,0,21/22,B
Vidarsson,Ellidi Snaer,GUM,Pivot,37,139,109,30,109,0,0.7842,25,19,11,16,7,18,1,1,21/22,B
Snajder,Ivan,EIS,Ala Sinistra,32,145,108,37,106,2,0.7448,15,12,11,3,7,31,2,0,21/22,B
Orlowski,Marian,ASV,Terzino Sinistro,38,214,107,107,99,8,0.5,72,54,1,7,3,8,1,0,21/22,B
Claus,Dominik,SGB,Terzino Destro,32,159,107,52,107,0,0.6729999999999999,64,31,8,3,0,8,1,0,21/22,B
Falk,Alexander,LUD,Ala Destra,35,145,106,39,106,0,0.731,11,6,4,0,1,10,0,0,21/22,B
Raguse,Mex,VFL,Terzino Sinistro,36,200,104,96,104,0,0.52,49,32,9,0,3,12,0,0,21/22,B
Wieling,Tim,ASV,Ala Destra,37,143,103,40,83,20,0.7203,4,14,8,0,2,3,0,0,21/22,B
Tokic,Ante,EIS,Ala Destra,36,150,102,48,102,0,0.68,19,20,15,1,0,6,1,0,21/22,B
Dayan,Yonatan,WÖW,Centrale,35,189,102,87,102,0,0.5397,53,31,7,0,2,11,0,0,21/22,B
Schneibel,Jannis,EIS,Centrale,37,169,102,67,99,3,0.6036,98,43,23,3,0,9,0,0,21/22,B
Pregler,Ole,GUM,Centrale,37,182,101,81,101,0,0.5549000000000001,70,66,1,3,2,2,0,0,21/22,B
Schroder,Andreas,COB,Terzino Sinistro,36,204,100,104,100,0,0.4902,36,26,13,9,1,7,0,0,21/22,B
Firnhaber,Lucas,TUE,Terzino Destro,36,193,100,93,100,0,0.5181,50,28,2,3,3,11,1,0,21/22,B
Ottsen,Jonas,HRO,Terzino Sinistro,36,172,99,73,99,0,0.5756,58,57,5,2,4,6,0,0,21/22,B
Huter,Ian,DOR,Centrale,27,165,98,67,98,0,0.5939,57,38,9,4,2,17,0,0,21/22,B
Brosch,Jan,ASV,Pivot,36,135,97,38,97,0,0.7184999999999999,12,18,6,23,8,26,3,0,21/22,B
Roch,Kevin,AUE,Ala Sinistra,35,153,95,58,95,0,0.6209,8,10,3,16,8,25,6,0,21/22,B
Toom,Karl,COB,Terzino Sinistro,37,167,95,72,95,0,0.5689,32,35,1,2,3,9,0,0,21/22,B
Stark,Mario,TVG,Centrale,33,173,94,79,94,0,0.5434,68,44,4,4,3,17,0,0,21/22,B
Kaufmann,Steffen,WÖW,Terzino Destro,34,215,93,122,93,0,0.4326,90,40,3,1,3,7,0,0,21/22,B
Schmidt,Valentin,HAG,Centrale,24,164,93,71,59,34,0.5671,65,14,0,0,1,0,0,0,21/22,B
Witte,Nick,HRO,Ala Sinistra,34,130,93,37,62,31,0.7154,3,9,9,0,0,4,1,0,21/22,B
Klingler,Felix,TUE,Ala Destra,37,128,92,36,74,18,0.7188,8,13,11,4,0,5,0,0,21/22,B
Mestrum,Daniel,HAG,Ala Sinistra,35,142,92,50,92,0,0.6479,3,11,7,1,0,6,1,0,21/22,B
Michel,Mattis,FER,Pivot,36,123,92,31,76,16,0.748,13,17,6,16,7,17,0,0,21/22,B
Toromanovic,Damian,HAG,Ala Destra,35,139,91,48,91,0,0.6547,4,8,17,0,1,7,0,0,21/22,B
Kirschner,Tristan,TVH,Ala Destra,33,130,91,39,91,0,0.7,3,14,6,1,2,11,0,0,21/22,B
Prohl,Tilman,HAG,Pivot,38,129,90,39,90,0,0.6977,22,32,16,23,13,18,0,0,21/22,B
Varvne,Tobias,COB,Terzino Sinistro,29,134,90,44,90,0,0.6716,43,32,6,3,3,6,0,0,21/22,B
Becher,Lukas,TUE,Ala Sinistra,36,127,88,39,88,0,0.6929000000000001,9,12,7,1,2,5,0,0,21/22,B
Zobel,Rene,ELB,Terzino Destro,32,191,87,104,87,0,0.4554999999999999,15,21,1,6,2,11,1,0,21/22,B
Possehl,Julian,NOL,Terzino Destro,36,131,86,45,86,0,0.6565000000000001,78,36,5,1,5,15,1,0,21/22,B
Muller,Justin,TUE,Centrale,35,141,85,56,85,0,0.6028,57,42,5,6,4,7,0,0,21/22,B
Kurch,Justin,COB,Pivot,35,106,85,21,85,0,0.8019,3,27,1,5,10,24,1,0,21/22,B
Steidtmann,Janos,HRO,Ala Destra,31,122,85,37,65,20,0.6967,4,13,4,1,1,2,0,0,21/22,B
Gaubatz,Jan-Lars,HAG,Terzino Destro,32,170,84,86,75,9,0.4941,34,16,5,1,0,4,0,0,21/22,B
Wucherpfennig,Lukas,ELB,Ala Destra,16,107,84,23,49,35,0.785,2,2,5,0,0,1,0,0,21/22,B
Rozman,Tim,TUE,Terzino Destro,33,145,84,61,84,0,0.5793,80,54,4,10,1,11,0,0,21/22,B
Stefan,Tim,HAG,Terzino Sinistro,34,174,83,91,83,0,0.477,38,21,8,7,6,8,2,0,21/22,B
Link,Jonas,SGB,Centrale,35,150,82,68,82,0,0.5467,35,22,6,2,0,8,0,0,21/22,B
Mickal,Pavel,NOL,Ala Sinistra,36,135,82,53,74,8,0.6074,5,4,10,0,2,4,0,0,21/22,B
Stuber,Frederic,TVE,Pivot,32,105,81,24,81,0,0.7714,14,18,7,16,10,27,4,0,21/22,B
Huter,Patrick,DOR,Pivot,38,114,79,35,79,0,0.693,12,28,6,6,12,29,3,0,21/22,B
Lofstrom,Carl,VFL,Pivot,30,118,79,39,79,0,0.6695,5,19,3,10,4,9,0,0,21/22,B
Danneberg,Yannick,DES,Terzino Sinistro,32,154,79,75,76,3,0.513,57,27,4,12,3,7,0,0,21/22,B
Grbavac,Ante,DOR,Terzino Sinistro,31,158,79,79,58,21,0.5,14,19,0,1,1,4,0,0,21/22,B
Walz,Peter,EIS,Pivot,37,115,78,37,78,0,0.6783,19,31,5,10,10,36,3,0,21/22,B
Ignatow,Dimitri,TUE,Ala Destra,36,112,78,34,78,0,0.6964,7,10,10,0,1,6,0,0,21/22,B
Paraschiv,Sebastian,AUE,Centrale,36,128,77,51,77,0,0.6015999999999999,63,45,15,3,4,11,1,0,21/22,B
Styrmisson,Hakon Dadi,GUM,Ala Sinistra,16,105,76,29,61,15,0.7238,4,6,5,1,1,3,0,0,21/22,B
Vlahovic,Nikola,SGB,Terzino Sinistro,38,154,75,79,75,0,0.487,30,21,7,9,10,20,0,0,21/22,B
Kovacic,David,WÖW,Pivot,36,104,75,29,75,0,0.7212000000000001,7,29,2,3,8,34,1,0,21/22,B
Schwabe,Jakob,TVE,Pivot,37,92,74,18,74,0,0.8043,11,10,6,38,13,18,1,0,21/22,B
Santos,Raul,GUM,Ala Sinistra,31,102,74,28,73,1,0.7254999999999999,9,9,8,1,2,5,1,0,21/22,B
Sauer,Julian,WÖW,Ala Destra,36,116,74,42,74,0,0.6379,3,12,8,0,2,14,0,0,21/22,B
Strakeljahn,Simon,FER,Centrale,29,119,73,46,72,1,0.6134000000000001,28,20,1,2,2,1,0,0,21/22,B
Schult,Jan,VFL,Terzino Sinistro,33,98,72,26,72,0,0.7347,15,14,5,9,9,13,1,0,21/22,B
Volzke,Tim,HRO,Terzino Sinistro,27,125,72,53,72,0,0.5760000000000001,61,28,3,10,2,15,0,0,21/22,B
Kretschmer,Finn,VFL,Ala Destra,32,111,72,39,72,0,0.6486,5,13,11,0,4,9,0,0,21/22,B
Asmussen,Philipp,HRO,Terzino Destro,30,124,72,52,72,0,0.5806,32,31,4,0,0,8,0,0,21/22,B
Bandlow,Frieder,TVG,Terzino Destro,37,123,72,51,72,0,0.5854,55,39,7,0,6,12,0,0,21/22,B
Neuhold,Christoph,ELB,Centrale,36,137,71,66,71,0,0.5182,53,30,5,1,2,1,1,0,21/22,B
Emanuel,Oskar,ELB,Terzino Destro,36,119,71,48,71,0,0.5966,11,5,6,1,3,7,0,0,21/22,B
Szczesny,Dennis,TUE,Terzino Sinistro,36,128,70,58,70,0,0.5468999999999999,44,30,14,15,4,22,2,1,21/22,B
Jungemann,Philip,ELB,Pivot,33,89,70,19,70,0,0.7865000000000001,13,18,6,23,8,34,2,0,21/22,B
Schneider,Julian,FER,Centrale,36,113,70,43,70,0,0.6195,30,26,2,2,6,17,0,0,21/22,B
Schwarz,Philipp,TVH,Ala Sinistra,36,96,70,26,69,1,0.7292000000000001,2,10,5,0,1,1,1,0,21/22,B
Pechstein,Marc,HRO,Terzino Sinistro,37,125,69,56,32,37,0.552,30,33,4,18,8,22,1,0,21/22,B
Hofmann,Jannik,LUD,Ala Sinistra,35,97,68,29,50,18,0.701,5,12,2,2,2,4,0,0,21/22,B
Corak,Dino,TVG,Pivot,35,95,68,27,68,0,0.7158,11,16,5,10,4,22,0,0,21/22,B
Siegler,Lukas,FER,Terzino Sinistro,31,122,67,55,67,0,0.5492,26,25,5,3,3,8,0,0,21/22,B
Neuhaus,Max,LUD,Centrale,36,107,67,40,48,19,0.6262,18,21,1,1,0,4,2,0,21/22,B
Pfeifer,Alexander,SGB,Ala Sinistra,37,101,67,34,67,0,0.6634,1,14,11,0,1,7,0,0,21/22,B
Senden,Alexander,DOR,Terzino Sinistro,19,113,67,46,67,0,0.5929,21,22,2,1,4,10,0,0,21/22,B
Barthe,Paco,SGB,Centrale,36,102,66,36,66,0,0.6470999999999999,33,19,14,11,5,23,1,0,21/22,B
Nowatzki,Maximilian,TVE,Terzino Destro,33,145,66,79,66,0,0.4552,58,35,8,0,3,11,0,0,21/22,B
Eres,Josip,FER,Ala Destra,19,94,66,28,56,10,0.7021,7,10,13,0,0,1,0,0,21/22,B
Schliedermann,Marcel,TVE,Centrale,35,110,65,45,65,0,0.5909,36,33,1,0,1,8,1,0,21/22,B
Torbrugge,Nils,NOL,Pivot,29,78,65,13,65,0,0.8332999999999999,5,14,3,18,2,16,0,0,21/22,B
Rink,Thomas,TVG,Pivot,37,85,65,20,65,0,0.7646999999999999,7,24,4,19,5,15,0,0,21/22,B
Lossner,Richard,HRO,Ala Destra,36,107,65,42,65,0,0.6075,2,5,10,0,0,4,1,0,21/22,B
Dahlhaus,Tim,SGB,Terzino Destro,35,136,64,72,64,0,0.4706,26,18,5,5,0,22,1,0,21/22,B
Seidel,Lasse,NOL,Ala Sinistra,31,87,63,24,63,0,0.7241,7,5,10,2,1,2,0,0,21/22,B
Runarsson,Anton,TVE,Centrale,37,121,63,58,63,0,0.5207,65,47,1,0,0,2,0,0,21/22,B
Eisel,Marc-Robin,LUD,Centrale,37,101,63,38,62,1,0.6238,32,25,4,0,1,5,1,0,21/22,B
Schramm,Ole,TVE,Terzino Sinistro,19,114,62,52,62,0,0.5439,29,26,1,4,1,8,0,0,21/22,B
Wilhelm,Christian,HRO,Pivot,36,82,62,20,62,0,0.7561,5,5,1,9,2,6,0,0,21/22,B
Dangers,Markus,TUE,Pivot,32,91,61,30,61,0,0.6703,8,20,1,1,0,6,1,0,21/22,B
Seesing,Aron,DOR,Pivot,37,85,61,24,61,0,0.7176,8,22,10,11,6,25,0,0,21/22,B
Rompf,Christian,TVH,Ala Sinistra,35,99,59,40,54,5,0.596,8,1,3,4,7,15,0,0,21/22,B
Schaffer,Jan,COB,Pivot,37,82,59,23,59,0,0.7195,22,14,15,25,7,19,0,0,21/22,B
Skorupa,Paul,VFL,Pivot,34,84,59,25,59,0,0.7023999999999999,0,9,8,6,2,14,0,0,21/22,B
Stavast,Ivar,ELB,Centrale,33,116,58,58,58,0,0.5,51,36,7,4,5,18,1,0,21/22,B
Zorb,Moritz,TVH,Pivot,34,79,57,22,57,0,0.7215,5,14,6,14,10,21,4,0,21/22,B
Stuber,Jonas,GUM,Pivot,38,72,57,15,56,1,0.7917000000000001,1,12,0,0,1,1,0,0,21/22,B
Gonschor,Fynn,VFL,Ala Sinistra,36,77,57,20,57,0,0.7403,2,14,3,0,0,8,0,0,21/22,B
Herzig,Fynn,GUM,Terzino Sinistro,27,87,56,31,56,0,0.6437,35,18,6,3,1,7,0,0,21/22,B
Pretzewofsky,Jan,ASV,Ala Destra,38,72,55,17,55,0,0.7639,7,4,7,0,0,1,0,0,21/22,B
Schauer,Kuno,TVG,Centrale,36,98,55,43,55,0,0.5611999999999999,30,28,3,0,0,3,0,0,21/22,B
Karle,Felix,WÖW,Ala Destra,37,77,55,22,55,0,0.7143,5,6,4,0,3,2,0,0,21/22,B
Schrader,Janik,VFL,Terzino Destro,32,86,54,32,32,22,0.6279,8,15,2,0,3,3,0,0,21/22,B
Keskic,Enes,LUD,Ala Sinistra,38,80,53,27,53,0,0.6625,6,9,5,1,0,4,0,0,21/22,B
Egilsnes,Aki,AUE,Terzino Destro,35,87,52,35,52,0,0.5977,43,29,0,4,4,11,0,0,21/22,B
Seidler,Oliver,DES,Pivot,23,80,52,28,52,0,0.65,11,12,10,12,4,24,1,0,21/22,B
Scheithauer,Max,DES,Terzino Sinistro,30,103,51,52,51,0,0.4951,69,34,5,3,7,8,1,0,21/22,B
Voss-Fels,Kim,FER,Terzino Destro,23,102,51,51,50,1,0.5,23,15,0,0,4,7,0,0,21/22,B
Janssen,Robin,TVE,Terzino Sinistro,18,88,51,37,51,0,0.5795,31,27,7,5,3,7,0,0,21/22,B
Bicer,Gorkem,TVG,Ala Destra,31,69,50,19,45,5,0.7245999999999999,4,6,3,0,1,2,0,0,21/22,B
Grgic,Mislav,DOR,Terzino Sinistro,17,80,50,30,45,5,0.625,11,17,2,1,0,1,1,0,21/22,B
Persson,Jorn,FER,Centrale,38,78,50,28,50,0,0.6409999999999999,38,30,4,0,1,2,0,0,21/22,B
Weyhrauch,Willy,EIS,Ala Destra,35,80,49,31,49,0,0.6125,5,12,6,0,1,4,0,0,21/22,B
Remmlinger,Jan,LUD,Terzino Sinistro,21,98,49,49,49,0,0.5,52,21,2,0,1,6,0,0,21/22,B
Asmuth,Jan,SGB,Ala Sinistra,27,63,48,15,48,0,0.7619,6,4,13,0,1,5,0,0,21/22,B
Rudiger,Tim,FER,Ala Destra,27,79,48,31,48,0,0.6076,2,2,3,0,1,1,0,0,21/22,B
Meyer-Siebert,Julius,LUD,Terzino Sinistro,18,92,48,44,48,0,0.5217,13,18,0,7,1,5,0,0,21/22,B
Mast,Tim,DOR,Ala Sinistra,2,86,48,38,48,0,0.5581,8,17,7,0,0,2,0,0,21/22,B
Fujita,Ryuga,TVH,Ala Destra,38,74,48,26,48,0,0.6486,10,5,1,0,0,0,0,0,21/22,B
Langhans,Gabor,TVE,Terzino Destro,11,98,46,52,46,0,0.4694,17,12,1,4,1,8,0,0,21/22,B
Bruhn,Jasper,VFL,Terzino Destro,32,99,46,53,46,0,0.4646,25,18,6,6,3,15,0,0,21/22,B
Kalafut,Dominik,NOL,Pivot,36,58,46,12,46,0,0.7931,1,22,3,3,7,20,2,0,21/22,B
Diebel,Niklas,FER,Terzino Sinistro,36,97,46,51,46,0,0.4742,28,21,3,0,2,4,0,0,21/22,B
Ostenberg,Orn Vesteinsson,TVE,Terzino Sinistro,19,89,45,44,45,0,0.5056,18,20,0,1,1,1,0,0,21/22,B
Terwolbeck,Alexander,NOL,Centrale,30,69,44,25,44,0,0.6377,47,26,0,0,0,1,0,0,21/22,B
Reichl,Vit,TVH,Pivot,19,60,44,16,44,0,0.7333,0,15,0,0,0,1,0,0,21/22,B
Zeman,Stepan,GUM,Pivot,37,57,44,13,44,0,0.7719,9,22,7,41,11,35,0,0,21/22,B
Runarsson,Tumi Steinn,COB,Centrale,21,72,43,29,40,3,0.5972,37,27,1,0,0,2,0,0,21/22,B
Jaeger,Felix,WÖW,Terzino Sinistro,27,84,42,42,42,0,0.5,30,16,0,1,1,1,0,0,21/22,B
Klenk,Moritz,TVG,Ala Sinistra,38,77,42,35,42,0,0.5455,3,10,7,0,2,5,1,0,21/22,B
Fontaine,Daniel,NOL,Terzino Sinistro,37,91,41,50,41,0,0.4504999999999999,45,27,7,5,1,4,0,0,21/22,B
Wohler,Adrian,EIS,Ala Sinistra,34,56,41,15,33,8,0.7321,0,3,2,0,0,3,0,0,21/22,B
Bohm,Lukas,WÖW,Terzino Destro,33,94,41,53,41,0,0.4362,25,18,2,1,1,6,0,0,21/22,B
Schutze,Maximilian,HRO,Pivot,37,70,41,29,41,0,0.5857,4,10,1,2,2,2,0,0,21/22,B
Kolk,Paul,TVE,Ala Sinistra,36,60,41,19,41,0,0.6833,3,2,8,1,0,6,0,0,21/22,B
Buergin,Theo Guenter,HAG,Ala Sinistra,38,69,41,28,41,0,0.5942000000000001,0,4,7,0,0,2,0,0,21/22,B
Duvancic,Valentino,FER,Pivot,28,55,41,14,41,0,0.7454999999999999,3,13,4,14,4,12,0,0,21/22,B
Quade,Henning,ELB,Pivot,33,59,40,19,37,3,0.6779999999999999,2,7,0,0,0,2,0,0,21/22,B
Hideg,Daniel,EIS,Terzino Sinistro,24,91,40,51,40,0,0.4396,17,11,7,6,1,8,0,0,21/22,B
Dzialakiewicz,Szymon,GUM,Terzino Destro,37,94,40,54,40,0,0.4255,26,16,1,0,0,3,0,0,21/22,B
Schneider,Timm,GUM,Centrale,33,73,39,34,39,0,0.5342,52,18,8,8,1,15,1,0,21/22,B
Brielmeier,Benedikt,WÖW,Terzino Sinistro,23,88,39,49,39,0,0.4432,15,12,5,4,2,9,0,0,21/22,B
Schmidt,Jesper,HRO,Ala Sinistra,29,58,39,19,39,0,0.6724,2,5,5,1,0,6,2,0,21/22,B
Kohnagel,Per Oke,HRO,Centrale,31,57,38,19,38,0,0.6667000000000001,112,54,3,0,0,5,0,0,21/22,B
Biernacki,Patryk,DOR,Terzino Sinistro,26,77,38,39,36,2,0.4935,20,20,3,1,3,8,0,0,21/22,B
Dimietrievski,Darko,TVE,Terzino Sinistro,38,79,38,41,38,0,0.481,44,32,2,2,2,7,1,0,21/22,B
Gliese,Lennart,DES,Terzino Destro,24,57,37,20,37,0,0.6491,2,4,2,1,1,9,3,0,21/22,B
Klimek,Christian,LUD,Pivot,28,54,36,18,36,0,0.6667000000000001,9,23,2,18,4,23,1,0,21/22,B
Eisentrager,Florian,TVG,Ala Sinistra,21,53,36,17,34,2,0.6792,6,8,4,0,1,5,0,0,21/22,B
de Boer,Luca,NOL,Pivot,37,55,36,19,36,0,0.6545000000000001,10,17,3,22,6,24,3,0,21/22,B
Preller,Max,COB,Ala Sinistra,29,57,35,22,32,3,0.614,3,6,3,0,2,1,0,0,21/22,B
Vanco,Marek,ELB,Ala Sinistra,38,49,34,15,34,0,0.6939,6,6,8,0,1,1,0,0,21/22,B
Leu,Tillman,DES,Pivot,35,51,34,17,34,0,0.6667000000000001,5,6,3,11,4,15,2,0,21/22,B
Durak,Pascal,LUD,Ala Destra,17,52,33,19,21,12,0.6346,2,7,1,0,0,0,0,0,21/22,B
Schneider,Lucas,FER,Terzino Destro,34,69,33,36,33,0,0.4783,16,10,1,2,2,11,1,0,21/22,B
Slachta,Petr,AUE,Pivot,37,40,33,7,33,0,0.825,14,13,9,17,7,15,1,0,21/22,B
Klein,Jannek,LUD,Terzino Destro,13,52,32,20,32,0,0.6154,21,9,3,1,0,4,0,0,21/22,B
Potisk,Martin,EIS,Centrale,33,49,32,17,32,0,0.6531,21,15,1,1,0,1,0,0,21/22,B
Ohler,Max,SGB,Ala Sinistra,32,57,32,25,32,0,0.5614,10,12,3,0,1,9,0,0,21/22,B
Mehler,Dennis,HRO,Pivot,38,46,32,14,32,0,0.6957,5,5,8,27,9,23,4,0,21/22,B
Bielzer,Tim,DES,Pivot,38,48,31,17,31,0,0.6457999999999999,14,16,8,18,5,17,0,0,21/22,B
Becker,Alexander,HAG,Pivot,20,34,30,4,30,0,0.8824,7,6,8,19,3,11,0,0,21/22,B
Sudmeier,Soren,ASV,Centrale,27,54,30,24,30,0,0.5556,12,11,1,0,1,4,0,0,21/22,B
Ellwanger,Jonas,TUE,Centrale,20,51,30,21,30,0,0.5882000000000001,25,14,7,2,1,7,1,0,21/22,B
Sousa,Ruben,EIS,Pivot,38,41,30,11,30,0,0.7317,3,11,4,0,4,15,0,0,21/22,B
Haider,Maximilian,LUD,Pivot,22,39,29,10,29,0,0.7436,8,12,0,7,5,15,2,0,21/22,B
Klein,Johannes,TVH,Terzino Sinistro,34,49,29,20,29,0,0.5918,7,3,9,3,3,23,3,0,21/22,B
Knauer,Jakob,COB,Terzino Destro,26,43,29,14,29,0,0.6744,8,10,2,0,1,1,0,0,21/22,B
Mubenzem,Dieudonne,COB,Terzino Destro,34,52,29,23,29,0,0.5577000000000001,15,8,2,2,2,1,0,0,21/22,B
Visser,Sander,NOL,Ala Destra,36,48,29,19,28,1,0.6042000000000001,3,4,5,0,0,0,0,0,21/22,B
Steinhaus,Soren,DOR,Centrale,30,52,29,23,28,1,0.5577000000000001,20,17,2,1,0,2,0,0,21/22,B
Sterba,Jakub,DOR,Ala Destra,16,44,28,16,28,0,0.6364,6,11,8,0,4,10,0,0,21/22,B
Dietrich,Gunnar,LUD,Terzino Sinistro,38,46,27,19,27,0,0.5870000000000001,24,16,4,48,8,20,2,0,21/22,B
Meddeb,Yessine,LUD,Terzino Destro,32,46,27,19,27,0,0.5870000000000001,5,8,2,1,0,1,0,0,21/22,B
Kneer,Stefan,TVH,Terzino Sinistro,37,53,26,27,26,0,0.4906,14,8,6,6,2,13,0,0,21/22,B
Hermann,Alexander,GUM,Terzino Sinistro,19,53,26,27,26,0,0.4906,11,9,0,3,0,6,0,0,21/22,B
Neumann,Nicolas,DES,Ala Sinistra,37,42,26,16,21,5,0.619,0,3,3,2,0,2,0,0,21/22,B
Ritterbach,Joscha,VFL,Ala Sinistra,13,38,25,13,25,0,0.6579,4,5,5,0,2,1,0,0,21/22,B
Mizumachi,Kotaro,VFL,Centrale,34,51,25,26,25,0,0.4902,11,13,3,0,0,3,0,0,21/22,B
Jerebie,Julian Ernest,AUE,Pivot,18,32,24,8,24,0,0.75,4,17,1,4,3,21,1,0,21/22,B
Miedema,Patrick,NOL,Centrale,34,49,23,26,23,0,0.4694,15,15,0,2,1,1,0,0,21/22,B
Mikita,Matej,ASV,Terzino Sinistro,32,44,23,21,23,0,0.5227,22,9,1,17,6,18,1,0,21/22,B
Fanger,Julius,GUM,Centrale,33,38,23,15,23,0,0.6053000000000001,7,9,0,1,0,2,0,0,21/22,B
Hahn,Tobias,TVH,Ala Destra,24,35,22,13,15,7,0.6286,4,3,0,1,0,1,0,0,21/22,B
Buschmann,Arseniy,ELB,Centrale,35,35,22,13,22,0,0.6286,21,17,7,0,5,15,0,0,21/22,B
Andrejew,Daniel,HAG,Pivot,12,27,22,5,22,0,0.8148000000000001,2,3,1,1,1,1,0,0,21/22,B
Engelhardt,Alexander,ASV,Pivot,38,32,22,10,22,0,0.6875,1,3,0,4,0,1,0,0,21/22,B
Ulshofer,Jonas,EIS,Centrale,34,41,22,19,22,0,0.5366,12,14,0,0,0,2,0,0,21/22,B
Merk,Alexander,WÖW,Pivot,32,26,22,4,22,0,0.8462000000000001,4,2,5,1,3,5,0,0,21/22,B
Boschen,Nils,SGB,Pivot,34,33,21,12,21,0,0.6364,6,6,5,2,3,18,1,0,21/22,B
Wasielewski,Johannes,NOL,Terzino Destro,17,43,21,22,21,0,0.4884,15,14,1,2,3,10,0,0,21/22,B
Schneider,Nico,AUE,Terzino Sinistro,15,36,21,15,21,0,0.5832999999999999,6,10,1,1,2,9,0,0,21/22,B
Bergner,Tom,TUE,Pivot,19,35,21,14,21,0,0.6,5,11,0,0,1,5,0,0,21/22,B
Neagu,Stefan Valentin,WÖW,Pivot,21,29,21,8,21,0,0.7241,3,3,1,6,3,8,0,0,21/22,B
Bauer,Stefan,COB,Pivot,29,27,21,6,21,0,0.7778,1,9,0,4,1,13,1,0,21/22,B
Mihaljevic,Rene,TVE,Pivot,38,27,21,6,21,0,0.7778,4,7,3,12,4,12,1,0,21/22,B
Athanassoglou,Julian,HAG,Ala Destra,37,29,19,10,18,1,0.6552,0,6,3,1,0,3,0,0,21/22,B
Reuland,Joshua,DOR,Ala Sinistra,10,28,18,10,12,6,0.6429,0,1,1,0,0,1,0,0,21/22,B
Kiesler,Tom,GUM,Terzino Sinistro,38,23,18,5,18,0,0.7826000000000001,18,6,15,13,6,10,1,0,21/22,B
Opitz,Phillip,TVH,Terzino Destro,28,31,18,13,18,0,0.5806,3,5,3,3,0,8,0,0,21/22,B
Renninger,Julian,HAG,Pivot,14,22,17,5,17,0,0.7726999999999999,2,3,6,5,4,5,0,0,21/22,B
Dicker,Daniel,EIS,Terzino Sinistro,38,31,17,14,17,0,0.5484,18,5,5,24,5,34,1,0,21/22,B
Rikhardsson,Odinn Thor,GUM,Ala Destra,3,22,17,5,17,0,0.7726999999999999,0,0,0,0,0,0,0,0,21/22,B
Karvatski,Artur,DOR,Terzino Destro,8,34,17,17,15,2,0.5,5,4,1,0,0,0,0,0,21/22,B
Schutze,Alexander,HRO,Terzino Destro,15,27,17,10,17,0,0.6296,6,4,2,0,1,1,0,0,21/22,B
Baumgarten,Simon,WÖW,Pivot,13,23,16,7,16,0,0.6957,4,6,2,2,5,6,0,0,21/22,B
Meyer,Philipp,WÖW,Pivot,24,25,16,9,16,0,0.64,10,5,9,18,9,21,2,0,21/22,B
Reimann,Alexander,ASV,Ala Sinistra,34,28,16,12,16,0,0.5714,3,0,5,0,0,2,0,0,21/22,B
Haseler,Mathis,GUM,Ala Destra,17,20,16,4,16,0,0.8,1,3,3,0,0,3,0,0,21/22,B
Meschke,Benjamin,ASV,Pivot,20,24,15,9,15,0,0.625,3,4,1,3,4,15,2,0,21/22,B
Durr,Linus,WÖW,Ala Sinistra,31,22,15,7,15,0,0.6818000000000001,2,1,2,0,0,0,0,0,21/22,B
Ribeiro,Joel,TVH,Terzino Sinistro,15,26,15,11,14,1,0.5769,9,7,0,2,0,2,0,0,21/22,B
Jockel,Patrick,TVH,Pivot,29,22,15,7,15,0,0.6818000000000001,1,6,1,2,0,5,0,0,21/22,B
Kister,Lukas,HAG,Centrale,31,27,14,13,14,0,0.5185,18,6,4,6,0,2,0,0,21/22,B
Donker,Malte,EIS,Terzino Destro,35,23,14,9,14,0,0.6087,19,16,3,2,0,9,0,0,21/22,B
Juskenas,Lukas,COB,Centrale,32,34,14,20,14,0,0.4118,24,15,2,0,0,0,0,0,21/22,B
Dettenthaler,Felix,COB,Ala Sinistra,15,18,14,4,12,2,0.7778,0,1,2,0,0,0,0,0,21/22,B
Thomas,Julian,TVE,Ala Destra,38,30,14,16,14,0,0.4667,1,5,1,0,0,3,0,0,21/22,B
Bratzke,Niko,HAG,Centrale,29,31,14,17,14,0,0.4515999999999999,8,7,2,1,3,5,0,0,21/22,B
Schulz,Michael,ELB,Pivot,24,20,13,7,13,0,0.65,7,5,1,8,4,12,0,0,21/22,B
Buhrer,Pascal,LUD,Centrale,7,15,13,2,13,0,0.8667,12,3,3,0,1,0,0,0,21/22,B
Klein,Luca,HAG,Centrale,19,22,13,9,13,0,0.5909,8,6,0,0,0,1,0,0,21/22,B
Waschul,Martin,VFL,Centrale,26,13,12,1,12,0,0.9231,3,4,4,13,6,19,2,0,21/22,B
Richter,Benjamin,DOR,Centrale,5,27,12,15,11,1,0.4443999999999999,10,5,0,0,0,0,0,0,21/22,B
Potratz,Mattis,VFL,Ala Sinistra,27,20,12,8,12,0,0.6,2,0,0,0,0,1,0,0,21/22,B
Klepp,Vincent Emilio,ELB,Ala Destra,22,19,12,7,11,1,0.6315999999999999,1,0,2,0,0,1,0,0,21/22,B
Ebert,Pascal,AUE,Ala Sinistra,16,15,11,4,10,1,0.7333,1,2,0,0,1,1,0,0,21/22,B
Glatthard,Viktor,TUE,Pivot,37,16,11,5,11,0,0.6875,5,3,5,5,5,8,2,0,21/22,B
Haeske,Malvin,DES,Terzino Destro,30,25,11,14,11,0,0.44,4,2,1,0,0,1,0,0,21/22,B
Bombelka,Elias,AUE,Ala Destra,26,16,11,5,11,0,0.6875,0,4,0,0,0,3,0,0,21/22,B
Weit,Dennis,TVG,Centrale,27,23,10,13,10,0,0.4347999999999999,4,6,1,1,2,6,0,0,21/22,B
Zboril,Jakub,HRO,Ala Sinistra,21,17,10,7,10,0,0.5882000000000001,0,1,3,0,0,4,0,0,21/22,B
Leitz,Lennart,DOR,Ala Destra,24,21,10,11,6,4,0.4761999999999999,0,0,2,0,0,1,0,0,21/22,B
Beckers,Janis,DOR,Terzino Destro,3,12,10,2,10,0,0.8332999999999999,1,4,0,0,0,1,0,0,21/22,B
Ranke,Fynn,VFL,Pivot,8,13,9,4,9,0,0.6923,1,4,1,3,1,2,0,0,21/22,B
Vekic,Josip,TVE,Terzino Destro,13,24,9,15,9,0,0.375,10,8,0,1,0,2,0,0,21/22,B
Ravensbergen,Bart,NOL,Portiere,28,13,9,4,9,0,0.6923,6,1,0,0,0,1,0,0,21/22,B
Seidel,Malte,TUE,Terzino Sinistro,31,9,8,1,8,0,0.8889,11,1,5,18,4,10,0,0,21/22,B
Iffert,Hannes,EIS,Pivot,31,8,8,0,8,0,1.0,1,1,0,0,0,1,0,0,21/22,B
Kasai,Oleksandr,FER,Ala Sinistra,6,12,8,4,6,2,0.6667000000000001,0,1,2,1,0,1,0,0,21/22,B
Zurga,Jaka,DOR,Ala Sinistra,27,18,8,10,8,0,0.4443999999999999,1,2,0,0,0,2,0,0,21/22,B
Sova,Daniel,AUE,Terzino Sinistro,18,13,8,5,8,0,0.6154,4,0,0,0,0,0,0,0,21/22,B
Job,Stefan,LUD,Pivot,6,9,7,2,7,0,0.7778,0,1,0,0,1,1,0,0,21/22,B
Franke,Luis,WÖW,Terzino Sinistro,2,9,7,2,7,0,0.7778,0,2,1,0,0,0,0,0,21/22,B
Wellner,Leon,ELB,Pivot,13,9,7,2,7,0,0.7778,0,0,0,0,0,1,0,0,21/22,B
Schroven,Finn,GUM,Ala Destra,13,10,7,3,4,3,0.7,3,0,1,0,0,1,0,0,21/22,B
Koloper,Branimir,FER,Pivot,38,7,6,1,6,0,0.8571,6,4,2,19,8,29,3,0,21/22,B
Lux,Kevin,AUE,Pivot,18,10,6,4,6,0,0.6,0,0,0,9,5,11,0,0,21/22,B
Baumgart,Luka,DES,Centrale,19,8,6,2,6,0,0.75,10,4,3,6,5,13,1,0,21/22,B
Schikora,Paul,COB,Ala Destra,21,10,6,4,6,0,0.6,0,3,0,0,0,3,0,0,21/22,B
Fuchs,Markus,ASV,Terzino Sinistro,25,6,5,1,5,0,0.8332999999999999,5,4,4,16,7,15,3,0,21/22,B
Faulenbach,Jonas,FER,Terzino Sinistro,3,8,5,3,5,0,0.625,4,5,0,0,0,2,0,0,21/22,B
Petursson,Sveinbjorn,AUE,Portiere,35,6,5,1,5,0,0.8332999999999999,1,0,0,0,0,0,0,0,21/22,B
Babarskas,Povilas,TVG,Terzino Destro,36,10,5,5,5,0,0.5,6,4,2,20,10,18,1,0,21/22,B
Ivanisevic,Tibor,GUM,Portiere,38,9,5,4,5,0,0.5556,13,3,0,0,0,0,0,0,21/22,B
Simonsen,Christian Ole,DOR,Portiere,31,6,5,1,5,0,0.8332999999999999,2,0,0,0,0,0,0,0,21/22,B
Urban,Mario,SGB,Ala Destra,29,12,5,7,5,0,0.4167,1,0,2,0,0,0,0,0,21/22,B
Patzel,Jonas,NOL,Terzino Sinistro,23,14,5,9,5,0,0.3571,0,3,0,0,0,1,0,0,21/22,B
Kooij,Lars Mitchell,ASV,Pivot,13,7,5,2,5,0,0.7143,0,1,0,0,1,2,0,0,21/22,B
Rehfus,Lucas,DOR,Terzino Sinistro,7,9,5,4,5,0,0.5556,1,2,0,0,0,0,0,0,21/22,B
Dutschke,Jannik,AUE,Ala Sinistra,29,9,5,4,5,0,0.5556,0,1,0,0,0,1,0,0,21/22,B
Niestroj,Maurice,ELB,Centrale,5,7,5,2,5,0,0.7143,0,2,0,0,0,0,0,0,21/22,B
Minerva,Jan Steffen,TVG,Portiere,35,6,4,2,4,0,0.6667000000000001,6,4,1,0,0,0,0,0,21/22,B
Mallwitz,Marino,WÖW,Portiere,38,5,4,1,4,0,0.8,6,1,0,0,0,1,0,0,21/22,B
Topfer,Erik,AUE,Portiere,36,9,4,5,4,0,0.4443999999999999,14,3,0,0,1,0,1,0,21/22,B
Kamper,Jonas,TUE,Terzino Sinistro,7,5,4,1,4,0,0.8,0,1,0,0,0,0,0,0,21/22,B
Queckenstedt,Jonas,HAG,Centrale,16,13,4,9,4,0,0.3077,4,5,0,0,0,0,0,0,21/22,B
Puhl,Lucas,FER,Portiere,26,3,3,0,3,0,1.0,7,1,1,0,0,0,0,0,21/22,B
Ambrosius,Philip,DES,Portiere,37,3,3,0,3,0,1.0,25,13,0,0,0,0,0,0,21/22,B
Plaue,Dominik,TVH,Portiere,37,5,3,2,3,0,0.6,0,0,0,0,0,0,0,0,21/22,B
Wieser,Andreas,WÖW,Portiere,38,5,3,2,3,0,0.6,3,0,0,0,0,0,0,0,21/22,B
Sorda,Nikola,LUD,Pivot,5,3,3,0,3,0,1.0,0,0,0,0,0,0,0,0,21/22,B
Nagy,Martin,GUM,Portiere,36,6,3,3,3,0,0.5,6,0,0,0,0,0,0,0,21/22,B
Lucin,Fran,EIS,Portiere,22,3,3,0,3,0,1.0,3,0,1,0,0,1,0,0,21/22,B
Homscheid,Nils,TUE,Centrale,16,5,3,2,2,1,0.6,3,0,0,0,0,0,0,0,21/22,B
Gansau,Elias,DES,Terzino Sinistro,9,7,3,4,3,0,0.4286,1,1,0,0,0,1,0,0,21/22,B
Reidegeld,Jona,TUE,Ala Destra,5,4,3,1,3,0,0.75,0,0,0,0,0,0,0,0,21/22,B
Koster,Moritz,DOR,Terzino Sinistro,5,4,3,1,3,0,0.75,0,0,0,0,0,0,0,0,21/22,B
Maier,Jonas,NOL,Portiere,15,2,2,0,2,0,1.0,4,0,0,0,0,0,0,0,21/22,B
Mehrkens,Felix,HRO,Centrale,12,4,2,2,2,0,0.5,3,3,0,0,0,1,0,0,21/22,B
Poltrum,Konstantin,SGB,Portiere,36,3,2,1,2,0,0.6667000000000001,7,0,0,0,0,0,0,0,21/22,B
Buhrmester,Bjorn,NOL,Portiere,30,3,2,1,2,0,0.6667000000000001,3,1,0,0,0,0,0,0,21/22,B
Beemsterboer,Jaap,HAG,Terzino Sinistro,3,2,2,0,2,0,1.0,2,1,1,0,0,0,0,0,21/22,B
Mohs,Max,ELB,Portiere,33,2,2,0,2,0,1.0,2,1,0,0,0,0,0,0,21/22,B
Grzesinski,Mats,HAG,Portiere,37,4,2,2,2,0,0.5,3,2,0,0,0,1,0,0,21/22,B
Dasburg,Oliver,DOR,Terzino Sinistro,4,4,2,2,2,0,0.5,5,2,0,0,0,1,0,0,21/22,B
Adanir,Can,TVG,Portiere,37,2,2,0,2,0,1.0,1,0,0,0,0,0,0,0,21/22,B
Bozic,Vladimir,ASV,Portiere,34,1,1,0,1,0,1.0,10,0,0,0,0,1,0,0,21/22,B
Klockmann,Dennis,VFL,Portiere,25,3,1,2,1,0,0.3333,3,0,0,0,0,0,0,0,21/22,B
Kulhanek,Jan,COB,Portiere,36,2,1,1,1,0,0.5,19,0,0,0,0,0,0,0,21/22,B
Rentschler,Marco,SGB,Ala Destra,6,2,1,1,1,0,0.5,4,6,0,0,0,0,0,0,21/22,B
Asanin,Matej,LUD,Portiere,30,2,1,1,1,0,0.5,2,1,0,0,0,0,0,0,21/22,B
Mahncke,Tobias,HAG,Portiere,37,2,1,1,1,0,0.5,9,0,0,0,0,0,0,0,21/22,B
Roth,Felix,AUE,Ala Destra,11,1,1,0,1,0,1.0,0,2,0,0,0,1,0,0,21/22,B
Lehmann,Nick,SGB,Portiere,36,2,1,1,1,0,0.5,1,0,0,0,0,0,0,0,21/22,B
Witte,Leon,HRO,Centrale,2,1,1,0,1,0,1.0,1,1,0,0,0,0,0,0,21/22,B
Schauer,Franz,AUE,Terzino Sinistro,30,9,1,8,1,0,0.1110999999999999,0,3,0,2,0,7,1,0,21/22,B
Buinenko,Evgeniy,TVE,Terzino Sinistro,4,6,1,5,1,0,0.1667,1,2,0,0,0,1,0,0,21/22,B
Diedrich,Lukas,TUE,Portiere,33,1,1,0,1,0,1.0,8,0,0,0,0,0,0,0,21/22,B
Jepsen,Johannes,EIS,Portiere,38,2,1,1,1,0,0.5,7,1,0,0,0,1,0,0,21/22,B
Jochens,Jan,COB,Portiere,38,1,1,0,1,0,1.0,6,1,0,0,0,0,0,0,21/22,B
Uth,Till Bastian,TVH,Pivot,3,1,1,0,1,0,1.0,0,0,0,0,0,0,0,0,21/22,B
Noack,Marius,ELB,Portiere,10,1,1,0,1,0,1.0,2,0,0,0,0,0,0,0,21/22,B
Lewandowski,Luca,TUE,Ala Sinistra,2,2,1,1,1,0,0.5,0,0,0,0,0,1,0,0,21/22,B
Bochmann,Pascal,AUE,Portiere,16,1,1,0,1,0,1.0,0,0,0,0,0,0,0,0,21/22,B
Viana,Gabriel,GUM,Ala Sinistra,5,3,1,2,1,0,0.3333,0,0,1,0,0,0,0,0,21/22,B
Susser,Lukas,SGB,Pivot,6,1,1,0,1,0,1.0,0,0,0,0,0,0,0,0,21/22,B
Goldbeck,Leon,TVE,Terzino Sinistro,4,1,1,0,1,0,1.0,0,0,0,0,0,0,0,0,21/22,B
Wellner,Julio,ELB,Pivot,3,1,1,0,1,0,1.0,0,1,0,0,0,0,0,0,21/22,B
Huhnstock,Mario,ELB,Portiere,33,0,0,0,0,0,0.0,7,2,0,0,0,0,0,0,21/22,B
Bliss,Sebastian,TUE,Portiere,36,0,0,0,0,0,0.0,9,1,0,0,0,0,0,0,21/22,B
Leenders,Toon,NOL,Pivot,2,0,0,0,0,0,0.0,0,0,0,0,0,0,0,0,21/22,B
Peribonio,Roko,LUD,Portiere,1,0,0,0,0,0,0.0,0,0,0,0,0,0,0,0,21/22,B
Michel,Jannis,FER,Portiere,2,0,0,0,0,0,0.0,0,0,0,0,0,0,0,0,21/22,B
Hertlein,Felix,ASV,Portiere,38,0,0,0,0,0,0.0,5,2,0,0,0,0,0,0,21/22,B
Welz,Pascal,SGB,Portiere,3,0,0,0,0,0,0.0,0,0,0,0,0,0,0,0,21/22,B
Schmidt,Daniel,DES,Pivot,15,0,0,0,0,0,0.0,1,0,0,0,0,5,0,0,21/22,B
Meinl,Timo,ELB,Portiere,7,0,0,0,0,0,0.0,0,0,0,0,0,0,0,0,21/22,B
Bartels,Dennis,NOL,Portiere,4,0,0,0,0,0,0.0,0,1,0,0,0,0,0,0,21/22,B
Krechel,Oliver,TVE,Portiere,37,0,0,0,0,0,0.0,7,0,1,0,0,3,0,0,21/22,B
Wetzel,Robert,HRO,Portiere,34,0,0,0,0,0,0.0,1,1,0,0,0,0,0,0,21/22,B
Broy,Matthias Jan,DOR,Portiere,2,0,0,0,0,0,0.0,0,0,0,0,0,0,0,0,21/22,B
Rottschafer,Kai Bastian,FER,Portiere,30,0,0,0,0,0,0.0,5,0,0,0,0,0,0,0,21/22,B
Paske,Maurice,TVE,Portiere,38,0,0,0,0,0,0.0,16,5,1,0,0,1,0,0,21/22,B
Hottgenroth,Tim,FER,Portiere,24,0,0,0,0,0,0.0,3,0,0,0,0,0,0,0,21/22,B
Kraus,Marius,HAG,Ala Destra,2,0,0,0,0,0,0.0,0,0,0,0,0,0,0,0,21/22,B
Apfel,Fabian,COB,Portiere,18,0,0,0,0,0,0.0,3,1,0,0,0,0,0,0,21/22,B
Hoffmann,Robin,ELB,Ala Destra,1,0,0,0,0,0,0.0,0,0,0,0,0,0,0,0,21/22,B
Wesemann,Jan,ASV,Portiere,7,0,0,0,0,0,0.0,0,0,0,0,0,0,0,0,21/22,B
Juzbasic,Martin,DOR,Portiere,37,0,0,0,0,0,0.0,8,0,1,0,0,0,0,0,21/22,B
Fuchs,Arne,TUE,Portiere,8,0,0,0,0,0,0.0,1,0,0,0,0,0,0,0,21/22,B
Wicklein,Jan,FER,Ala Destra,1,0,0,0,0,0,0.0,0,0,0,0,0,0,0,0,21/22,B
Mehler,Leon,HRO,Portiere,34,0,0,0,0,0,0.0,1,0,0,0,0,1,0,0,21/22,B
Cirac,Manel,LUD,Pivot,1,0,0,0,0,0,0.0,0,0,0,0,0,0,0,0,21/22,B
Urban,Lukas,SGB,Terzino Sinistro,1,0,0,0,0,0,0.0,0,0,0,0,0,0,0,0,21/22,B
Valerio,Diogo,GUM,Portiere,3,0,0,0,0,0,0.0,1,0,0,0,0,0,0,0,21/22,B
Michel,Linus,FER,Centrale,5,0,0,0,0,0,0.0,0,0,0,0,0,0,0,0,21/22,B
Voncina,Blaz,VFL,Portiere,27,0,0,0,0,0,0.0,0,1,0,0,0,1,0,0,21/22,B
Hoblaj,Leon,LUD,Portiere,19,0,0,0,0,0,0.0,0,0,0,0,0,0,0,0,21/22,B
Prager,Tillmann,ELB,Portiere,1,0,0,0,0,0,0.0,0,0,0,0,0,0,0,0,21/22,B
Conrad,Nils,VFL,Portiere,26,0,0,0,0,0,0.0,3,0,0,0,0,0,0,0,21/22,B
Bohne,Simon,TVH,Portiere,29,0,0,0,0,0,0.0,0,0,0,0,0,0,0,0,21/22,B
Eichberger,Thomas,EIS,Portiere,15,0,0,0,0,0,0.0,0,0,0,0,0,0,0,0,21/22,B
Jurisic,David,ASV,Terzino Destro,2,0,0,0,0,0,0.0,0,0,0,0,0,0,0,0,21/22,B
Klama,Joonas,DOR,Portiere,8,0,0,0,0,0,0.0,0,0,0,0,0,0,0,0,21/22,B
Kozubik,Vojta,AUE,Terzino Destro,2,0,0,0,0,0,0.0,0,0,0,0,0,0,0,0,21/22,B
Panisic,Igor,HAG,Pivot,3,0,0,0,0,0,0.0,0,0,0,0,0,0,0,0,21/22,B
Hagen,Melf,VFL,Centrale,5,0,0,0,0,0,0.0,0,0,0,0,0,0,0,0,21/22,B
Johannmeyer,Fynn,DOR,Terzino Destro,21,0,0,0,0,0,0.0,0,0,0,0,0,0,0,0,21/22,B
Barth,Dario,FER,Ala Sinistra,1,0,0,0,0,0,0.0,0,0,0,0,0,0,0,0,21/22,B
Malek,Julian,DES,Portiere,37,0,0,0,0,0,0.0,1,0,0,0,0,0,0,0,21/22,B
Urbic,Ziga,LUD,Portiere,37,0,0,0,0,0,0.0,4,0,0,0,0,0,0,0,21/22,B
Ludorf,Benjamin,DOR,Portiere,1,0,0,0,0,0,0.0,0,0,0,0,0,0,0,0,21/22,B
Tschuri,Robert,WÖW,Portiere,1,0,0,0,0,0,0.0,0,0,0,0,0,0,0,0,21/22,B
Schoesse,Florian,ASV,Centrale,15,0,0,0,0,0,0.0,0,1,0,0,0,0,0,0,21/22,B
Tamms,Lukas,TVE,Centrale,5,0,0,0,0,0,0.0,0,0,0,0,0,0,0,0,21/22,B
Eickhoff,Bruno,GUM,Pivot,1,0,0,0,0,0,0.0,0,0,0,0,0,0,0,0,21/22,B
Hoepfner,Noel Benjamin,TVH,Terzino Sinistro,2,0,0,0,0,0,0.0,0,0,0,0,0,0,0,0,21/22,B
Ohm,Julian,TVG,Portiere,8,0,0,0,0,0,0.0,0,0,0,0,0,0,0,0,21/22,B
Koelsch,Niklas,ASV,Centrale,1,0,0,0,0,0,0.0,0,0,0,0,0,0,0,0,21/22,B
Waldgenbach,Jan,LUD,Terzino Destro,1,0,0,0,0,0,0.0,0,0,0,0,0,0,0,0,21/22,B
Moussa,Noah,ASV,Terzino Sinistro,3,0,0,0,0,0,0.0,0,0,0,0,0,0,0,0,21/22,B
Schaller,Tim,LUD,Ala Sinistra,2,0,0,0,0,0,0.0,0,0,0,0,0,0,0,0,21/22,B
Siegler,Julius,COB,Centrale,7,0,0,0,0,0,0.0,0,0,0,0,0,0,0,0,21/22,B
Maximilian,Eugler,DOR,Pivot,7,0,0,0,0,0,0.0,0,0,0,2,0,2,0,0,21/22,B
Wolfram,Finn,DOR,Pivot,5,0,0,0,0,0,0.0,0,0,0,0,0,0,0,0,21/22,B
Valkovskis,Janis Pavels,COB,Terzino Sinistro,2,0,0,0,0,0,0.0,0,0,0,0,0,0,0,0,21/22,B
Goldbeck,Leon,TVE,Terzino Sinistro,1,0,0,0,0,0,0.0,0,1,0,0,0,0,0,0,21/22,B
Stein,Daniel,DOR,Ala Destra,4,0,0,0,0,0,0.0,0,0,0,0,0,0,0,0,21/22,B
Schrammm,Silas,VFL,Portiere,5,0,0,0,0,0,0.0,0,0,0,0,0,0,0,0,21/22,B
Trager,Florian,DOR,Terzino Destro,4,0,0,0,0,0,0.0,0,0,0,0,0,0,0,0,21/22,B
Kutt,Silas,WÖW,Ala Destra,2,0,0,0,0,0,0.0,0,0,0,0,0,0,0,0,21/22,B
Ewers,Jesse,HRO,Portiere,4,0,0,0,0,0,0.0,0,0,0,0,0,0,0,0,21/22,B
Ruspeler,Finn,TVH,Portiere,9,0,0,0,0,0,0.0,1,0,0,0,0,0,0,0,21/22,B
Schroter,Niklas,VFL,Portiere,2,0,0,0,0,0,0.0,0,0,0,0,0,0,0,0,21/22,B
Panzer,Ariel Alberto,VFL,Portiere,4,0,0,0,0,0,0.0,0,0,0,0,0,0,0,0,21/22,B
Uhl,Paul Ernst,HRO,Portiere,8,0,0,0,0,0,0.0,0,0,0,0,0,0,0,0,21/22,B
Speckmann,Silas,NOL,Centrale,5,0,0,0,0,0,0.0,0,0,0,0,0,0,0,0,21/22,B
Seidemann,Philipp,DES,Portiere,3,0,0,0,0,0,0.0,0,0,0,0,0,0,0,0,21/22,B
Meier,Kilian,HRO,Pivot,1,0,0,0,0,0,0.0,0,0,0,0,0,0,0,0,21/22,B
Steinberg,Tom,HRO,Terzino Sinistro,2,0,0,0,0,0,0.0,0,0,0,0,0,0,0,0,21/22,B
Bednar,Jan,HAG,Centrale,16,0,0,0,0,0,0.0,1,1,0,0,0,4,0,0,21/22,B
Schlafmann,Veit,LUD,Ala Destra,8,0,0,0,0,0,0.0,0,1,0,0,0,0,0,0,21/22,B
Martin,Nicolai,TVH,Ala Sinistra,1,0,0,0,0,0,0.0,0,0,0,0,0,0,0,0,21/22,B
Mund,Noah,COB,Ala Destra,4,0,0,0,0,0,0.0,0,0,1,0,0,0,0,0,21/22,B
Funke,Christopher-Robin,HAG,Ala Sinistra,1,0,0,0,0,0,0.0,0,0,0,0,0,0,0,0,21/22,B
Tietbohl,Nils,TVH,Terzino Sinistro,1,0,0,0,0,0,0.0,0,0,0,0,0,0,0,0,21/22,B
Hochmuth,Moritz,HRO,Terzino Destro,2,0,0,0,0,0,0.0,0,0,0,0,0,0,0,0,21/22,B
Titzmann,Tim,SGB,Terzino Sinistro,2,0,0,0,0,0,0.0,0,0,0,0,0,0,0,0,21/22,B
Brenner,Vincent,SGB,Ala Destra,2,0,0,0,0,0,0.0,0,0,0,0,0,0,0,0,21/22,B
Umejiwgo,Wesley,HAG,Portiere,2,0,0,0,0,0,0.0,0,0,0,0,0,0,0,0,21/22,B
Werschkull,Finley,DOR,Ala Sinistra,1,0,0,0,0,0,0.0,0,0,0,0,0,0,0,0,21/22,B
Weller,Jonas,SGB,Portiere,2,0,0,0,0,0,0.0,0,0,0,0,0,0,0,0,21/22,B
Ingwald,Marc,HAG,Ala Destra,1,0,0,0,0,0,0.0,0,0,0,0,0,0,0,0,21/22,B
Holtz,Jan Frederik,TVE,Portiere,1,0,0,0,0,0,0.0,0,0,0,0,0,0,0,0,21/22,B
Krenz,Jonas,WÖW,Pivot,2,0,0,0,0,0,0.0,0,0,0,0,0,1,0,0,21/22,B
Schmidt,Jan-Christian,DOR,Pivot,1,0,0,0,0,0,0.0,0,0,0,0,0,0,0,0,21/22,B
Malchow,Viktor,HRO,Portiere,1,0,0,0,0,0,0.0,0,0,0,0,0,0,0,0,21/22,B
Schwaiger,Timo,ELB,Terzino Sinistro,1,0,0,0,0,0,0.0,0,0,0,0,0,0,0,0,21/22,B
Hangstein,Fynn,EIS,Centrale,37,372,262,110,135,127,0.7043,65,39,6,0,3,16,0,0,22/23,B
Turchenko,Ihor,HCM,Terzino Sinistro,36,418,241,177,186,55,0.5766,82,59,5,5,4,23,2,0,22/23,B
Weber,Ian,TVH,Centrale,37,362,226,136,145,81,0.6243,74,44,7,3,5,17,0,0,22/23,B
Loser,Timo,DES,Terzino Sinistro,38,361,226,135,226,0,0.626,124,78,2,7,1,5,0,0,22/23,B
Wucherpfennig,Lukas,ELB,Ala Destra,36,292,220,72,121,99,0.7534000000000001,5,10,5,0,0,4,0,0,22/23,B
Beneke,Max Christoph,POT,Terzino Destro,35,360,204,156,203,1,0.5667,77,75,6,2,0,11,0,0,22/23,B
Schafer,Christian,SGB,Ala Destra,35,262,202,60,90,112,0.7709999999999999,12,6,17,0,0,3,1,0,22/23,B
Skroblien,Tom,NLB,Ala Sinistra,34,261,197,64,106,91,0.7548,8,16,2,0,2,8,1,0,22/23,B
Norouzinezhad Gharehlou,Pouya,HAG,Terzino Sinistro,37,322,194,128,192,2,0.6025,97,59,8,4,3,18,2,0,22/23,B
Schmidt,Patrick,WÖW,Centrale,37,359,192,167,143,49,0.5347999999999999,94,91,9,4,3,6,1,0,22/23,B
Gretarsson,Oddur,HBW,Ala Sinistra,34,240,190,50,101,89,0.7917000000000001,12,7,8,0,1,4,0,0,22/23,B
Sohmann,Vincent,DES,Centrale,38,264,185,79,119,66,0.7008,122,89,9,1,8,14,0,0,22/23,B
Hrstka,Jakub,DES,Ala Sinistra,37,244,181,63,134,47,0.7418,5,17,13,0,0,7,1,0,22/23,B
Speckmann,Jan-Eric,VFL,Ala Sinistra,32,215,174,41,97,77,0.8093,9,17,17,1,4,12,0,0,22/23,B
Pohle,Georg,NOL,Terzino Sinistro,37,325,171,154,153,18,0.5262,100,78,7,29,7,30,2,0,22/23,B
Seidler,Oliver,WÖW,Pivot,37,219,168,51,168,0,0.7670999999999999,20,31,19,21,7,31,2,0,22/23,B
Raguse,Mex,VFL,Terzino Sinistro,36,250,163,87,163,0,0.652,79,53,20,7,4,17,4,0,22/23,B
Schneibel,Jannis,EIS,Centrale,36,275,161,114,161,0,0.5855,96,83,10,1,0,3,0,0,22/23,B
Morante Maldonado,Eloy,TUE,Centrale,35,247,157,90,134,23,0.6356,78,67,10,9,4,18,2,0,22/23,B
Klein,Jannek,LUD,Terzino Destro,34,265,157,108,157,0,0.5925,60,47,9,4,4,8,0,0,22/23,B
Billek,Florian,COB,Ala Destra,28,196,152,44,106,46,0.7755,12,13,10,1,2,5,0,0,22/23,B
Wullenweber,Finn,TVG,Terzino Sinistro,37,256,151,105,151,0,0.5898,52,48,11,11,9,36,5,0,22/23,B
Bandlow,Frieder,TVG,Terzino Destro,38,242,150,92,114,36,0.6198,65,57,4,2,5,12,1,0,22/23,B
Claus,Dominik,SGB,Terzino Destro,35,224,149,75,149,0,0.6652,75,75,16,4,2,10,0,0,22/23,B
Falk,Alexander,LUD,Ala Destra,38,200,148,52,145,3,0.74,3,8,10,1,0,4,1,0,22/23,B
De la Pena,Juan,SGB,Centrale,38,236,148,88,148,0,0.6271,79,45,22,6,5,9,0,0,22/23,B
Horiha,Dmytro,HCM,Terzino Sinistro,38,300,147,153,146,1,0.49,109,89,8,12,5,37,4,0,22/23,B
Nissen,Marek,NLB,Terzino Sinistro,37,255,146,109,146,0,0.5725,76,53,3,13,6,23,1,0,22/23,B
Busch,Pierre,HAG,Ala Destra,37,197,144,53,116,28,0.731,14,7,17,1,0,8,0,0,22/23,B
Herzig,Fynn,COB,Terzino Sinistro,37,278,141,137,141,0,0.5072,80,60,8,3,2,10,0,0,22/23,B
Zacharias,Lion,LUD,Ala Sinistra,33,192,138,54,92,46,0.7188,0,11,6,2,0,1,1,0,22/23,B
Kaufmann,Steffen,WÖW,Terzino Destro,35,260,137,123,137,0,0.5268999999999999,151,101,2,3,1,3,0,0,22/23,B
Spohn,Valentin,HAG,Terzino Sinistro,35,261,135,126,135,0,0.5172,48,56,6,9,2,6,0,0,22/23,B
Strosack,Peter,NLB,Ala Destra,38,172,134,38,133,1,0.7791,22,22,12,1,0,6,0,0,22/23,B
Strosack,Moritz,HBW,Ala Destra,35,203,133,70,132,1,0.6552,13,15,16,0,2,1,0,0,22/23,B
Gress,Sebastian,ELB,Centrale,30,233,132,101,132,0,0.5665,72,38,3,7,2,2,0,0,22/23,B
Kammlodt,Adrian,TVG,Terzino Sinistro,33,264,131,133,131,0,0.4962,49,61,7,7,3,15,0,0,22/23,B
Dumcius,Mindaugas,ELB,Terzino Destro,37,260,131,129,125,6,0.5038,92,59,5,3,2,10,0,0,22/23,B
Reimer,Jan,DOR,Ala Destra,37,189,129,60,68,61,0.6825,0,7,5,0,0,6,0,0,22/23,B
Stavast,Ivar,ELB,Centrale,35,237,127,110,127,0,0.5359,93,69,14,2,4,21,0,0,22/23,B
Koder,Lukas,KON,Ala Destra,35,182,126,56,68,58,0.6923,5,13,2,2,0,6,0,0,22/23,B
Schrader,Janik,VFL,Terzino Destro,38,175,122,53,86,36,0.6970999999999999,64,62,8,0,0,6,0,0,22/23,B
Michelberger,Lars,KON,Terzino Sinistro,38,231,121,110,121,0,0.5238,26,31,0,4,6,23,1,0,22/23,B
Knezevic,David,KON,Terzino Sinistro,37,220,120,100,120,0,0.5455,74,69,6,11,1,8,0,0,22/23,B
Muller,Justin,TUE,Centrale,36,205,119,86,106,13,0.5805,81,71,5,5,2,11,1,0,22/23,B
Genz,Jo Gerrit,NLB,Terzino Destro,36,216,119,97,119,0,0.5509000000000001,45,23,1,4,1,6,0,0,22/23,B
Klingler,Felix,TUE,Ala Destra,32,165,118,47,69,49,0.7152,2,13,5,0,1,1,1,0,22/23,B
Emanuel,Max,DES,Terzino Destro,35,209,117,92,117,0,0.5598,86,56,10,5,2,19,1,0,22/23,B
Hansson,Emil,POT,Terzino Sinistro,36,201,116,85,116,0,0.5771000000000001,71,65,8,23,7,26,1,0,22/23,B
Steinhaus,Soren,DOR,Centrale,38,201,116,85,115,1,0.5771000000000001,54,52,3,3,2,12,0,0,22/23,B
Saul,Alexander,EIS,Terzino Destro,37,172,115,57,113,2,0.6686,35,46,1,1,0,2,0,0,22/23,B
Schoch,Jona,HBW,Terzino Sinistro,35,204,114,90,114,0,0.5588000000000001,89,41,3,19,5,26,1,0,22/23,B
Reuland,Joshua,DOR,Ala Sinistra,37,161,113,48,75,38,0.7019,4,12,2,0,0,2,0,0,22/23,B
Schmidt,Valentin,HAG,Centrale,34,180,112,68,67,45,0.6222,36,46,1,0,0,3,0,0,22/23,B
Schomig,Dominik,WÖW,Ala Sinistra,30,180,112,68,67,45,0.6222,11,8,4,1,0,2,1,0,22/23,B
Haider,Maximilian,LUD,Pivot,32,133,112,21,112,0,0.8421,4,23,1,22,10,24,2,0,22/23,B
Theiss,Niklas,TVH,Terzino Destro,37,218,112,106,112,0,0.5138,65,28,15,3,3,12,0,0,22/23,B
Gempp,Patrick,DES,Pivot,37,143,111,32,111,0,0.7762,10,17,11,19,10,11,0,0,22/23,B
Akakpo,David Cyrill,POT,Ala Destra,38,163,111,52,111,0,0.6809999999999999,6,14,10,2,1,28,2,0,22/23,B
Tiutiunnyk,Dmytro,HCM,Pivot,35,147,111,36,111,0,0.7551000000000001,9,21,4,10,9,33,4,0,22/23,B
Lindberg,Samuel,NOL,Ala Destra,32,181,109,72,109,0,0.6022,7,10,6,0,0,4,0,0,22/23,B
Corak,Dino,TVG,Pivot,32,125,108,17,108,0,0.8640000000000001,6,20,6,2,3,10,0,0,22/23,B
Ciudad Benitez,Leon,VFL,Pivot,37,146,108,38,108,0,0.7397,6,38,3,23,10,36,2,0,22/23,B
Pechstein,Marc,HRO,Terzino Sinistro,32,196,107,89,87,20,0.5459,35,76,2,17,5,20,0,0,22/23,B
Wolf,Tom,SGB,Terzino Sinistro,29,184,106,78,77,29,0.5761,47,39,4,7,4,11,0,0,22/23,B
Marschall,Tarek,NOL,Centrale,36,188,106,82,106,0,0.5638000000000001,20,29,5,1,0,7,0,0,22/23,B
Snajder,Ivan,EIS,Ala Sinistra,38,170,106,64,92,14,0.6235,34,19,27,7,3,24,3,0,22/23,B
Jaeger,Max,COB,Ala Sinistra,26,141,105,36,101,4,0.7447,6,10,4,1,1,4,0,0,22/23,B
Sauter,Moritz,POT,Centrale,33,186,105,81,91,14,0.5645,49,42,3,1,1,4,0,0,22/23,B
Fischer,Jonathan,SGB,Pivot,38,139,104,35,104,0,0.7482,4,18,4,1,2,10,0,0,22/23,B
Kirschner,Tristan,TVH,Ala Destra,37,152,104,48,88,16,0.6842,3,12,10,0,3,8,0,0,22/23,B
Vorlicek,Philipp,HAG,Terzino Destro,28,174,103,71,103,0,0.5920000000000001,54,43,5,1,2,6,0,0,22/23,B
Ingason,Daniel Thor,HBW,Terzino Sinistro,37,177,103,74,103,0,0.5819,57,57,9,10,2,21,1,0,22/23,B
Fernandez Fernandez,Jaime,NOL,Ala Sinistra,24,145,102,43,59,43,0.7034,14,17,6,0,0,5,0,0,22/23,B
Sterba,Jakub,DOR,Ala Destra,36,136,101,35,84,17,0.7426,7,29,18,0,3,10,0,0,22/23,B
Karle,Felix,WÖW,Ala Destra,32,141,99,42,99,0,0.7021,4,5,9,0,2,5,0,0,22/23,B
Rose,Julius,WÖW,Centrale,31,179,99,80,99,0,0.5531,24,54,10,8,3,4,0,0,22/23,B
Kasai,Oleksandr,HCM,Ala Sinistra,37,156,98,58,81,17,0.6282,3,17,9,1,1,8,0,0,22/23,B
Schwarz,Philipp,TVH,Ala Sinistra,36,144,97,47,97,0,0.6736,7,5,10,1,0,6,0,0,22/23,B
Wilhelm,Christian,HRO,Pivot,33,120,96,24,96,0,0.8,5,11,4,20,4,13,0,0,22/23,B
Patzel,Vojtech,VFL,Terzino Sinistro,37,183,95,88,92,3,0.5191,75,51,3,2,2,4,0,0,22/23,B
ten Velde,Rutger,NLB,Ala Sinistra,37,127,94,33,72,22,0.7402,11,13,4,0,0,5,1,0,22/23,B
Steidtmann,Janos,HRO,Ala Destra,25,133,94,39,44,50,0.7068000000000001,1,7,3,2,0,1,0,0,22/23,B
Thomann,Gregor,KON,Ala Destra,31,128,93,35,59,34,0.7265999999999999,2,3,8,0,1,5,1,0,22/23,B
Eisentrager,Florian,TVG,Ala Sinistra,31,131,92,39,45,47,0.7023,3,11,11,0,3,9,1,0,22/23,B
Stegefelt,Markus,NOL,Terzino Sinistro,35,176,92,84,56,36,0.5227,40,17,3,2,2,14,1,0,22/23,B
Kravchenko,Eduard,HCM,Ala Destra,38,121,92,29,91,1,0.7603,2,9,4,1,0,4,0,0,22/23,B
Tokic,Ante,EIS,Ala Destra,36,127,91,36,90,1,0.7165,10,14,11,1,1,6,2,0,22/23,B
Schneider,Timm,TVH,Centrale,28,148,90,58,85,5,0.6081,69,45,3,6,1,16,2,0,22/23,B
Denysov,Zakhar,HCM,Ala Sinistra,33,134,89,45,89,0,0.6642,38,47,5,5,3,13,0,0,22/23,B
Trost,Sebastian,LUD,Centrale,34,192,89,103,88,1,0.4635,100,61,4,13,2,10,1,0,22/23,B
Heinzelmann,Tobias,HBW,Pivot,32,106,89,17,89,0,0.8395999999999999,10,11,4,7,3,25,1,0,22/23,B
Ebner,Dominik,NLB,Terzino Destro,32,168,88,80,88,0,0.5238,51,37,2,5,0,2,0,0,22/23,B
Ottsen,Jonas,HRO,Terzino Sinistro,31,159,88,71,88,0,0.5535,38,48,6,1,0,3,0,0,22/23,B
Velz,Alexander,SGB,Terzino Sinistro,38,165,88,77,84,4,0.5333,57,46,0,0,1,2,0,0,22/23,B
Buhrer,Pascal,LUD,Centrale,36,147,88,59,87,1,0.5986,104,54,9,0,0,12,0,0,22/23,B
Possehl,Julian,NOL,Terzino Destro,37,144,87,57,87,0,0.6042000000000001,70,61,10,2,1,10,1,0,22/23,B
Gruner,Tim,POT,Ala Sinistra,29,121,87,34,38,49,0.7190000000000001,1,4,3,1,0,4,1,0,22/23,B
Vistorop,Filip,HBW,Terzino Sinistro,25,173,86,87,86,0,0.4971,86,56,6,6,3,4,0,0,22/23,B
Horner,Max,VFL,Terzino Destro,25,140,86,54,86,0,0.6143,33,45,12,0,1,11,0,0,22/23,B
Misovych,David,DES,Ala Destra,38,125,86,39,86,0,0.688,4,13,5,7,2,4,1,0,22/23,B
Jukic,Josip,HAG,Ala Sinistra,32,130,86,44,86,0,0.6615000000000001,3,6,7,0,0,7,0,0,22/23,B
Wasielewski,Johannes,NOL,Terzino Destro,32,131,85,46,85,0,0.6489,31,39,12,16,5,23,1,0,22/23,B
Seesing,Aron,DOR,Pivot,32,109,85,24,85,0,0.7798,6,19,15,18,4,20,1,0,22/23,B
Volz,Patrick,HBW,Ala Sinistra,31,127,84,43,62,22,0.6614,6,7,5,2,0,0,0,0,22/23,B
Pust,Yannick-Marcos,DES,Ala Destra,30,111,83,28,83,0,0.7476999999999999,3,9,12,2,0,5,0,0,22/23,B
Kalafut,Dominik,NOL,Pivot,38,106,82,24,80,2,0.7736,7,24,4,6,5,29,2,0,22/23,B
Rozman,Tim,TUE,Terzino Destro,31,171,82,89,82,0,0.4795,60,71,4,3,3,7,1,0,22/23,B
Reichl,Vit,TVH,Pivot,37,104,82,22,82,0,0.7885,2,26,5,6,1,10,0,0,22/23,B
Ossowski,Arkadiusz,COB,Centrale,38,156,82,74,69,13,0.5256000000000001,69,56,2,0,0,5,0,0,22/23,B
Kuntscher,David,TVH,Terzino Destro,37,161,82,79,82,0,0.5093,41,21,4,0,0,3,0,0,22/23,B
Voss-Fels,Kim,HAG,Terzino Destro,37,149,81,68,81,0,0.5436,40,33,7,6,4,7,0,0,22/23,B
Czako,Aron,KON,Ala Sinistra,38,139,81,58,81,0,0.5827,5,10,13,1,1,4,0,0,22/23,B
Grgic,Mislav,DOR,Terzino Sinistro,34,160,80,80,78,2,0.5,55,56,1,1,2,6,0,0,22/23,B
Homscheid,Nils,TUE,Centrale,38,117,80,37,31,49,0.6838,29,23,0,0,0,0,0,0,22/23,B
Walz,Peter,EIS,Pivot,37,117,79,38,79,0,0.6751999999999999,14,35,4,9,12,23,2,1,22/23,B
Bis,Bartlomiej,COB,Pivot,32,100,79,21,79,0,0.79,6,33,6,9,6,23,1,0,22/23,B
Huter,Ian,DOR,Centrale,36,149,77,72,77,0,0.5168,91,51,16,9,4,10,1,0,22/23,B
Erifopoulos,Christos,KON,Centrale,38,126,77,49,68,9,0.6111,73,50,3,2,3,11,0,0,22/23,B
Szczesny,Dennis,TUE,Terzino Sinistro,28,112,76,36,76,0,0.6786,18,27,4,10,4,18,2,0,22/23,B
Meuser,Andre,DOR,Terzino Destro,30,161,76,85,76,0,0.472,26,43,0,5,3,10,0,0,22/23,B
Fuss,Merlin,COB,Terzino Destro,36,148,76,72,76,0,0.5135000000000001,59,50,10,2,3,5,0,0,22/23,B
Schreiber,Hendrik,TVH,Terzino Sinistro,29,133,75,58,75,0,0.5639,52,30,8,7,4,9,0,0,22/23,B
Beckmann,Fynn,KON,Terzino Destro,36,155,74,81,74,0,0.4774,61,63,4,2,3,10,0,0,22/23,B
Runarsson,Tumi Steinn,COB,Centrale,23,131,74,57,52,22,0.5649000000000001,39,49,0,0,0,1,0,0,22/23,B
Ingenpass,Niklas,KON,Pivot,37,106,74,32,74,0,0.6981,10,22,5,9,4,33,1,0,22/23,B
Senden,Alexander,DOR,Terzino Sinistro,32,142,74,68,74,0,0.5211,19,31,0,8,2,20,1,0,22/23,B
Werschkull,Finley,TUE,Ala Sinistra,35,113,74,39,74,0,0.6548999999999999,3,8,7,0,0,12,0,0,22/23,B
Blyzniuk,Illia,HCM,Terzino Destro,38,145,73,72,73,0,0.5034000000000001,40,70,2,2,0,6,2,0,22/23,B
Schaller,Tim,LUD,Ala Sinistra,27,103,73,30,25,48,0.7087,1,5,1,0,0,2,0,0,22/23,B
Wiederstein,Fabian,SGB,Pivot,38,97,72,25,72,0,0.7423000000000001,10,17,8,21,11,27,1,0,22/23,B
Schaffer,Jan,COB,Pivot,32,90,72,18,72,0,0.8,10,15,5,15,7,17,2,0,22/23,B
Witte,Nick,HRO,Ala Sinistra,29,114,72,42,69,3,0.6315999999999999,0,12,12,1,0,9,0,0,22/23,B
Stotz,Michel,KON,Pivot,36,103,72,31,72,0,0.6990000000000001,14,16,4,3,6,21,0,0,22/23,B
Thummler,Jonas,HRO,Pivot,30,97,71,26,71,0,0.732,5,13,3,6,2,8,0,0,22/23,B
Jungemann,Philip,ELB,Pivot,28,94,71,23,71,0,0.7553,8,25,2,15,3,20,1,0,22/23,B
Vlahovic,Nikola,SGB,Terzino Sinistro,37,151,71,80,71,0,0.4702,45,42,8,20,7,25,0,0,22/23,B
Petreikis,Benas,NLB,Centrale,38,128,70,58,70,0,0.5468999999999999,53,48,0,1,0,6,0,0,22/23,B
Pfeifer,Alexander,SGB,Ala Sinistra,27,94,70,24,67,3,0.7447,2,6,7,0,0,3,0,0,22/23,B
Mast,Tim,TUE,Ala Sinistra,37,104,70,34,70,0,0.6731,7,15,9,3,1,2,0,0,22/23,B
Dangers,Markus,TUE,Pivot,32,92,69,23,69,0,0.75,11,34,1,2,4,17,0,0,22/23,B
Ohler,Max,SGB,Ala Sinistra,37,109,69,40,69,0,0.633,4,12,11,1,1,7,0,0,22/23,B
Schmidt,Jesper,HRO,Ala Sinistra,27,106,69,37,30,39,0.6509,0,9,4,1,2,3,0,0,22/23,B
Weyhrauch,Willy,EIS,Ala Destra,33,95,67,28,67,0,0.7053,9,13,13,0,1,12,0,0,22/23,B
Petrovsky,Leos,NLB,Pivot,38,86,67,19,67,0,0.7791,9,18,4,24,9,21,2,0,22/23,B
Langhoff,Matthes,POT,Terzino Sinistro,15,105,67,38,67,0,0.6381,38,39,2,5,2,5,0,0,22/23,B
Lossner,Richard,HRO,Ala Destra,35,99,67,32,67,0,0.6768000000000001,3,18,9,3,0,5,0,0,22/23,B
Kretschmer,Nils Holger,ELB,Terzino Sinistro,33,133,66,67,66,0,0.4962,43,36,14,18,8,31,1,0,22/23,B
Salger,Stefan,LUD,Terzino Destro,37,138,66,72,66,0,0.4783,26,21,1,4,2,6,0,0,22/23,B
Grgic,Marko,EIS,Terzino Sinistro,33,95,66,29,66,0,0.6947,27,21,4,4,0,12,0,0,22/23,B
Kretschmer,Finn,VFL,Ala Destra,30,99,64,35,63,1,0.6465000000000001,5,9,4,0,1,9,0,0,22/23,B
Bohm,Lukas,WÖW,Terzino Destro,31,116,64,52,64,0,0.5517,29,37,4,1,1,7,0,0,22/23,B
Simic,Josip,POT,Pivot,35,84,64,20,64,0,0.7619,15,12,1,11,6,20,0,0,22/23,B
Asmussen,Philipp,HRO,Terzino Destro,30,140,64,76,64,0,0.4571,52,40,1,0,1,5,0,0,22/23,B
Schroder,Andreas,COB,Terzino Sinistro,37,102,63,39,63,0,0.6175999999999999,35,30,9,26,1,12,0,0,22/23,B
Stark,Mario,TVG,Centrale,37,127,62,65,62,0,0.4882,79,47,1,1,4,14,0,0,22/23,B
Schalles,Maxim,TVG,Ala Destra,34,104,62,42,57,5,0.5962,2,6,13,0,0,11,0,0,22/23,B
Meyer-Siebert,Julius,LUD,Terzino Sinistro,34,135,62,73,62,0,0.4593,28,32,4,11,1,11,0,0,22/23,B
Eissing,Felix,TUE,Ala Destra,29,91,62,29,62,0,0.6812999999999999,4,10,6,1,0,2,0,0,22/23,B
Dierberg,Julius,ELB,Ala Sinistra,26,79,61,18,50,11,0.7722,6,9,9,0,0,1,0,0,22/23,B
Mrakovcic,Luka,NLB,Centrale,37,112,61,51,61,0,0.5446,60,62,2,1,1,11,0,0,22/23,B
Wendel,Samuel,KON,Ala Sinistra,30,87,60,27,60,0,0.6897,3,6,4,1,1,3,0,0,22/23,B
Krone,Jannes,COB,Ala Destra,31,92,60,32,42,18,0.6522,5,17,10,2,1,7,0,0,22/23,B
Schauer,Kuno,TVG,Centrale,37,122,60,62,60,0,0.4918,34,36,4,1,0,3,0,0,22/23,B
Wellner,Leon,ELB,Pivot,34,78,60,18,60,0,0.7692,0,15,1,3,2,13,0,0,22/23,B
Rehfus,Lucas,DOR,Terzino Sinistro,31,107,60,47,60,0,0.5607,14,30,1,1,1,7,0,0,22/23,B
Zorb,Moritz,TVH,Pivot,34,83,59,24,59,0,0.7108,3,14,4,16,3,25,0,0,22/23,B
Bruhn,Jasper,VFL,Terzino Destro,35,115,58,57,58,0,0.5043,21,24,9,4,6,16,0,0,22/23,B
Prohl,Tilman,HAG,Pivot,38,89,57,32,57,0,0.6404000000000001,14,31,9,25,11,26,2,0,22/23,B
Stuber,Frederic,HAG,Pivot,32,76,56,20,56,0,0.7368000000000001,5,20,3,15,5,25,0,0,22/23,B
Drager,Yannick,NLB,Pivot,32,76,54,22,54,0,0.7105,19,23,2,42,6,25,2,0,22/23,B
de Boer,Luca,NOL,Pivot,38,78,54,24,54,0,0.6923,9,23,8,28,1,21,2,0,22/23,B
Saueressig,Lukas,HBW,Centrale,25,97,54,43,54,0,0.5567,59,43,4,4,1,5,1,0,22/23,B
Knauer,Jakob,COB,Terzino Destro,36,111,54,57,54,0,0.4865,30,31,5,0,1,7,0,0,22/23,B
Strakeljahn,Simon,TVG,Centrale,38,107,54,53,48,6,0.5047,12,16,2,0,0,2,0,0,22/23,B
Eisel,Marc-Robin,LUD,Centrale,37,106,54,52,49,5,0.5094,39,34,4,0,0,0,0,0,22/23,B
Foege,Luis Plymford,KON,Terzino Destro,34,107,53,54,53,0,0.4953,17,38,7,2,1,6,0,0,22/23,B
Sveinnsson,Sveinn,HRO,Centrale,23,86,52,34,52,0,0.6047,31,41,2,0,0,3,0,0,22/23,B
Leu,Tillman,DES,Pivot,29,77,52,25,52,0,0.6753,5,11,3,11,2,35,3,0,22/23,B
Neagu,Stefan Valentin,WÖW,Pivot,37,68,51,17,51,0,0.75,6,13,6,8,4,25,1,0,22/23,B
Fuhrmann,Nils,POT,Ala Sinistra,37,69,51,18,51,0,0.7391,3,10,9,0,1,2,0,0,22/23,B
Ellwanger,Jonas,TUE,Centrale,21,90,50,40,50,0,0.5556,31,36,5,3,1,9,1,0,22/23,B
Volzke,Tim,HRO,Terzino Sinistro,30,102,50,52,50,0,0.4902,51,34,12,4,3,12,0,0,22/23,B
Linhares de Souza,Guilherme,HBW,Terzino Destro,30,97,50,47,50,0,0.5155,32,31,1,1,1,2,1,0,22/23,B
Munzinger,Luca,TVG,Terzino Destro,35,91,48,43,48,0,0.5275,12,27,2,2,1,5,0,0,22/23,B
Huber,Elias,HBW,Centrale,38,81,48,33,48,0,0.5926,46,26,2,1,1,4,0,0,22/23,B
Schoss,Alex,TUE,Terzino Destro,32,85,48,37,48,0,0.5647,24,39,4,7,2,17,2,0,22/23,B
Schongarth,Jens,HBW,Terzino Destro,14,93,47,46,47,0,0.5054,16,12,1,1,0,6,0,0,22/23,B
Stefan,Tim,HAG,Terzino Sinistro,33,96,47,49,47,0,0.4896,13,20,3,9,1,11,0,0,22/23,B
Kubatko,Iurii,HCM,Ala Destra,34,69,47,22,38,9,0.6812,2,12,1,0,0,1,0,0,22/23,B
Danner,Felix,HBW,Pivot,29,57,46,11,46,0,0.807,9,6,5,31,8,15,0,0,22/23,B
Hofmann,Jannik,TVH,Ala Sinistra,29,80,46,34,36,10,0.575,5,9,2,0,1,1,0,0,22/23,B
Brielmeier,Benedikt,WÖW,Terzino Sinistro,25,91,44,47,44,0,0.4835,46,39,2,5,2,9,1,0,22/23,B
Jaeger,Felix,COB,Terzino Sinistro,23,77,44,33,44,0,0.5714,24,18,1,1,1,7,0,0,22/23,B
Thiele,Joshua,POT,Pivot,30,58,44,14,44,0,0.7585999999999999,2,9,0,22,5,20,2,0,22/23,B
Horovyi,Vitaliy,HCM,Centrale,27,83,44,39,42,2,0.5301,20,25,1,0,0,7,0,0,22/23,B
Kraus,Dustin,POT,Terzino Sinistro,33,66,42,24,42,0,0.6364,25,29,4,1,0,1,0,0,22/23,B
Huter,Patrick,DOR,Pivot,33,65,41,24,41,0,0.6308,7,10,3,11,7,22,2,0,22/23,B
Roosna,Karl,POT,Terzino Destro,7,60,41,19,18,23,0.6833,6,11,2,0,0,0,0,0,22/23,B
Braun,Joschua,KON,Terzino Destro,15,63,40,23,40,0,0.6349,17,21,0,0,2,5,0,0,22/23,B
Kohnagel,Per Oke,HRO,Centrale,23,56,40,16,40,0,0.7143,80,59,2,0,1,0,0,0,22/23,B
Nowak,Marcel,POT,Ala Destra,28,62,40,22,40,0,0.6452,15,16,7,5,2,15,1,0,22/23,B
Zurga,Jaka,DOR,Ala Sinistra,37,60,40,20,40,0,0.6667000000000001,2,10,6,0,0,3,0,0,22/23,B
Klein,Johannes,TVH,Terzino Sinistro,36,76,39,37,39,0,0.5132,16,13,4,1,3,19,0,0,22/23,B
Skorupa,Paul,VFL,Pivot,23,50,39,11,39,0,0.78,0,9,7,6,6,13,1,0,22/23,B
Lichtlein,Nils,POT,Centrale,12,73,39,34,30,9,0.5342,25,15,2,0,1,1,0,0,22/23,B
Gaubatz,Jan-Lars,HAG,Terzino Destro,19,68,38,30,38,0,0.5588000000000001,21,11,2,4,0,1,0,0,22/23,B
Andjelic,Bozo,HCM,Centrale,16,71,38,33,38,0,0.5352,23,33,0,0,0,5,0,0,22/23,B
Buergin,Theo Guenter,HAG,Ala Sinistra,35,68,38,30,38,0,0.5588000000000001,1,3,2,0,0,4,1,0,22/23,B
Mauch,Joel,KON,Centrale,25,62,38,24,38,0,0.6129,38,55,2,2,0,5,0,0,22/23,B
Hildenbrand,Tim,HBW,Ala Destra,37,60,38,22,37,1,0.6333,6,5,2,0,0,3,0,0,22/23,B
Barthe,Paco,SGB,Centrale,20,76,37,39,37,0,0.4868,24,15,4,6,0,14,0,0,22/23,B
Vanco,Marek,ELB,Ala Sinistra,37,54,37,17,37,0,0.6851999999999999,6,9,9,2,2,6,2,1,22/23,B
Remmlinger,Jan,LUD,Terzino Sinistro,31,64,37,27,37,0,0.5781000000000001,36,24,2,1,4,9,0,0,22/23,B
Klenk,Moritz,TVG,Ala Sinistra,34,58,37,21,37,0,0.6379,1,4,7,0,0,1,0,0,22/23,B
Lofstrom,Carl,VFL,Pivot,26,52,36,16,36,0,0.6923,5,20,5,3,3,12,1,0,22/23,B
Kompenhans,Paul,TVH,Centrale,23,65,36,29,36,0,0.5538000000000001,16,23,7,1,1,10,0,0,22/23,B
Weiss,Dominik,VFL,Terzino Sinistro,31,69,35,34,35,0,0.5072,30,26,14,40,3,12,1,0,22/23,B
Danneberg,Yannick,DES,Terzino Sinistro,25,68,35,33,27,8,0.5146999999999999,26,20,2,5,0,3,0,0,22/23,B
Firnhaber,Lucas,NOL,Terzino Destro,14,60,34,26,34,0,0.5667,10,9,0,0,1,1,0,0,22/23,B
Dettenthaler,Felix,COB,Ala Sinistra,36,53,34,19,33,1,0.6415000000000001,4,7,2,0,0,5,0,0,22/23,B
Durak,Pascal,LUD,Ala Destra,37,52,33,19,33,0,0.6346,1,8,2,0,1,6,0,0,22/23,B
Durr,Linus,WÖW,Ala Sinistra,38,66,33,33,33,0,0.5,5,10,3,0,0,3,0,0,22/23,B
Reichmuth,Timothy,EIS,Ala Sinistra,38,55,33,22,33,0,0.6,4,9,11,0,1,2,0,0,22/23,B
Manfeldt-Hansen,Kasper,LUD,Pivot,31,47,33,14,33,0,0.7021,5,6,0,2,3,10,0,0,22/23,B
Terwolbeck,Alexander,NOL,Centrale,36,54,32,22,32,0,0.5926,43,53,0,0,0,0,0,0,22/23,B
Donker,Malte,EIS,Terzino Destro,38,50,32,18,32,0,0.64,42,29,17,2,1,23,1,0,22/23,B
Hutecek,Sebastian,KON,Centrale,34,55,32,23,32,0,0.5818,28,34,0,0,1,12,0,0,22/23,B
Siemer,Marvin,POT,Ala Sinistra,6,43,32,11,15,17,0.7442,0,3,2,0,0,1,0,0,22/23,B
Haake,Carl Philipp,DES,Ala Sinistra,38,49,31,18,31,0,0.6327,4,5,3,0,0,4,0,0,22/23,B
Buschmann,Arseniy,ELB,Centrale,31,72,30,42,30,0,0.4167,24,25,5,9,4,15,0,0,22/23,B
Franke,Luis,WÖW,Terzino Sinistro,21,47,30,17,29,1,0.6383,10,17,1,0,0,6,0,0,22/23,B
Zhuk,Ievgen,TVG,Ala Sinistra,33,46,30,16,30,0,0.6522,1,3,3,1,0,5,1,0,22/23,B
Kaludjerovic,Vasilje,POT,Centrale,29,51,30,21,30,0,0.5882000000000001,3,18,1,0,1,3,0,0,22/23,B
Zobel,Rene,ELB,Terzino Destro,28,91,28,63,28,0,0.3077,21,10,4,6,2,7,1,0,22/23,B
Osadchyi,Danylo,HCM,Pivot,32,34,28,6,28,0,0.8234999999999999,3,11,1,1,1,13,0,0,22/23,B
Hejny,Maximilian,SGB,Terzino Destro,37,64,28,36,28,0,0.4375,7,14,4,2,0,10,0,0,22/23,B
Schutze,Alexander,HRO,Terzino Destro,29,55,28,27,28,0,0.5091,12,32,5,2,0,2,0,0,22/23,B
Beciri,Kristian,HBW,Pivot,27,45,27,18,27,0,0.6,6,9,3,17,3,13,1,0,22/23,B
Fujita,Ryuga,TVH,Ala Destra,37,51,27,24,27,0,0.5294,7,2,3,0,0,1,0,0,22/23,B
Wolfram,Finn,TUE,Pivot,35,37,27,10,27,0,0.7297,3,6,1,3,0,6,1,0,22/23,B
Seidel,Lasse,NOL,Ala Sinistra,32,35,25,10,25,0,0.7143,1,10,3,0,0,1,0,0,22/23,B
Orlov,Maxim,POT,Centrale,7,46,25,21,18,7,0.5435,6,6,1,2,0,1,0,0,22/23,B
Tomashevskyi,Oleksii,HCM,Pivot,30,33,25,8,25,0,0.7576,1,9,3,5,1,11,0,0,22/23,B
Klima,Matej,VFL,Terzino Sinistro,6,34,24,10,24,0,0.7059000000000001,8,13,0,2,0,2,0,0,22/23,B
Klepp,Vincent Emilio,ELB,Ala Destra,36,34,24,10,24,0,0.7059000000000001,1,1,1,1,0,3,0,0,22/23,B
Vignisson,Hafthor,HRO,Terzino Destro,15,49,24,25,23,1,0.4897999999999999,15,20,1,0,3,4,0,0,22/23,B
Emanuel,Oskar,ELB,Terzino Destro,27,58,23,35,23,0,0.3965999999999999,7,11,2,0,1,4,0,0,22/23,B
Gliese,Lennart,DES,Terzino Destro,22,39,23,16,23,0,0.5897,11,11,3,1,0,7,0,0,22/23,B
Haeske,Malvin,DES,Terzino Destro,37,46,23,23,23,0,0.5,15,13,1,0,1,5,0,0,22/23,B
Cohen,Nadav,VFL,Ala Destra,28,33,23,10,23,0,0.6970000000000001,4,6,2,0,0,4,0,0,22/23,B
Toromanovic,Damian,HAG,Ala Destra,13,35,22,13,22,0,0.6286,1,1,3,0,0,0,0,0,22/23,B
Aukstakalnis,Romas,HRO,Centrale,18,48,22,26,22,0,0.4583,5,16,0,0,1,4,0,0,22/23,B
Simovic,Nebojsa,NOL,Pivot,35,31,21,10,21,0,0.6774,3,6,1,9,9,41,8,0,22/23,B
Hideg,Daniel,EIS,Terzino Sinistro,32,43,21,22,21,0,0.4884,9,9,2,9,2,12,2,0,22/23,B
Kontrec,Tin,NLB,Pivot,34,31,21,10,21,0,0.6774,15,7,5,20,6,20,1,0,22/23,B
Hack,Benedikt,WÖW,Ala Destra,36,46,21,25,21,0,0.4564999999999999,2,5,5,0,1,4,0,0,22/23,B
Keskic,Enes,LUD,Ala Sinistra,18,35,21,14,21,0,0.6,3,10,0,0,0,1,0,0,22/23,B
Redkyn,Dmytro,TVG,Ala Destra,30,30,21,9,21,0,0.7,1,3,1,0,0,1,0,0,22/23,B
Funke,Kay,HRO,Ala Sinistra,20,35,21,14,17,4,0.6,0,4,4,0,0,1,0,0,22/23,B
Ritterbach,Joscha,NOL,Ala Sinistra,14,26,20,6,14,6,0.7692,0,5,1,0,0,5,0,0,22/23,B
Mehler,Dennis,HRO,Pivot,36,32,20,12,20,0,0.625,1,6,6,21,5,17,5,0,22/23,B
Rink,Thomas,TVG,Pivot,20,30,19,11,19,0,0.6333,2,9,1,6,2,14,0,0,22/23,B
Urios Gonzales,Rolando,POT,Pivot,17,27,18,9,18,0,0.6667000000000001,1,6,1,1,0,1,0,0,22/23,B
Sousa,Ruben,EIS,Pivot,30,24,18,6,18,0,0.75,2,8,0,0,0,4,0,0,22/23,B
Schmidt,Jan-Christian,DOR,Pivot,26,24,18,6,18,0,0.75,0,3,0,1,0,2,0,0,22/23,B
Mylonas,Christodoulos,ELB,Terzino Sinistro,16,34,17,17,17,0,0.5,4,13,1,0,0,4,1,0,22/23,B
Ribeiro,Joel,TVH,Terzino Sinistro,8,27,17,10,17,0,0.6296,4,4,0,0,0,0,0,0,22/23,B
Shcherbina,Vladyslav,HCM,Terzino Sinistro,21,29,17,12,17,0,0.5861999999999999,6,14,1,1,0,2,0,0,22/23,B
Wesseling,Sven,NLB,Terzino Sinistro,4,30,16,14,13,3,0.5333,7,9,0,4,1,2,0,0,22/23,B
Ulshofer,Jonas,EIS,Centrale,37,28,16,12,16,0,0.5714,11,11,0,0,0,0,0,0,22/23,B
Schulz,Michael,ELB,Pivot,12,19,15,4,15,0,0.7895,3,2,0,2,0,6,0,0,22/23,B
Truchanovicius,Jonas,HCM,Terzino Sinistro,7,16,15,1,15,0,0.9375,3,3,1,4,0,4,1,0,22/23,B
Glatthard,Viktor,COB,Pivot,18,22,15,7,15,0,0.6818000000000001,4,5,2,2,3,18,4,0,22/23,B
Neuhaus,Max,LUD,Centrale,32,24,15,9,15,0,0.625,19,3,0,1,0,0,0,0,22/23,B
Onufriienko,Oleksandr,HCM,Pivot,29,34,15,19,15,0,0.4412,1,3,1,0,1,4,0,0,22/23,B
Gorpishin,Sergey,LUD,Pivot,29,27,15,12,15,0,0.5556,3,10,2,4,0,5,0,0,22/23,B
Wolf,Victor Foged,VFL,Ala Sinistra,25,25,15,10,15,0,0.6,0,4,3,1,0,3,0,0,22/23,B
Ostenberg,Orn Vesteinsson,NLB,Terzino Sinistro,22,36,15,21,15,0,0.4167,7,15,0,0,0,2,0,0,22/23,B
Becker,Alexander,HAG,Pivot,21,20,14,6,14,0,0.7,8,3,9,18,3,19,1,0,22/23,B
Visser,Sander,NOL,Ala Destra,5,19,14,5,14,0,0.7368000000000001,0,2,0,0,0,1,0,0,22/23,B
Geis,Linus,WÖW,Terzino Sinistro,30,38,14,24,14,0,0.3684,2,10,2,5,3,9,0,0,22/23,B
Bones,Paul,DES,Centrale,27,22,14,8,14,0,0.6364,17,10,2,1,2,1,0,0,22/23,B
Babarskas,Povilas,TVG,Terzino Destro,32,17,12,5,12,0,0.7059000000000001,2,3,0,8,2,13,1,0,22/23,B
Holzhacker,Paul,NLB,Ala Destra,38,22,11,11,11,0,0.5,1,4,0,0,0,0,0,0,22/23,B
Dutschke,Jannik,ELB,Ala Sinistra,9,16,11,5,11,0,0.6875,0,3,0,0,0,0,0,0,22/23,B
Klein,Luca,HAG,Centrale,15,17,11,6,11,0,0.6470999999999999,1,6,1,0,0,1,0,0,22/23,B
Karvatski,Artur,DOR,Terzino Destro,9,30,10,20,10,0,0.3333,10,9,0,0,0,1,0,0,22/23,B
Baumgart,Luka,DES,Centrale,30,12,10,2,10,0,0.8332999999999999,8,11,3,11,4,19,0,0,22/23,B
Dragunski,Arvid,HAG,Terzino Sinistro,14,22,10,12,10,0,0.4545,4,5,0,0,0,0,0,0,22/23,B
Hanemann,Hendrik,ELB,Pivot,4,15,10,5,10,0,0.6667000000000001,1,2,0,1,0,1,0,0,22/23,B
Renninger,Julian,HAG,Pivot,14,11,8,3,8,0,0.7273000000000001,0,3,1,1,0,4,0,0,22/23,B
Baumgartner,Florian,NLB,Terzino Destro,18,27,8,19,8,0,0.2963,12,5,0,1,0,0,0,0,22/23,B
Leitz,Lennart,VFL,Ala Destra,15,15,8,7,8,0,0.5333,0,0,1,0,0,0,0,0,22/23,B
Buschhaus,Luis,TUE,Centrale,18,11,8,3,8,0,0.7273000000000001,1,3,1,0,0,1,0,0,22/23,B
Gunther,Max,POT,Ala Destra,20,15,8,7,6,2,0.5333,1,0,1,0,0,0,0,0,22/23,B
Richter,Luca,HAG,Ala Destra,11,9,8,1,8,0,0.8889,1,3,1,0,0,0,0,0,22/23,B
Oberman Etzion,Alon,POT,Ala Sinistra,12,10,7,3,6,1,0.7,0,1,1,0,0,1,0,0,22/23,B
Simonsen,Christian Ole,DOR,Portiere,31,8,7,1,7,0,0.875,11,5,0,0,0,0,0,0,22/23,B
Demerza,Alexej,HRO,Terzino Sinistro,12,27,7,20,7,0,0.2593,2,6,2,1,0,1,0,0,22/23,B
Klimpke,Ole,DOR,Terzino Sinistro,11,13,7,6,7,0,0.5385,11,9,2,0,0,2,0,0,22/23,B
Clarius,Valentin,SGB,Pivot,11,9,7,2,7,0,0.7778,0,1,0,3,0,3,0,0,22/23,B
Seidel,Malte,TUE,Terzino Sinistro,37,8,6,2,6,0,0.75,15,4,9,35,4,12,1,0,22/23,B
Bicer,Gorkem,TVG,Ala Destra,3,6,6,0,6,0,1.0,1,0,0,0,0,0,0,0,22/23,B
Jockel,Patrick,TVH,Pivot,24,9,6,3,6,0,0.6667000000000001,1,0,0,2,0,2,0,0,22/23,B
Kaulitz,Tim,SGB,Ala Sinistra,13,11,6,5,6,0,0.5455,0,0,1,0,0,0,0,0,22/23,B
Reidegeld,Jona,TUE,Ala Destra,17,11,6,5,6,0,0.5455,0,0,2,0,0,0,0,0,22/23,B
Trager,Florian,DOR,Terzino Destro,13,17,6,11,6,0,0.3529,7,15,0,0,0,0,0,0,22/23,B
Kuhn,Benedikt,POT,Terzino Destro,19,8,6,2,6,0,0.75,2,4,0,0,0,0,0,0,22/23,B
Hagedorn,Ole,VFL,Terzino Sinistro,18,20,6,14,6,0,0.3,5,1,1,1,0,0,0,0,22/23,B
Zimmer,Ben,HRO,Terzino Destro,9,9,6,3,6,0,0.6667000000000001,0,1,0,0,0,2,0,0,22/23,B
Schmidt,Daniel,DES,Pivot,36,5,5,0,5,0,1.0,6,2,4,6,3,22,1,0,22/23,B
Asmuth,Jan,SGB,Ala Sinistra,9,7,5,2,5,0,0.7143,0,1,1,0,0,0,0,0,22/23,B
Ranftl,Julian,NOL,Ala Destra,3,8,5,3,5,0,0.625,0,2,0,0,0,0,0,0,22/23,B
Gonschor,Fynn,VFL,Ala Sinistra,12,8,5,3,5,0,0.625,0,1,0,0,0,0,0,0,22/23,B
Bader,Jona,SGB,Ala Destra,7,7,5,2,5,0,0.7143,0,0,0,0,0,0,0,0,22/23,B
Hubke,Torben,EIS,Pivot,27,8,5,3,5,0,0.625,1,2,1,0,0,5,0,0,22/23,B
Merk,Alexander,WÖW,Pivot,24,11,5,6,5,0,0.4545,2,1,1,2,2,9,0,0,22/23,B
Wente,Till,HBW,Terzino Sinistro,14,9,5,4,5,0,0.5556,0,2,0,2,1,3,0,0,22/23,B
Mallwitz,Marino,ELB,Portiere,36,5,4,1,4,0,0.8,14,3,1,0,0,0,0,0,22/23,B
Molina,Carlos,HCM,Pivot,37,6,4,2,4,0,0.6667000000000001,20,10,6,19,7,24,2,1,22/23,B
Meyer,Philipp,EIS,Pivot,31,7,4,3,4,0,0.5714,8,0,5,16,7,28,3,0,22/23,B
Boukovinas,Petros,TVG,Portiere,38,7,4,3,4,0,0.5714,14,2,0,0,0,0,0,0,22/23,B
Grazioli,Leonard,TVH,Portiere,36,9,4,5,4,0,0.4443999999999999,4,2,0,0,0,0,0,0,22/23,B
Blum,Matthis,VFL,Centrale,27,13,4,9,4,0,0.3077,10,7,0,0,1,1,0,0,22/23,B
Niestroj,Maurice,ELB,Centrale,16,9,4,5,3,1,0.4443999999999999,2,4,1,0,0,0,0,0,22/23,B
Ilic,Mihailo,LUD,Terzino Sinistro,1,4,4,0,4,0,1.0,1,0,0,0,0,0,0,0,22/23,B
Pawelka,Lukas,HBW,Terzino Sinistro,2,6,4,2,4,0,0.6667000000000001,1,1,1,0,0,1,0,0,22/23,B
Brenner,Vincent,SGB,Ala Destra,23,9,4,5,4,0,0.4443999999999999,0,2,4,0,0,0,0,0,22/23,B
Fuoss,Dennis,HBW,Ala Sinistra,9,6,4,2,0,4,0.6667000000000001,0,0,0,0,0,0,0,0,22/23,B
Boehnert,Florian,DOR,Centrale,12,9,4,5,4,0,0.4443999999999999,4,3,1,0,0,0,0,0,22/23,B
Flathe,Luca Leon,POT,Terzino Destro,11,9,4,5,4,0,0.4443999999999999,1,5,0,0,0,0,0,0,22/23,B
Reimer,Erik,HRO,Terzino Sinistro,4,8,4,4,4,0,0.5,0,0,0,0,0,0,0,0,22/23,B
Kneer,Stefan,TVH,Terzino Sinistro,2,4,3,1,3,0,0.75,3,2,0,0,1,2,0,0,22/23,B
Asanin,Matej,LUD,Portiere,27,3,3,0,3,0,1.0,4,1,0,0,0,0,0,0,22/23,B
Wieser,Andreas,WÖW,Portiere,38,4,3,1,3,0,0.75,3,2,0,0,0,0,0,0,22/23,B
Genz,Fredrik,SGB,Portiere,35,6,3,3,3,0,0.5,12,1,0,0,0,0,0,0,22/23,B
Ravensbergen,Bart,NOL,Portiere,38,5,3,2,3,0,0.6,7,1,0,0,1,1,0,0,22/23,B
Conrad,Nils,VFL,Portiere,32,5,3,2,3,0,0.6,2,2,0,0,0,1,0,0,22/23,B
Preller,Max,COB,Ala Sinistra,11,7,3,4,2,1,0.4286,0,0,0,0,0,0,0,0,22/23,B
Knipp,Jo,KON,Terzino Destro,9,9,3,6,3,0,0.3333,3,3,1,1,0,2,0,0,22/23,B
Kamper,Jonas,TUE,Terzino Sinistro,7,6,3,3,3,0,0.5,1,1,0,0,0,0,0,0,22/23,B
Valkovskis,Janis Pavels,COB,Terzino Sinistro,2,6,3,3,3,0,0.5,1,1,0,0,0,0,0,0,22/23,B
Fugel,Elias,HBW,Ala Destra,5,4,3,1,3,0,0.75,0,1,0,0,0,0,0,0,22/23,B
Mund,Noah,COB,Ala Destra,15,4,3,1,3,0,0.75,0,1,0,0,0,1,0,0,22/23,B
Schuler,Mika,HBW,Centrale,7,6,3,3,3,0,0.5,6,2,0,1,0,0,0,0,22/23,B
Plaue,Dominik,TVH,Portiere,36,3,2,1,2,0,0.6667000000000001,2,0,0,0,0,0,0,0,22/23,B
Sauer,Julian,WÖW,Ala Destra,1,4,2,2,2,0,0.5,0,0,0,0,0,1,0,0,22/23,B
Schramm,Peter,KON,Terzino Sinistro,6,6,2,4,2,0,0.3333,1,7,0,5,2,4,0,0,22/23,B
Grzesinski,Mats,HAG,Portiere,22,2,2,0,2,0,1.0,1,3,0,1,0,0,0,0,22/23,B
Noack,Marius,ELB,Portiere,30,2,2,0,2,0,1.0,4,1,0,0,0,0,0,0,22/23,B
Ebert,Moritz,KON,Portiere,37,3,2,1,2,0,0.6667000000000001,8,5,0,0,0,0,0,0,22/23,B
Urbic,Ziga,LUD,Portiere,38,4,2,2,2,0,0.5,5,2,0,0,0,0,0,0,22/23,B
Asheim,Havard,NLB,Portiere,31,3,2,1,2,0,0.6667000000000001,4,2,0,0,0,1,0,0,22/23,B
Siegler,Julius,COB,Centrale,16,5,2,3,2,0,0.4,1,6,0,0,0,0,0,0,22/23,B
Meier,Kilian,HRO,Pivot,1,3,2,1,2,0,0.6667000000000001,0,0,0,0,0,0,0,0,22/23,B
Marquardt,Cedric,EIS,Ala Sinistra,4,4,2,2,0,2,0.5,0,0,0,0,0,0,0,0,22/23,B
Schneider,Jan-Niclas,HAG,Ala Destra,4,3,2,1,2,0,0.6667000000000001,0,1,0,0,0,1,0,0,22/23,B
Pauli,Luis,DOR,Ala Sinistra,4,4,2,2,2,0,0.5,0,0,0,0,0,0,0,0,22/23,B
Kasper,Moritz,DOR,Centrale,1,4,2,2,2,0,0.5,0,1,0,0,0,0,0,0,22/23,B
Locher,Mischa,HBW,Ala Sinistra,1,2,2,0,2,0,1.0,0,0,0,0,0,0,0,0,22/23,B
Katsigiannis,Nikolas,NLB,Portiere,32,1,1,0,1,0,1.0,9,5,0,0,0,1,0,0,22/23,B
Minerva,Jan Steffen,TVG,Portiere,15,1,1,0,1,0,1.0,1,0,1,0,0,2,0,0,22/23,B
Maier,Jonas,WÖW,Portiere,36,1,1,0,1,0,1.0,4,2,0,0,0,0,0,0,22/23,B
Kulhanek,Jan,COB,Portiere,18,3,1,2,1,0,0.3333,4,0,0,0,0,0,0,0,22/23,B
Ambrosius,Philip,DES,Portiere,38,1,1,0,1,0,1.0,20,14,1,0,1,1,0,0,22/23,B
Buhrmester,Bjorn,NOL,Portiere,36,1,1,0,1,0,1.0,2,0,0,0,0,0,0,0,22/23,B
Paske,Maurice,HAG,Portiere,31,2,1,1,1,0,0.5,8,5,0,0,0,0,0,0,22/23,B
Komok,Gennadiy,HCM,Portiere,36,2,1,1,1,0,0.5,9,5,0,0,0,1,0,0,22/23,B
Diedrich,Lukas,TUE,Portiere,37,2,1,1,1,0,0.5,6,3,0,0,0,0,0,0,22/23,B
Jepsen,Johannes,EIS,Portiere,36,1,1,0,1,0,1.0,4,1,0,0,0,0,0,0,22/23,B
Todorovic,Uros,HBW,Terzino Destro,4,3,1,2,1,0,0.3333,2,4,0,1,0,1,0,0,22/23,B
Sejr Jensen,Simon,HBW,Portiere,37,3,1,2,1,0,0.3333,21,5,0,0,1,0,0,0,22/23,B
Potratz,Mattis,VFL,Ala Sinistra,7,3,1,2,1,0,0.3333,0,0,0,0,0,0,0,0,22/23,B
Ludwig,Lasse,POT,Portiere,33,1,1,0,1,0,1.0,6,2,0,0,0,0,0,0,22/23,B
Opitz,Phillip,TVH,Terzino Destro,21,6,1,5,1,0,0.1667,2,5,4,1,2,1,0,0,22/23,B
Chudinov,Nazar,HCM,Portiere,34,1,1,0,1,0,1.0,5,1,0,0,0,0,0,0,22/23,B
Finn-Jannes,Gernus,NLB,Ala Sinistra,5,1,1,0,1,0,1.0,0,0,0,0,0,0,0,0,22/23,B
Borren,Julian,NLB,Terzino Sinistro,4,1,1,0,1,0,1.0,0,1,0,0,0,0,0,0,22/23,B
Wagner,Silas,HBW,Pivot,5,2,1,1,1,0,0.5,0,1,0,0,0,0,0,0,22/23,B
Steinberg,Tom,HRO,Terzino Sinistro,3,1,1,0,1,0,1.0,0,1,0,0,0,0,0,0,22/23,B
Koester,Jens,KON,Pivot,4,2,1,1,1,0,0.5,0,0,0,0,0,0,0,0,22/23,B
Wellner,Julio,ELB,Pivot,6,2,1,1,1,0,0.5,0,0,0,0,0,0,0,0,22/23,B
Krenz,Jonas,WÖW,Pivot,15,4,1,3,1,0,0.25,0,2,0,1,0,1,0,0,22/23,B
Krugele,Paul,SGB,Ala Sinistra,1,1,1,0,1,0,1.0,0,0,0,0,0,0,0,0,22/23,B
Luegering,Fynn,NOL,Terzino Sinistro,4,1,1,0,1,0,1.0,1,0,0,0,0,1,0,0,22/23,B
Sondermann,Frederik,DOR,Pivot,4,1,1,0,1,0,1.0,0,0,0,0,0,0,0,0,22/23,B
Rabe,Hannes,WÖW,Terzino Sinistro,3,1,1,0,1,0,1.0,0,0,0,0,0,0,0,0,22/23,B
Weber,Josef,WÖW,Ala Sinistra,1,1,1,0,1,0,1.0,0,0,0,0,0,0,0,0,22/23,B
Kremp,Robin,DOR,Terzino Destro,3,4,1,3,1,0,0.25,1,2,0,0,0,0,0,0,22/23,B
Stolze,Luca,ELB,Ala Sinistra,4,2,1,1,1,0,0.5,0,0,0,0,0,0,0,0,22/23,B
Schmidt,Maximilian,DOR,Terzino Sinistro,4,1,1,0,1,0,1.0,1,1,0,0,0,0,0,0,22/23,B
Emmerich,Johannes,DOR,Terzino Sinistro,1,1,1,0,1,0,1.0,0,1,0,0,0,0,0,0,22/23,B
Herbel,Gianluca,KON,Ala Sinistra,8,2,1,1,1,0,0.5,0,0,0,0,0,0,0,0,22/23,B
Stankewitz,Konrad,TVH,Ala Sinistra,2,1,1,0,1,0,1.0,0,0,0,0,0,0,0,0,22/23,B
Klockmann,Dennis,VFL,Portiere,31,0,0,0,0,0,0.0,0,1,0,0,0,0,0,0,22/23,B
Rezar,Aljosa,NLB,Portiere,8,0,0,0,0,0,0.0,0,0,0,0,0,0,0,0,22/23,B
Bliss,Sebastian,TUE,Portiere,26,0,0,0,0,0,0.0,2,0,0,0,0,0,0,0,22/23,B
Gorobtschuk,Stanislaw,EIS,Portiere,24,0,0,0,0,0,0.0,1,0,0,0,1,0,0,0,22/23,B
Peribonio,Roko,LUD,Portiere,2,0,0,0,0,0,0.0,0,0,0,0,0,0,0,0,22/23,B
Miljak,Duje,EIS,Terzino Destro,1,0,0,0,0,0,0.0,0,0,0,0,0,1,0,0,22/23,B
Waschul,Martin,VFL,Centrale,14,0,0,0,0,0,0.0,2,0,1,3,0,1,0,0,22/23,B
Poltrum,Konstantin,SGB,Portiere,27,0,0,0,0,0,0.0,4,0,1,0,0,0,0,0,22/23,B
Wolf,Maximilian,KON,Portiere,1,0,0,0,0,0,0.0,0,0,0,0,0,0,0,0,22/23,B
Schmidt,Nils Thorben,HAG,Portiere,3,0,0,0,0,0,0.0,0,0,0,0,0,0,0,0,22/23,B
Mahncke,Tobias,HAG,Portiere,26,0,0,0,0,0,0.0,3,1,0,0,0,0,0,0,22/23,B
Bartels,Dennis,NOL,Portiere,2,0,0,0,0,0,0.0,0,0,0,0,0,0,0,0,22/23,B
Martinsen,Havard,COB,Portiere,2,0,0,0,0,0,0.0,0,0,0,0,0,0,0,0,22/23,B
Zemlin,Florian,HRO,Centrale,3,0,0,0,0,0,0.0,0,0,0,0,5,0,0,0,22/23,B
Wetzel,Robert,HRO,Portiere,31,0,0,0,0,0,0.0,0,1,0,0,0,0,0,0,22/23,B
Broy,Matthias Jan,DOR,Portiere,11,0,0,0,0,0,0.0,0,0,0,0,0,0,0,0,22/23,B
Brustmann,Max,EIS,Portiere,2,0,0,0,0,0,0.0,0,0,0,0,0,0,0,0,22/23,B
Keidel,Matthias,WÖW,Ala Sinistra,1,0,0,0,0,0,0.0,0,0,0,0,0,0,0,0,22/23,B
Schmitt,Stefan,WÖW,Terzino Sinistro,1,0,0,0,0,0,0.0,1,1,0,0,0,0,0,0,22/23,B
Topfer,Erik,EIS,Portiere,13,0,0,0,0,0,0.0,1,2,0,0,0,0,0,0,22/23,B
Schlotmann,Lorenz,HAG,Ala Sinistra,1,0,0,0,0,0,0.0,0,0,0,0,0,0,0,0,22/23,B
Kister,Lukas,HAG,Centrale,2,0,0,0,0,0,0.0,0,0,0,0,0,0,0,0,22/23,B
Apfel,Fabian,COB,Portiere,32,0,0,0,0,0,0.0,6,7,0,0,0,0,0,0,22/23,B
Hoffmann,Robin,ELB,Ala Destra,1,0,0,0,0,0,0.0,0,0,0,0,0,1,0,0,22/23,B
Ferjan,Mark,POT,Portiere,38,0,0,0,0,0,0.0,2,0,1,0,0,0,0,0,22/23,B
Juzbasic,Martin,DOR,Portiere,36,0,0,0,0,0,0.0,14,4,0,0,0,0,0,0,22/23,B
Fuchs,Arne,TUE,Portiere,36,0,0,0,0,0,0.0,0,0,0,0,0,0,0,0,22/23,B
Mehler,Leon,HRO,Portiere,33,0,0,0,0,0,0.0,6,7,0,0,0,0,0,0,22/23,B
Boieck,Janis,KON,Portiere,1,0,0,0,0,0,0.0,0,0,0,0,0,0,0,0,22/23,B
Mohs,Max,ELB,Portiere,12,0,0,0,0,0,0.0,1,0,0,0,0,0,0,0,22/23,B
Voncina,Blaz,POT,Portiere,30,0,0,0,0,0,0.0,0,1,1,0,0,0,0,0,22/23,B
Ruminsky,Mario,HBW,Portiere,38,0,0,0,0,0,0.0,11,8,0,1,0,0,0,0,22/23,B
Prager,Tillmann,ELB,Portiere,2,0,0,0,0,0,0.0,0,0,0,0,0,0,0,0,22/23,B
Bohne,Simon,TVH,Portiere,1,0,0,0,0,0,0.0,0,0,0,0,0,0,0,0,22/23,B
Jochens,Jan,COB,Portiere,24,0,0,0,0,0,0.0,4,3,0,0,0,0,0,0,22/23,B
Klein,Sebastian,EIS,Portiere,2,0,0,0,0,0,0.0,0,0,0,0,0,0,0,0,22/23,B
Baranasic,Filip,HBW,Portiere,1,0,0,0,0,0,0.0,0,0,0,0,0,0,0,0,22/23,B
Dreyer,Paul,VFL,Portiere,21,0,0,0,0,0,0.0,0,0,0,0,0,0,0,0,22/23,B
Grabenstein,Leon,KON,Portiere,38,0,0,0,0,0,0.0,1,1,0,0,0,0,0,0,22/23,B
Klama,Joonas,NLB,Portiere,12,0,0,0,0,0,0.0,0,0,0,0,0,1,0,0,22/23,B
Panisic,Igor,HAG,Pivot,1,0,0,0,0,0,0.0,0,0,0,0,0,0,0,0,22/23,B
Budko,Mykhailo,HCM,Portiere,17,0,0,0,0,0,0.0,0,0,0,0,0,0,0,0,22/23,B
Patzwaldt,Janik,DES,Portiere,38,0,0,0,0,0,0.0,4,0,0,0,0,0,0,0,22/23,B
Hagen,Melf,VFL,Centrale,8,0,0,0,0,0,0.0,1,0,0,0,0,0,0,0,22/23,B
Urban,Lukas,SGB,Ala Sinistra,2,0,0,0,0,0,0.0,0,0,0,0,0,0,0,0,22/23,B
Krass,Robert,EIS,Terzino Destro,6,0,0,0,0,0,0.0,0,0,0,0,0,0,0,0,22/23,B
Grupe,Mats,LUD,Portiere,12,0,0,0,0,0,0.0,2,0,0,0,0,0,0,0,22/23,B
Ohm,Julian,TVG,Portiere,26,0,0,0,0,0,0.0,0,0,0,0,0,0,0,0,22/23,B
Siryk,Oleksandr,TVG,Ala Sinistra,1,0,0,0,0,0,0.0,0,0,0,0,0,0,0,0,22/23,B
Pysarevskyi,Mykhailo,TVG,Portiere,3,0,0,0,0,0,0.0,0,0,0,0,0,0,0,0,22/23,B
Kasai,Andrii,HCM,Centrale,22,0,0,0,0,0,0.0,0,1,0,0,0,0,0,0,22/23,B
Schenderlein,Calvin,TUE,Ala Sinistra,1,0,0,0,0,0,0.0,0,0,0,0,0,0,0,0,22/23,B
Stein,Daniel,DOR,Ala Destra,1,0,0,0,0,0,0.0,0,0,0,0,0,0,0,0,22/23,B
Kutt,Silas,WÖW,Ala Destra,1,0,0,0,0,0,0.0,0,0,0,0,0,0,0,0,22/23,B
Ruspeler,Finn,TVH,Portiere,9,0,0,0,0,0,0.0,0,0,0,0,0,0,0,0,22/23,B
Mack,Pascal,KON,Pivot,1,0,0,0,0,0,0.0,0,0,0,0,0,0,0,0,22/23,B
Martin,Nicolai,TVH,Ala Sinistra,1,0,0,0,0,0,0.0,0,0,1,0,0,0,0,0,22/23,B
Funke,Christopher-Robin,HAG,Ala Sinistra,2,0,0,0,0,0,0.0,0,0,0,0,0,0,0,0,22/23,B
Schartl,Lasse,COB,Ala Sinistra,2,0,0,0,0,0,0.0,0,0,0,0,0,0,0,0,22/23,B
Hochmuth,Moritz,HRO,Terzino Destro,1,0,0,0,0,0,0.0,0,0,2,0,0,0,0,0,22/23,B
Umejiwgo,Wesley,HAG,Portiere,1,0,0,0,0,0,0.0,0,0,0,0,0,0,0,0,22/23,B
Weller,Jonas,SGB,Portiere,1,0,0,0,0,0,0.0,0,0,0,0,0,0,0,0,22/23,B
Ingwald,Marc,HAG,Ala Destra,4,0,0,0,0,0,0.0,0,0,0,0,0,0,0,0,22/23,B
Elsasser,Louis,TUE,Ala Sinistra,2,0,0,0,0,0,0.0,0,0,0,0,0,0,0,0,22/23,B
Malchow,Viktor,HRO,Portiere,13,0,0,0,0,0,0.0,4,0,0,0,0,1,0,0,22/23,B
Schwaiger,Timo,ELB,Terzino Sinistro,2,0,0,0,0,0,0.0,0,0,0,0,0,0,0,0,22/23,B
van der Merwe,Kristian,COB,Portiere,7,0,0,0,0,0,0.0,0,0,0,0,0,0,0,0,22/23,B
Lopez,Antonio,SGB,Ala Destra,5,0,0,0,0,0,0.0,0,2,0,0,0,0,0,0,22/23,B
Kanters,Jan,SGB,Portiere,16,0,0,0,0,0,0.0,0,0,0,0,0,0,0,0,22/23,B
Ehrlich,Nicolas,SGB,Ala Destra,2,0,0,0,0,0,0.0,0,0,0,0,0,0,0,0,22/23,B
Horlitz,Karl Ole,HRO,Ala Sinistra,1,0,0,0,0,0,0.0,0,0,0,0,0,0,0,0,22/23,B
Orzol,Tim,HRO,Terzino Destro,1,0,0,0,0,0,0.0,0,0,0,0,0,0,0,0,22/23,B
Knutzen,Tim,HAG,Pivot,1,0,0,0,0,0,0.0,0,0,0,0,0,0,0,0,22/23,B
Quittmann,Arne,HAG,Pivot,1,0,0,0,0,0,0.0,0,0,0,0,0,0,0,0,22/23,B
Siegl,Paul,WÖW,Portiere,2,0,0,0,0,0,0.0,0,0,0,0,0,0,0,0,22/23,B
Daugs,Finn,WÖW,Ala Sinistra,3,0,0,0,0,0,0.0,0,0,0,0,0,0,0,0,22/23,B
Beran,Lukas,WÖW,Terzino Sinistro,5,0,0,0,0,0,0.0,4,2,0,0,0,0,0,0,22/23,B
Weckesser,Jannis,WÖW,Ala Sinistra,1,0,0,0,0,0,0.0,0,0,0,0,0,0,0,0,22/23,B
Boeckenholt,Felix Elias,DOR,Ala Sinistra,1,0,0,0,0,0,0.0,0,0,0,0,0,0,0,0,22/23,B
Ostrowski,Luca Wolfgang,DOR,Pivot,1,0,0,0,0,0,0.0,0,0,0,0,0,0,0,0,22/23,B
Schnurpe,Moritz,HRO,Pivot,1,0,0,0,0,0,0.0,0,0,0,0,0,0,0,0,22/23,B
Meiser,Nils,LUD,Portiere,1,0,0,0,0,0,0.0,0,0,0,0,0,0,0,0,22/23,B
Drefahl,Jan,ELB,Portiere,1,0,0,0,0,0,0.0,0,0,0,0,0,0,0,0,22/23,B
Zwanzig,Jannis,POT,Ala Sinistra,1,0,0,0,0,0,0.0,0,0,0,0,0,0,0,0,22/23,B
Osann,Fynn,KON,Centrale,3,0,0,0,0,0,0.0,0,2,0,0,0,0,0,0,22/23,B
Schulz,Jan,HRO,Ala Sinistra,1,0,0,0,0,0,0.0,0,0,0,0,0,0,0,0,22/23,B
Harm,Hennes Benedikt,HRO,Centrale,1,0,0,0,0,0,0.0,0,0,0,0,0,0,0,0,22/23,B
Kryszon,Philip,ELB,Terzino Sinistro,1,0,0,0,0,0,0.0,0,1,0,0,0,0,0,0,22/23,B
Bayer,Anton,TVG,Centrale,2,0,0,0,0,0,0.0,0,0,0,0,0,0,0,0,22/23,B
Johannisson,Leon,HRO,Portiere,3,0,0,0,0,0,0.0,0,0,0,0,0,0,0,0,22/23,B
Beneke,Max Christoph,POT,Terzino Destro,31,400,267,133,168,99,0.6675,85,68,13,5,1,7,0,0,23/24,B
Loser,Timo,DES,Terzino Sinistro,31,335,215,120,215,0,0.6418,87,56,1,1,1,3,0,0,23/24,B
Hangstein,Fynn,NLB,Centrale,31,291,197,94,120,77,0.677,93,68,2,3,1,6,0,0,23/24,B
Huesmann,Fabian,ASV,Ala Sinistra,31,221,174,47,61,113,0.7873,5,5,3,2,0,7,1,0,23/24,B
Schafer,Christian,SGB,Ala Destra,29,214,170,44,76,94,0.7944,2,5,10,0,0,4,0,0,23/24,B
Raguse,Mex,LUD,Terzino Sinistro,30,279,170,109,170,0,0.6093,104,58,13,1,3,18,0,0,23/24,B
Wucherpfennig,Lukas,ELB,Ala Destra,31,218,167,51,79,88,0.7661,2,9,9,0,0,4,1,0,23/24,B
Hrstka,Jakub,DES,Ala Sinistra,29,210,167,43,115,52,0.7951999999999999,9,19,5,1,1,8,0,0,23/24,B
Weber,Ian,TVH,Centrale,30,281,166,115,149,17,0.5907,85,65,8,2,7,3,1,0,23/24,B
Billek,Florian,COB,Ala Destra,29,207,154,53,91,63,0.7440000000000001,15,20,7,0,1,2,0,0,23/24,B
Lux,Maximilian,NOL,Ala Destra,31,214,152,62,89,63,0.7103,6,12,7,0,0,4,1,0,23/24,B
Schrader,Janik,VFL,Terzino Destro,31,254,152,102,125,27,0.5984,113,76,4,2,3,5,0,0,23/24,B
Marschall,Tarek,NOL,Centrale,29,249,147,102,147,0,0.5904,60,45,7,5,2,10,0,0,23/24,B
Klein,Jannek,LUD,Terzino Destro,31,242,145,97,145,0,0.5992000000000001,94,57,8,4,0,6,0,0,23/24,B
Steinhaus,Soren,DOR,Centrale,30,242,143,99,141,2,0.5909,60,50,3,2,2,12,0,0,23/24,B
Darmoul,Mohamed Amine,GWD,Centrale,24,191,142,49,132,10,0.7434999999999999,58,75,6,0,0,2,0,0,23/24,B
Styrmisson,Hakon Dadi,HAG,Ala Sinistra,30,209,141,68,126,15,0.6746,5,16,9,1,1,6,0,0,23/24,B
Zintel,Bjorn,ASV,Centrale,31,223,138,85,136,2,0.6188,90,78,7,0,1,5,0,0,23/24,B
Wasielewski,Johannes,NOL,Terzino Destro,30,220,136,84,136,0,0.6182,50,48,5,7,4,19,1,0,23/24,B
Simic,Josip,POT,Pivot,31,182,136,46,136,0,0.7473000000000001,13,25,6,7,4,17,0,0,23/24,B
Kuntscher,David,TVH,Terzino Destro,29,246,136,110,136,0,0.5528,62,37,12,3,3,11,0,0,23/24,B
Busch,Pierre,HAG,Ala Destra,28,182,135,47,97,38,0.7418,16,10,18,1,0,4,0,0,23/24,B
Speckmann,Jan-Eric,VFL,Ala Sinistra,26,178,132,46,83,49,0.7415999999999999,3,5,11,0,0,10,1,1,23/24,B
Kirschner,Tristan,TVH,Ala Destra,30,185,132,53,73,59,0.7134999999999999,7,10,13,0,0,10,0,0,23/24,B
Bicer,Gorkem,TVG,Ala Destra,29,183,131,52,65,66,0.7158,5,13,3,0,1,6,0,0,23/24,B
Homscheid,Nils,TUE,Centrale,30,178,130,48,44,86,0.7303000000000001,30,24,1,1,0,0,0,0,23/24,B
Fischer,Jonathan,SGB,Pivot,31,151,120,31,120,0,0.7947,4,14,11,1,0,10,0,0,23/24,B
Bandlow,Frieder,TVG,Terzino Destro,31,196,119,77,110,9,0.6071,72,65,14,0,1,13,0,0,23/24,B
Schwarzer,Kian,LUD,Ala Sinistra,30,168,119,49,84,35,0.7082999999999999,10,14,5,1,0,6,0,0,23/24,B
Schaller,Tim,LUD,Ala Sinistra,29,147,117,30,62,55,0.7959,1,6,1,0,0,3,0,0,23/24,B
Von Boenigk,Jan,ASV,Terzino Destro,31,171,116,55,116,0,0.6784,82,40,13,4,1,4,0,0,23/24,B
Stavast,Ivar,ELB,Centrale,31,218,116,102,116,0,0.5321,88,46,6,4,3,13,1,0,23/24,B
Pfeifer,Alexander,SGB,Ala Sinistra,31,162,116,46,116,0,0.716,0,8,7,0,2,5,0,0,23/24,B
Kranzmann,Florian,GWD,Ala Sinistra,28,156,115,41,63,52,0.7372,8,5,8,0,0,3,0,0,23/24,B
Jaeger,Max,COB,Ala Sinistra,29,161,114,47,114,0,0.7081000000000001,13,12,5,2,0,6,0,0,23/24,B
Mileta,Fran,VIN,Ala Destra,31,157,113,44,102,11,0.7197,10,25,21,0,2,6,0,0,23/24,B
Norouzinezhad Gharehlou,Pouya,HAG,Terzino Sinistro,27,187,112,75,112,0,0.5989,61,40,4,4,2,11,0,0,23/24,B
Schottle,Nico,ASV,Terzino Sinistro,24,186,111,75,111,0,0.5968,63,40,8,7,1,6,0,0,23/24,B
Sauter,Moritz,POT,Centrale,26,170,108,62,108,0,0.6353,46,53,1,0,0,2,0,0,23/24,B
Gansau,Elias,AUE,Terzino Sinistro,27,195,108,87,108,0,0.5538000000000001,53,59,3,1,3,16,2,0,23/24,B
Falk,Alexander,LUD,Ala Destra,30,149,107,42,103,4,0.7181000000000001,8,6,11,1,1,3,0,0,23/24,B
Gress,Sebastian,ELB,Centrale,28,169,106,63,106,0,0.6272,75,49,10,2,1,6,1,0,23/24,B
Hild,Matthias,VIN,Terzino Destro,31,208,106,102,106,0,0.5096,21,38,4,11,4,21,0,0,23/24,B
Mazic,Milan,VIN,Pivot,31,150,105,45,93,12,0.7,1,15,1,2,4,33,3,0,23/24,B
Staar,Max,GWD,Ala Destra,28,140,104,36,104,0,0.7429000000000001,23,19,27,3,0,4,0,0,23/24,B
Sohmann,Vincent,DES,Centrale,30,156,103,53,65,38,0.6603,80,65,8,0,2,11,1,0,23/24,B
Reimer,Jan,DOR,Ala Destra,29,143,103,40,40,63,0.7203,0,5,3,0,0,1,0,0,23/24,B
Sterba,Jakub,ASV,Ala Destra,30,143,98,45,97,1,0.6853,4,12,17,0,1,9,0,0,23/24,B
Claus,Dominik,SGB,Terzino Destro,29,156,97,59,97,0,0.6218,77,44,9,0,1,4,0,0,23/24,B
Vorlicek,Philipp,HAG,Terzino Destro,27,173,97,76,97,0,0.5607,42,31,3,2,1,8,0,0,23/24,B
Velz,Alexander,SGB,Terzino Sinistro,31,173,97,76,94,3,0.5607,78,49,1,1,0,3,0,0,23/24,B
Mubenzem,Dieudonne,AUE,Terzino Destro,31,198,94,104,94,0,0.4747,80,67,5,0,4,4,0,0,23/24,B
Jaeger,Felix,COB,Terzino Sinistro,27,156,92,64,92,0,0.5897,20,32,2,0,0,1,0,0,23/24,B
Neuhaus,Max,TUE,Centrale,31,151,91,60,91,0,0.6026,27,33,2,3,1,4,1,0,23/24,B
Fuss,Merlin,COB,Terzino Destro,28,155,91,64,91,0,0.5871,67,52,10,4,2,4,0,0,23/24,B
Pohle,Georg,NOL,Terzino Sinistro,28,176,88,88,80,8,0.5,70,49,8,17,5,21,3,0,23/24,B
Kalafut,Dominik,NOL,Pivot,28,113,88,25,87,1,0.7787999999999999,2,16,0,4,4,23,4,0,23/24,B
Reichl,Vit,TVH,Pivot,31,111,87,24,87,0,0.7837999999999999,6,26,4,3,0,3,0,0,23/24,B
Akakpo,David Cyrill,POT,Ala Destra,29,112,87,25,87,0,0.7768,11,8,12,2,0,15,2,0,23/24,B
Wolf,Tom,SGB,Terzino Sinistro,27,160,86,74,64,22,0.5375,21,18,2,2,0,2,0,0,23/24,B
Klingler,Felix,TUE,Ala Destra,31,122,85,37,80,5,0.6967,8,13,11,1,0,3,1,0,23/24,B
Vignjevic,Marko,AUE,Terzino Sinistro,31,156,85,71,84,1,0.5449,52,36,12,19,1,15,1,0,23/24,B
Ebner,Dominik,NLB,Terzino Destro,25,136,83,53,83,0,0.6103000000000001,24,44,0,2,1,10,1,0,23/24,B
Schroven,Finn,DOR,Ala Destra,31,142,83,59,77,6,0.5845,113,66,0,0,2,8,0,0,23/24,B
Kammlodt,Adrian,TVG,Terzino Sinistro,21,160,82,78,82,0,0.5125,31,25,2,1,0,4,1,0,23/24,B
Dumcius,Mindaugas,ELB,Terzino Destro,26,149,79,70,79,0,0.5302,56,55,4,0,2,7,1,0,23/24,B
Radovic,Danilo,GWD,Terzino Sinistro,31,136,79,57,79,0,0.5809000000000001,38,65,12,3,0,9,2,0,23/24,B
Pust,Yannick-Marcos,DES,Ala Destra,31,107,78,29,77,1,0.7290000000000001,4,10,21,0,0,12,1,0,23/24,B
De la Pena,Juan,SGB,Centrale,31,149,77,72,77,0,0.5168,67,48,17,4,2,7,1,0,23/24,B
Gertges,Jonas,VIN,Ala Sinistra,31,112,77,35,34,43,0.6875,1,7,3,0,2,10,2,0,23/24,B
Hagen,Melf,VIN,Centrale,31,146,77,69,77,0,0.5274,36,54,1,0,1,2,1,0,23/24,B
Skroblien,Tom,NLB,Ala Sinistra,30,114,76,38,42,34,0.6667000000000001,8,8,2,0,0,3,0,0,23/24,B
Reuland,Joshua,DOR,Ala Sinistra,23,98,76,22,68,8,0.7755,2,3,2,0,0,2,0,0,23/24,B
Genz,Jo Gerrit,NLB,Terzino Destro,27,117,75,42,75,0,0.6409999999999999,28,20,3,6,2,8,0,0,23/24,B
Wieling,Tim,NLB,Ala Destra,31,99,75,24,75,0,0.7576,6,15,2,2,1,2,0,0,23/24,B
Lungela,Maurice,VIN,Terzino Destro,30,163,74,89,63,11,0.45,73,37,4,0,0,3,0,0,23/24,B
Seidler,Oliver,ELB,Pivot,23,97,74,23,74,0,0.76,6,14,8,12,1,12,0,0,23/24,B
ten Velde,Rutger,NLB,Ala Sinistra,30,104,73,31,73,0,0.7019,9,12,7,0,0,8,0,0,23/24,B
Stuber,Frederic,HAG,Pivot,31,91,72,19,72,0,0.7912,10,18,1,13,3,22,0,0,23/24,B
Huter,Ian,DOR,Centrale,29,114,72,42,72,0,0.6315999999999999,64,53,7,5,1,13,1,0,23/24,B
Voss-Fels,Kim,HAG,Terzino Destro,27,123,72,51,72,0,0.5854,31,25,2,2,5,10,1,0,23/24,B
Kompenhans,Paul,TVH,Centrale,26,103,72,31,72,0,0.6990000000000001,33,37,19,1,0,10,1,0,23/24,B
Firnhaber,Lucas,NOL,Terzino Destro,31,137,71,66,71,0,0.5182,17,21,3,1,0,7,1,0,23/24,B
Kofler,Elias,POT,Centrale,30,121,71,50,71,0,0.5868,97,54,25,12,5,22,1,0,23/24,B
Orlov,Maxim,POT,Centrale,29,124,71,53,71,0,0.5726,32,26,8,2,1,6,0,0,23/24,B
Nickelsen,Einar,VFL,Centrale,22,117,71,46,71,0,0.6068,42,38,5,2,1,4,0,0,23/24,B
Thummler,Jonas,ELB,Pivot,31,94,70,24,70,0,0.7447,9,22,5,2,2,10,0,0,23/24,B
Corak,Dino,TVG,Pivot,18,86,70,16,70,0,0.8140000000000001,4,9,2,7,1,7,0,0,23/24,B
Sajenev,Mika Laurin,AUE,Pivot,26,90,70,20,70,0,0.7778,2,16,5,16,4,17,1,0,23/24,B
Krone,Jannes,COB,Ala Destra,31,103,69,34,43,26,0.6698999999999999,2,7,2,0,0,6,0,0,23/24,B
Wesseling,Sven,NLB,Terzino Sinistro,31,115,68,47,68,0,0.5913,45,36,0,7,5,15,1,0,23/24,B
Kretschmer,Finn,VFL,Ala Destra,26,93,67,26,67,0,0.7204,3,13,8,0,1,5,0,0,23/24,B
Strosack,Peter,DOR,Ala Destra,31,91,66,25,65,1,0.7253000000000001,8,7,7,0,1,2,0,0,23/24,B
Patzel,Vojtech,VFL,Terzino Sinistro,18,97,66,31,66,0,0.6804000000000001,39,21,5,2,0,1,0,0,23/24,B
Pehlivan,Doruk,ELB,Terzino Sinistro,25,109,66,43,66,0,0.6054999999999999,34,39,13,31,2,15,1,0,23/24,B
Bergner,Tom,LUD,Pivot,28,80,66,14,66,0,0.825,6,16,2,8,2,17,3,0,23/24,B
Valdimarsson,Bjarni Ofeigur,GWD,Terzino Sinistro,24,138,66,72,66,0,0.48,42,46,3,3,2,10,0,0,23/24,B
Klenk,Moritz,TVG,Ala Sinistra,31,92,66,26,66,0,0.72,6,9,6,0,0,2,0,0,23/24,B
Pereira,Francisco,AUE,Ala Destra,31,110,66,44,45,21,0.6,5,5,7,1,1,9,1,0,23/24,B
Schoss,Alex,TUE,Terzino Destro,26,119,66,53,66,0,0.5546,24,46,7,3,1,18,1,0,23/24,B
Stark,Mario,TVG,Centrale,26,108,65,43,65,0,0.6019,78,50,3,1,2,19,1,0,23/24,B
Lofstrom,Carl,VFL,Pivot,30,96,65,31,65,0,0.6770999999999999,8,28,8,15,3,26,1,0,23/24,B
Weck,Alexander,HAG,Terzino Sinistro,22,121,65,56,65,0,0.5372,73,24,3,5,1,9,1,0,23/24,B
Dayan,Yonatan,ASV,Centrale,22,105,65,40,59,6,0.619,29,29,5,0,1,2,0,0,23/24,B
Bornemann,Andreas,ASV,Terzino Destro,28,120,64,56,64,0,0.5333,24,21,0,4,0,8,0,0,23/24,B
Sebetic,Luka,GWD,Terzino Destro,29,125,64,61,64,0,0.512,24,28,6,2,1,15,1,0,23/24,B
Johannsson,Sveinn,GWD,Pivot,29,91,64,27,64,0,0.7033,12,18,5,13,5,28,1,0,23/24,B
Schwarz,Philipp,TVH,Ala Sinistra,31,96,64,32,64,0,0.6667000000000001,4,10,5,1,0,3,0,0,23/24,B
Rehfus,Lucas,DOR,Terzino Sinistro,26,125,64,61,64,0,0.51,28,33,1,0,0,5,0,0,23/24,B
Kretschmer,Nils Holger,ELB,Terzino Sinistro,31,103,63,40,59,4,0.6117,36,25,11,17,2,16,1,0,23/24,B
Wiederstein,Fabian,SGB,Pivot,31,80,63,17,63,0,0.7875,11,13,2,3,6,20,0,0,23/24,B
Dierberg,Julius,ELB,Ala Sinistra,29,81,63,18,62,1,0.7778,9,9,14,1,1,1,0,0,23/24,B
Wilhelm,Christian,TUE,Pivot,31,96,63,33,63,0,0.6563,4,17,3,9,0,4,1,0,23/24,B
Peter,Staffan,AUE,Ala Destra,17,92,63,29,34,29,0.6848000000000001,1,1,2,0,0,0,0,0,23/24,B
Kolodziej,Falk,VIN,Centrale,22,102,62,40,57,5,0.6078,79,55,3,1,0,4,0,0,23/24,B
Schulze,Alexander,ASV,Ala Sinistra,27,77,61,16,61,0,0.7922,4,5,3,1,0,7,0,0,23/24,B
Schauer,Kuno,TVG,Centrale,31,114,60,54,60,0,0.5263,51,39,2,1,0,1,0,0,23/24,B
Runarsson,Tumi Steinn,COB,Centrale,27,111,60,51,58,2,0.5405,51,27,1,0,0,2,0,0,23/24,B
Gaubatz,Jan-Lars,HAG,Terzino Destro,29,101,59,42,59,0,0.5842,33,20,0,0,0,0,0,0,23/24,B
Ritterbach,Joscha,NOL,Ala Sinistra,31,85,59,26,52,7,0.6940999999999999,7,10,4,1,0,13,0,0,23/24,B
Schreiber,Hendrik,TVH,Terzino Sinistro,28,98,59,39,59,0,0.602,44,15,13,6,1,11,2,0,23/24,B
Trost,Sebastian,LUD,Centrale,30,126,59,67,59,0,0.4683,65,55,2,0,1,5,0,0,23/24,B
Sondermann,Frederik,DOR,Pivot,29,73,59,14,59,0,0.8081999999999999,3,11,2,6,0,10,0,0,23/24,B
Eisentrager,Florian,TVG,Ala Sinistra,24,75,58,17,45,13,0.7733,3,9,5,2,1,6,2,0,23/24,B
Drager,Yannick,NLB,Pivot,26,82,58,24,58,0,0.7073,5,19,3,15,2,17,0,0,23/24,B
Paraschiv,Sebastian,AUE,Centrale,22,108,58,50,53,5,0.537,28,36,6,0,0,4,0,0,23/24,B
Mast,Tim,TUE,Ala Sinistra,31,81,58,23,52,6,0.716,10,11,9,4,1,6,0,0,23/24,B
Nissen,Marek,NLB,Terzino Sinistro,27,101,58,43,58,0,0.5743,30,31,0,7,3,16,0,0,23/24,B
Ellwanger,Jonas,TUE,Centrale,27,94,57,37,57,0,0.6064,37,45,6,1,0,9,1,0,23/24,B
Blecha,Jan,AUE,Ala Sinistra,23,85,57,28,57,0,0.6706,7,8,4,4,2,6,0,0,23/24,B
Stuber,Jonas,ASV,Pivot,31,71,57,14,57,0,0.8028,3,18,4,0,0,4,0,0,23/24,B
Salger,Stefan,TVG,Terzino Destro,24,108,56,52,56,0,0.5185,19,24,2,5,0,11,0,0,23/24,B
Skorupa,Paul,VFL,Pivot,31,73,56,17,56,0,0.7670999999999999,7,13,8,6,7,30,5,0,23/24,B
Danneberg,Yannick,DES,Terzino Sinistro,30,103,56,47,48,8,0.5437,22,19,1,7,0,4,0,0,23/24,B
Szczesny,Dennis,TUE,Terzino Sinistro,29,115,55,60,55,0,0.4783,52,49,5,12,1,17,1,0,23/24,B
Bis,Bartlomiej,COB,Pivot,29,74,55,19,55,0,0.74,13,25,10,14,6,15,3,0,23/24,B
Blaauw,Niko,VFL,Centrale,31,100,55,45,54,1,0.55,67,50,3,1,0,2,0,0,23/24,B
Fuhrmann,Nils,POT,Ala Sinistra,31,71,55,16,55,0,0.7746,1,3,8,3,1,0,0,0,23/24,B
Haider,Maximilian,LUD,Pivot,27,76,54,22,54,0,0.7105,6,10,1,10,7,21,1,0,23/24,B
Roosna,Karl,POT,Terzino Destro,23,76,54,22,42,12,0.7105,13,9,0,0,0,2,0,0,23/24,B
Wullenweber,Finn,TVG,Terzino Sinistro,20,86,53,33,53,0,0.6163000000000001,26,29,2,5,3,10,1,0,23/24,B
Schmidt,Jan-Christian,DOR,Pivot,31,78,53,25,53,0,0.6795,4,20,5,6,3,20,3,0,23/24,B
Bruhn,Jasper,VFL,Terzino Destro,30,103,52,51,52,0,0.5049,21,19,5,5,0,13,0,0,23/24,B
Barthe,Paco,SGB,Centrale,31,87,51,36,51,0,0.5861999999999999,30,37,13,10,3,16,0,0,23/24,B
Mitrovic,Alexander,DES,Terzino Destro,16,97,51,46,51,0,0.5257999999999999,7,15,1,0,0,3,0,0,23/24,B
Hertzfeld,Tim Maximilian,DES,Pivot,28,76,51,25,51,0,0.6711,24,13,3,5,1,20,0,0,23/24,B
Rose,Julius,TUE,Centrale,25,115,50,65,50,0,0.4347999999999999,35,34,5,3,0,3,0,0,23/24,B
Asmussen,Philipp,TUE,Terzino Destro,22,87,50,37,50,0,0.5747,32,31,1,0,0,4,0,0,23/24,B
Geenen,Kaj,VFL,Ala Sinistra,31,77,50,27,50,0,0.6494,2,5,5,0,0,4,0,0,23/24,B
Meyer-Siebert,Julius,LUD,Terzino Sinistro,31,76,47,29,47,0,0.6184000000000001,39,21,4,17,4,21,2,0,23/24,B
Klepp,Vincent Emilio,ELB,Ala Destra,31,68,46,22,44,2,0.6765000000000001,4,1,4,0,0,4,1,0,23/24,B
Terwolbeck,Alexander,NOL,Centrale,30,77,45,32,45,0,0.5844,53,30,0,0,0,0,0,0,23/24,B
Alves,Andre,HAG,Ala Destra,31,59,45,14,39,6,0.7626999999999999,3,2,1,0,1,1,0,0,23/24,B
Ossowski,Arkadiusz,COB,Centrale,19,88,44,44,44,0,0.5,36,34,1,1,1,0,0,0,23/24,B
Misovych,David,DES,Ala Destra,31,61,44,17,44,0,0.72,0,6,2,0,0,1,0,0,23/24,B
Hagedorn,Ole,VFL,Terzino Sinistro,31,80,44,36,44,0,0.55,33,20,6,7,1,6,0,0,23/24,B
Becker,Alexander,HAG,Pivot,27,55,43,12,43,0,0.7818,9,15,9,16,3,17,2,0,23/24,B
Timm,Marcel,VIN,Pivot,30,54,43,11,43,0,0.7963,9,16,3,9,3,28,3,0,23/24,B
Ciudad Benitez,Leon,VFL,Pivot,18,60,42,18,42,0,0.7,5,12,4,12,3,14,0,0,23/24,B
Schaffer,Jan,COB,Pivot,28,50,41,9,41,0,0.82,10,10,5,6,3,15,0,0,23/24,B
Korte,Mats,GWD,Ala Sinistra,30,63,41,22,30,11,0.6507999999999999,2,6,3,0,0,4,0,0,23/24,B
Rudiger,Tim,TVH,Ala Destra,30,58,40,18,40,0,0.6897,4,0,6,0,0,0,0,0,23/24,B
Kontrec,Tin,NLB,Pivot,31,51,40,11,40,0,0.7843000000000001,6,12,3,24,4,22,0,0,23/24,B
Eles,Benedek,GWD,Centrale,13,56,40,16,34,6,0.7143,21,17,1,0,0,1,0,0,23/24,B
Schalles,Maxim,TVG,Ala Destra,31,57,40,17,40,0,0.7018000000000001,4,4,10,0,0,2,0,0,23/24,B
Senden,Alexander,DOR,Terzino Sinistro,21,95,39,56,39,0,0.41,17,18,0,2,3,9,0,0,23/24,B
Knauer,Jakob,COB,Terzino Destro,20,69,38,31,38,0,0.5507,18,11,1,1,1,9,0,0,23/24,B
Eissing,Felix,TUE,Ala Destra,22,52,38,14,36,2,0.7308,2,9,1,0,0,2,0,0,23/24,B
Wolfram,Finn,TUE,Pivot,30,52,38,14,38,0,0.7308,3,22,1,9,1,8,0,0,23/24,B
Spohn,Valentin,HAG,Terzino Sinistro,17,75,37,38,37,0,0.4932999999999999,15,14,1,1,0,0,0,0,23/24,B
Vlahovic,Nikola,SGB,Terzino Sinistro,29,62,37,25,37,0,0.6,30,20,6,16,5,12,0,0,23/24,B
Strakeljahn,Simon,TVG,Centrale,29,81,37,44,36,1,0.4568,16,25,1,0,0,4,1,0,23/24,B
Pieczkowski,Niclas,HAG,Centrale,24,56,36,20,36,0,0.64,40,25,5,9,0,5,1,0,23/24,B
Mohr,Florian,TVG,Pivot,31,48,36,12,36,0,0.75,2,16,4,12,3,32,11,0,23/24,B
Lopp,Mihkel,AUE,Centrale,21,62,36,26,36,0,0.5806,14,20,1,0,0,1,0,0,23/24,B
Haake,Carl Philipp,DES,Ala Sinistra,25,55,36,19,36,0,0.6545000000000001,5,14,2,0,0,5,0,0,23/24,B
Greilich,Nils,ELB,Ala Sinistra,27,46,36,10,36,0,0.7826000000000001,2,5,4,0,0,4,0,0,23/24,B
Levak,Bruno,AUE,Centrale,31,80,35,45,34,1,0.4375,11,26,3,1,0,5,0,0,23/24,B
Bauer,Stefan,ASV,Pivot,18,45,34,11,34,0,0.7556,4,8,1,15,3,17,1,0,23/24,B
Helmersson,Mikael,COB,Terzino Sinistro,11,62,34,28,34,0,0.5484,16,17,1,0,0,1,0,0,23/24,B
Petreikis,Benas,NLB,Centrale,30,53,33,20,33,0,0.6225999999999999,25,24,0,0,0,4,0,0,23/24,B
Dzialakiewicz,Szymon,GWD,Terzino Destro,8,60,33,27,33,0,0.55,7,9,0,0,0,0,0,0,23/24,B
Ruddat,Elias,VIN,Ala Sinistra,30,57,32,25,32,0,0.5614,5,6,8,1,0,0,0,0,23/24,B
Roller,Lars,TVG,Pivot,13,40,31,9,31,0,0.775,1,9,1,4,1,14,1,0,23/24,B
Asensio Cambra,Carles,GWD,Pivot,17,45,31,14,31,0,0.6889,6,9,8,9,0,6,0,0,23/24,B
Boeckenholt,Felix Elias,DOR,Ala Sinistra,19,45,31,14,31,0,0.6889,0,2,4,1,0,1,0,0,23/24,B
Jungemann,Philip,ASV,Pivot,27,40,30,10,30,0,0.75,4,14,1,12,0,14,0,0,23/24,B
Jerebie,Julian Ernest,AUE,Pivot,30,43,30,13,30,0,0.6977,2,18,0,6,2,27,0,0,23/24,B
Haunold,Marc-Andre,ASV,Terzino Sinistro,10,42,30,12,30,0,0.7143,13,12,2,0,0,0,0,0,23/24,B
Eberlein,Sven,VIN,Terzino Sinistro,12,64,30,34,30,0,0.4688,12,28,1,2,2,6,0,0,23/24,B
Schroder,Nils,VIN,Terzino Sinistro,22,79,30,49,30,0,0.3797,21,17,3,2,0,11,0,0,23/24,B
Klein,Johannes,TVH,Terzino Sinistro,27,63,29,34,29,0,0.4603,11,11,2,0,1,9,1,0,23/24,B
Valkovskis,Janis Pavels,COB,Terzino Sinistro,22,65,29,36,29,0,0.4462,16,23,2,0,1,1,0,0,23/24,B
Schwock,Moritz,AUE,Ala Sinistra,22,49,29,20,29,0,0.5918,2,3,2,0,0,2,0,0,23/24,B
Huter,Patrick,DOR,Pivot,23,40,28,12,28,0,0.7,4,8,4,9,4,22,3,0,23/24,B
Hejny,Maximilian,SGB,Terzino Destro,31,58,28,30,28,0,0.4828,19,13,6,2,0,9,0,0,23/24,B
Hermeling,Fynn Lukas,GWD,Terzino Sinistro,13,48,28,20,28,0,0.58,4,6,2,0,0,0,0,0,23/24,B
Eisel,Marc-Robin,LUD,Centrale,27,46,28,18,28,0,0.6087,21,24,1,0,0,2,0,0,23/24,B
Hofmann,Jannik,TVH,Ala Sinistra,31,46,27,19,26,1,0.5870000000000001,6,5,3,0,0,4,0,0,23/24,B
Simovic,Nebojsa,NOL,Pivot,27,35,27,8,27,0,0.7714,3,14,3,10,7,30,5,0,23/24,B
Theiss,Niklas,TVH,Terzino Destro,10,57,27,30,27,0,0.47,17,7,2,0,1,2,0,0,23/24,B
Heitkamp,Niclas,GWD,Terzino Sinistro,8,44,27,17,26,1,0.61,15,23,1,1,0,1,0,0,23/24,B
Herzig,Fynn,COB,Terzino Sinistro,9,49,26,23,26,0,0.5306000000000001,9,14,0,0,0,1,0,0,23/24,B
Siegler,Lukas,VIN,Terzino Sinistro,21,42,25,17,25,0,0.5952000000000001,13,14,3,0,0,4,0,0,23/24,B
Werschkull,Finley,TUE,Ala Sinistra,29,41,25,16,25,0,0.6098,1,1,2,0,0,1,0,0,23/24,B
Seidel,Lasse,NOL,Ala Sinistra,30,34,24,10,24,0,0.7059000000000001,2,5,8,0,0,6,0,0,23/24,B
Izumoto,Shin,AUE,Terzino Sinistro,10,50,24,26,24,0,0.48,9,12,2,0,0,0,0,0,23/24,B
Bitsch,Mathias,GWD,Terzino Destro,17,49,23,26,23,0,0.4694,17,11,2,0,0,1,0,0,23/24,B
Pauli,Luis,DOR,Ala Sinistra,24,31,23,8,23,0,0.7419,1,0,0,0,0,0,0,0,23/24,B
Gruner,Tim,POT,Ala Sinistra,20,36,22,14,19,3,0.6111,0,2,0,1,0,0,1,0,23/24,B
Straub,Theo,LUD,Ala Destra,20,28,22,6,22,0,0.7857,0,2,1,0,0,1,0,0,23/24,B
Boehnert,Florian,DOR,Centrale,29,41,22,19,22,0,0.5366,12,21,6,0,0,4,0,0,23/24,B
Emanuel,Oskar,DES,Terzino Destro,25,58,21,37,21,0,0.3621,28,17,1,0,3,7,0,0,23/24,B
Nowak,Marcel,POT,Ala Destra,26,36,21,15,21,0,0.58,13,9,3,0,0,0,0,0,23/24,B
Leun,Finn-Lukas,LUD,Terzino Destro,25,34,21,13,21,0,0.6175999999999999,6,14,2,1,2,2,0,0,23/24,B
Possehl,Julian,ELB,Terzino Destro,25,45,20,25,20,0,0.44,40,22,4,1,0,10,1,0,23/24,B
Haake,Fritz-Leon,DES,Centrale,13,33,20,13,20,0,0.6061,16,11,1,1,0,1,0,0,23/24,B
Glatthard,Viktor,COB,Pivot,31,29,19,10,19,0,0.6552,5,8,3,4,0,11,0,0,23/24,B
Zorb,Moritz,TVH,Pivot,25,29,18,11,18,0,0.6207,3,6,6,10,7,16,2,0,23/24,B
Stegefelt,Markus,NOL,Terzino Sinistro,7,25,18,7,7,11,0.72,2,4,1,1,0,1,0,0,23/24,B
Buntic,Marko,VIN,Ala Destra,27,26,18,8,17,1,0.6923,2,5,0,1,0,2,0,0,23/24,B
Sova,Daniel,AUE,Terzino Sinistro,16,40,18,22,14,4,0.45,7,5,1,0,0,2,0,0,23/24,B
Bones,Paul,DES,Centrale,31,36,18,18,16,2,0.5,9,14,1,0,0,2,0,0,23/24,B
Buergin,Theo Guenter,HAG,Ala Sinistra,20,29,17,12,17,0,0.5861999999999999,1,4,2,0,0,0,0,0,23/24,B
Leun,Jakob-Jannis,AUE,Terzino Destro,11,32,17,15,17,0,0.5313,8,4,0,0,0,4,0,0,23/24,B
Susser,Lukas,NLB,Pivot,28,28,17,11,17,0,0.6071,3,11,0,1,0,4,0,0,23/24,B
Ostenberg,Orn Vesteinsson,VFL,Terzino Sinistro,25,38,17,21,17,0,0.4474,12,11,0,3,0,2,0,0,23/24,B
Manfeldt-Hansen,Kasper,LUD,Pivot,26,23,17,6,17,0,0.7391,2,7,0,0,1,8,0,0,23/24,B
Chrintz,Valter,POT,Ala Destra,5,20,16,4,16,0,0.8,1,1,1,0,0,1,0,0,23/24,B
Mrakovcic,Luka,NLB,Centrale,26,32,16,16,16,0,0.5,19,21,2,0,0,4,0,0,23/24,B
Kloor,Tim,NLB,Ala Destra,31,24,16,8,16,0,0.67,0,0,0,0,0,1,0,0,23/24,B
Baumgart,Luka,DES,Centrale,31,25,16,9,16,0,0.64,11,8,0,10,3,23,3,0,23/24,B
Leu,Tillman,DES,Pivot,10,21,16,5,16,0,0.7619,3,5,0,3,0,9,0,0,23/24,B
Mussner,Yannik,VIN,Terzino Sinistro,31,44,16,28,16,0,0.3636,4,7,3,14,0,14,0,0,23/24,B
Gempp,Patrick,DES,Pivot,8,20,15,5,15,0,0.75,3,4,0,3,0,3,0,0,23/24,B
Urban,Tomas,GWD,Ala Destra,17,27,15,12,15,0,0.5556,4,10,1,0,1,2,0,0,23/24,B
Stryc,Jakub,NOL,Pivot,10,20,15,5,15,0,0.75,1,7,1,2,2,7,0,0,23/24,B
Hansson,Emil,POT,Terzino Sinistro,24,23,15,8,15,0,0.6522,17,11,1,12,7,12,1,0,23/24,B
Klein,Luca,HAG,Centrale,30,34,15,19,15,0,0.44,14,12,1,0,0,0,0,0,23/24,B
Leitz,Lennart,VFL,Ala Destra,30,26,15,11,15,0,0.5769,0,3,4,0,0,1,0,0,23/24,B
Dobler,Justin,ELB,Terzino Sinistro,25,25,15,10,15,0,0.6,9,12,3,2,1,5,0,0,23/24,B
Leunissen,Robin,NOL,Terzino Sinistro,27,27,15,12,15,0,0.5556,2,8,0,0,0,1,0,0,23/24,B
Lange,Torben,AUE,Pivot,26,21,15,6,15,0,0.7143,1,2,0,1,1,4,1,0,23/24,B
Prohl,Tilman,HAG,Pivot,21,21,14,7,14,0,0.67,6,12,4,8,2,7,0,0,23/24,B
Dettenthaler,Felix,COB,Ala Sinistra,27,22,14,8,14,0,0.6364,1,7,0,0,0,5,0,0,23/24,B
Hopfmann,Luca,AUE,Terzino Destro,15,28,14,14,14,0,0.5,3,13,0,1,0,2,0,0,23/24,B
Ohl,Paul,TVH,Terzino Sinistro,11,28,14,14,14,0,0.5,13,12,1,0,0,0,0,0,23/24,B
Feld,Alexander,NOL,Centrale,18,27,13,14,13,0,0.4815,3,8,0,0,0,2,0,0,23/24,B
Bader,Jona,SGB,Ala Destra,28,25,13,12,13,0,0.52,0,4,1,0,0,2,0,0,23/24,B
Katic,Marko,POT,Terzino Sinistro,24,28,12,16,12,0,0.4286,7,10,2,0,0,1,0,0,23/24,B
de Boer,Luca,NOL,Pivot,13,12,11,1,11,0,0.92,4,7,1,4,1,11,0,0,23/24,B
Thiele,Joshua,POT,Pivot,26,13,11,2,11,0,0.85,3,7,1,1,1,2,0,0,23/24,B
Trager,Florian,DOR,Terzino Destro,28,20,11,9,11,0,0.55,4,14,0,0,0,2,0,0,23/24,B
Jukic,Josip,HAG,Ala Sinistra,11,16,11,5,11,0,0.69,1,2,1,0,0,1,0,0,23/24,B
Visser,Sander,NOL,Ala Destra,17,15,10,5,8,2,0.67,0,0,0,0,0,3,0,0,23/24,B
Siemer,Marvin,POT,Ala Sinistra,10,19,10,9,10,0,0.53,1,3,2,0,0,0,0,0,23/24,B
Scheerer,Florian,ASV,Pivot,12,17,9,8,9,0,0.53,1,2,1,3,2,2,0,0,23/24,B
Scheibel,Nico,TVH,Pivot,25,15,9,6,9,0,0.6,2,3,0,0,0,3,0,0,23/24,B
Ambrosius,Philip,DES,Portiere,30,9,8,1,8,0,0.8889,15,10,1,0,0,0,0,0,23/24,B
Slachta,Petr,AUE,Pivot,21,10,8,2,8,0,0.8,1,0,3,0,0,2,0,0,23/24,B
Ohler,Max,SGB,Ala Sinistra,15,11,8,3,8,0,0.7273000000000001,1,2,5,0,0,0,0,0,23/24,B
Langhoff,Matthes,POT,Terzino Sinistro,3,15,8,7,8,0,0.53,7,2,5,1,0,0,0,0,23/24,B
Artmeier,Mark,ASV,Ala Destra,27,10,8,2,8,0,0.8,3,4,0,0,0,0,0,0,23/24,B
Stoyke,Timo,GWD,Pivot,31,12,8,4,8,0,0.67,3,2,10,12,1,11,0,0,23/24,B
Janke,Maximilian,ELB,Centrale,5,8,7,1,7,0,0.875,1,3,0,1,0,2,0,0,23/24,B
Schulz,Michael,GWD,Pivot,11,12,7,5,7,0,0.5832999999999999,1,0,1,4,1,8,0,0,23/24,B
Schramm,Ole,POT,Terzino Sinistro,22,13,7,6,6,1,0.54,4,5,0,1,0,1,0,0,23/24,B
Durmaz,Tolga,VIN,Pivot,24,11,6,5,6,0,0.55,1,6,0,1,0,8,2,0,23/24,B
Kix,Marvin,POT,Ala Destra,6,8,6,2,6,0,0.75,5,4,0,0,0,0,0,0,23/24,B
Emanuel,Max,DES,Terzino Destro,3,13,5,8,5,0,0.38,4,1,0,0,0,0,0,0,23/24,B
Seidel,Malte,TUE,Terzino Sinistro,26,6,5,1,5,0,0.83,7,2,4,16,4,13,0,0,23/24,B
Simonsen,Christian Ole,DOR,Portiere,31,8,5,3,5,0,0.63,16,6,0,0,0,0,0,0,23/24,B
Obranovic,Andrej,COB,Terzino Sinistro,31,7,5,2,5,0,0.71,7,1,0,1,1,9,0,0,23/24,B
Ruspeler,Finn,TVH,Portiere,29,10,5,5,5,0,0.5,1,1,0,0,0,0,0,0,23/24,B
van der Merwe,Kristian,COB,Portiere,31,7,5,2,5,0,0.71,20,6,0,0,0,0,0,0,23/24,B
Kuhn,Benedikt,GWD,Terzino Destro,7,8,5,3,5,0,0.63,9,9,0,0,0,0,0,0,23/24,B
Orlowski,Marian,ASV,Terzino Sinistro,12,15,4,11,4,0,0.27,2,9,0,0,0,2,0,0,23/24,B
Schmidt,Valentin,HAG,Centrale,2,9,4,5,3,1,0.44,1,5,0,0,0,1,0,0,23/24,B
Schmidt,Daniel,DES,Pivot,14,4,4,0,4,0,1.0,2,3,0,1,0,3,0,0,23/24,B
Boukovinas,Petros,TVG,Portiere,31,5,4,1,4,0,0.8,15,5,0,0,0,0,0,0,23/24,B
Horner,Max,VFL,Terzino Destro,1,5,4,1,4,0,0.8,3,0,1,0,0,0,0,0,23/24,B
Kaulitz,Tim,SGB,Ala Sinistra,19,9,4,5,4,0,0.44,0,1,2,0,0,0,0,0,23/24,B
Kostuj,Oskar,TUE,Centrale,11,9,4,5,4,0,0.44,5,4,0,0,0,1,0,0,23/24,B
Panisic,Igor,HAG,Pivot,5,6,3,3,3,0,0.5,2,4,1,0,0,0,0,0,23/24,B
Ludwig,Lasse,POT,Portiere,31,5,3,2,3,0,0.6,15,5,0,0,0,0,0,0,23/24,B
Colodeti,Marcos Vinicios,ASV,Portiere,28,5,3,2,3,0,0.6,4,1,0,0,0,0,0,0,23/24,B
Gorpishin,Sergey,POT,Pivot,29,4,3,1,3,0,0.75,2,1,0,3,1,1,0,0,23/24,B
Gunther,Ole,NLB,Terzino Destro,11,3,3,0,3,0,1.0,1,3,0,0,0,0,0,0,23/24,B
Ilic,Mihailo,LUD,Terzino Sinistro,23,9,3,6,3,0,0.3333,3,6,3,0,0,4,0,0,23/24,B
Diekmann,Jan Malte,GWD,Ala Destra,9,3,3,0,3,0,1.0,1,1,0,0,0,1,0,0,23/24,B
Stricker,Luke,NOL,Terzino Sinistro,31,9,3,6,3,0,0.3333,3,4,1,2,0,4,0,0,23/24,B
Stasch,Knut-Friedemann,VIN,Centrale,17,5,3,2,2,1,0.6,4,9,0,0,0,0,0,0,23/24,B
Wrackmeyer,Jannis,TVH,Terzino Sinistro,5,3,3,0,3,0,1.0,3,0,0,0,0,2,0,0,23/24,B
Schliedermann,Marcel,GWD,Centrale,9,3,2,1,2,0,0.6667000000000001,1,1,0,0,0,0,0,0,23/24,B
Mallwitz,Marino,ELB,Portiere,30,5,2,3,2,0,0.4,6,4,0,0,0,0,0,0,23/24,B
Genz,Fredrik,SGB,Portiere,31,3,2,1,2,0,0.6667000000000001,5,4,0,0,0,0,0,0,23/24,B
Fuchs,Arne,TUE,Portiere,30,2,2,0,2,0,1.0,1,2,0,0,0,0,0,0,23/24,B
Beemsterboer,Jaap,HAG,Terzino Sinistro,1,3,2,1,2,0,0.6667000000000001,0,1,0,0,0,0,0,0,23/24,B
Schwarz,Simon,LUD,Pivot,1,2,2,0,2,0,1.0,0,0,0,0,0,0,0,0,23/24,B
Dreyer,Paul,VFL,Portiere,27,5,2,3,2,0,0.4,4,1,0,0,0,0,0,0,23/24,B
Noack,Marius,ELB,Portiere,16,2,2,0,2,0,1.0,0,0,0,0,0,0,0,0,23/24,B
Grazioli,Leonard,TVH,Portiere,21,5,2,3,2,0,0.4,3,2,0,0,0,0,0,0,23/24,B
Kamper,Jonas,TUE,Terzino Sinistro,12,3,2,1,2,0,0.6667000000000001,2,2,0,0,0,0,0,0,23/24,B
Richter,Luca,HAG,Ala Destra,8,3,2,1,2,0,0.6667000000000001,2,2,0,0,0,0,0,0,23/24,B
Valkovskis,Leonards,COB,Pivot,4,4,2,2,2,0,0.5,1,1,0,0,0,0,0,0,23/24,B
Matysiak,Jeremy,DES,Ala Sinistra,2,6,2,4,2,0,0.3333,0,0,0,0,0,0,0,0,23/24,B
Katsigiannis,Nikolas,NLB,Portiere,31,1,1,0,1,0,1.0,5,3,0,0,0,0,0,0,23/24,B
Semisch,Malte,GWD,Portiere,30,1,1,0,1,0,1.0,6,5,0,0,0,1,0,0,23/24,B
Klockmann,Dennis,VFL,Portiere,20,1,1,0,1,0,1.0,2,0,0,0,0,0,0,0,23/24,B
Fuchs,Markus,ASV,Terzino Sinistro,30,2,1,1,1,0,0.5,3,1,0,20,1,19,1,0,23/24,B
Hanemann,Stefan,VIN,Portiere,31,1,1,0,1,0,1.0,3,3,0,0,0,0,0,0,23/24,B
Buhrmester,Bjorn,NOL,Portiere,31,2,1,1,1,0,0.5,1,2,0,0,0,0,0,0,23/24,B
Paske,Maurice,HAG,Portiere,25,2,1,1,1,0,0.5,8,1,1,0,0,0,0,0,23/24,B
Juzbasic,Martin,DOR,Portiere,19,1,1,0,1,0,1.0,4,0,0,0,0,0,0,0,23/24,B
Diedrich,Lukas,TUE,Portiere,31,1,1,0,1,0,1.0,7,2,0,0,0,2,0,0,23/24,B
Shamir,Yahav,GWD,Portiere,27,1,1,0,1,0,1.0,2,2,0,0,0,0,0,0,23/24,B
Grzesinski,Mats,HAG,Portiere,23,2,1,1,1,0,0.5,5,2,0,0,0,0,0,0,23/24,B
Toromanovic,Damian,HAG,Ala Destra,4,1,1,0,1,0,1.0,0,0,0,0,0,0,0,0,23/24,B
Baranasic,Filip,SGB,Portiere,31,1,1,0,1,0,1.0,4,0,0,0,0,0,0,0,23/24,B
Kraus,Dustin,POT,Terzino Sinistro,3,4,1,3,1,0,0.25,0,1,1,0,0,0,0,0,23/24,B
Budalic,Ivan,NOL,Portiere,29,1,1,0,1,0,1.0,2,4,0,0,0,0,0,0,23/24,B
Kristoffersen,Thomas Langerud,VIN,Portiere,31,1,1,0,1,0,1.0,0,0,0,0,0,0,0,0,23/24,B
Dutschke,Jannik,ELB,Ala Sinistra,5,1,1,0,1,0,1.0,0,0,0,0,0,0,0,0,23/24,B
Michalski,Niklas,SGB,Ala Destra,14,4,1,3,1,0,0.25,0,1,0,0,0,0,0,0,23/24,B
Niestroj,Maurice,ELB,Centrale,12,7,1,6,1,0,0.1429,0,2,0,0,0,0,0,0,23/24,B
Redkyn,Dmytro,TVG,Ala Destra,13,2,1,1,1,0,0.5,0,0,0,0,0,0,0,0,23/24,B
Schiefer,Cedric,TVG,Terzino Sinistro,2,1,1,0,1,0,1.0,1,0,0,2,0,1,0,0,23/24,B
Reshoft,Jorit,NOL,Centrale,4,1,1,0,1,0,1.0,0,0,0,0,0,0,0,0,23/24,B
Stange,Nils,ASV,Ala Sinistra,2,1,1,0,1,0,1.0,0,0,0,0,0,0,0,0,23/24,B
Elsasser,Louis,TUE,Ala Sinistra,2,1,1,0,1,0,1.0,0,0,0,0,0,0,0,0,23/24,B
Planken,Nico,AUE,Terzino Sinistro,15,4,1,3,1,0,0.25,0,5,0,0,0,0,0,0,23/24,B
Drachau,Julius,DES,Terzino Sinistro,3,1,1,0,1,0,1.0,0,3,0,1,0,0,0,0,23/24,B
Clarius,Valentin,SGB,Pivot,8,3,1,2,1,0,0.3333,1,0,0,0,0,1,0,0,23/24,B
Kremp,Robin,DOR,Terzino Destro,9,2,1,1,1,0,0.5,0,0,0,0,0,0,0,0,23/24,B
Herbel,Gianluca,LUD,Ala Sinistra,3,1,1,0,1,0,1.0,0,0,0,0,0,0,0,0,23/24,B
Blazicko,Patrik,NLB,Ala Sinistra,1,1,1,0,1,0,1.0,0,0,0,0,0,0,0,0,23/24,B
Bayer,Anton,TVG,Centrale,12,2,1,1,1,0,0.5,0,1,0,0,0,0,0,0,23/24,B
Gonnemann,Lennart Gordon,VFL,Ala Destra,3,1,1,0,1,0,1.0,0,0,0,0,0,0,0,0,23/24,B
Schneider,Timm,TVH,Centrale,3,0,0,0,0,0,0.0,0,0,0,0,0,3,1,0,23/24,B
Klier,Kevin,LUD,Portiere,1,0,0,0,0,0,0.0,0,0,0,0,0,0,0,0,23/24,B
Spatz,Michael,TVG,Ala Destra,1,0,0,0,0,0,0.0,0,0,0,1,0,1,0,0,23/24,B
Ritschel,Matthias,TVH,Portiere,6,0,0,0,0,0,0.0,0,0,0,0,0,0,0,0,23/24,B
Minerva,Jan Steffen,TVG,Portiere,29,0,0,0,0,0,0.0,1,1,0,0,0,0,0,0,23/24,B
Klesniks,Evars,GWD,Terzino Destro,5,0,0,0,0,0,0.0,0,1,0,0,1,1,0,0,23/24,B
Boschen,Nils,SGB,Pivot,1,0,0,0,0,0,0.0,0,0,0,0,0,0,0,0,23/24,B
Hertlein,Felix,ASV,Portiere,31,0,0,0,0,0,0.0,5,0,0,0,0,2,0,0,23/24,B
Mahncke,Tobias,HAG,Portiere,15,0,0,0,0,0,0.0,0,0,0,0,0,0,0,0,23/24,B
Petursson,Sveinbjorn,AUE,Portiere,31,0,0,0,0,0,0.0,4,1,1,0,0,0,0,0,23/24,B
Kister,Lukas,HAG,Centrale,1,0,0,0,0,0,0.0,0,0,0,0,0,0,0,0,23/24,B
Apfel,Fabian,COB,Portiere,29,0,0,0,0,0,0.0,6,3,0,0,0,0,0,0,23/24,B
Wesemann,Jan,ASV,Portiere,2,0,0,0,0,0,0.0,0,0,0,0,0,0,0,0,23/24,B
Ferjan,Mark,POT,Portiere,24,0,0,0,0,0,0.0,0,0,0,0,0,0,1,0,23/24,B
Mohs,Max,ELB,Portiere,30,0,0,0,0,0,0.0,2,1,0,0,0,0,0,0,23/24,B
Voncina,Blaz,POT,Portiere,2,0,0,0,0,0,0.0,0,0,0,0,0,0,0,0,23/24,B
Conrad,Nils,VFL,Portiere,23,0,0,0,0,0,0.0,0,0,0,0,0,0,1,0,23/24,B
Bohne,Simon,TVH,Portiere,9,0,0,0,0,0,0.0,1,0,0,0,0,0,0,0,23/24,B
Grabenstein,Leon,NLB,Portiere,31,0,0,0,0,0,0.0,4,2,0,0,0,0,0,0,23/24,B
Klama,Joonas,NLB,Portiere,1,0,0,0,0,0,0.0,0,0,0,0,0,0,0,0,23/24,B
Eggert,Glenn-Louis,COB,Portiere,4,0,0,0,0,0,0.0,0,0,0,0,0,0,0,0,23/24,B
Patzwaldt,Janik,DES,Portiere,31,0,0,0,0,0,0.0,4,0,0,0,0,0,0,0,23/24,B
Bochmann,Pascal,AUE,Portiere,30,0,0,0,0,0,0.0,3,1,0,0,0,0,0,0,23/24,B
Oberosler,Louis,DOR,Portiere,12,0,0,0,0,0,0.0,0,0,0,0,0,0,0,0,23/24,B
Opitz,Phillip,TVH,Terzino Destro,3,0,0,0,0,0,0.0,0,0,0,0,1,0,0,0,23/24,B
Urbic,Ziga,LUD,Portiere,30,0,0,0,0,0,0.0,8,5,0,0,0,0,0,0,23/24,B
Runkel,Fabio,ASV,Pivot,1,0,0,0,0,0,0.0,0,0,0,0,0,0,0,0,23/24,B
Grupe,Mats,LUD,Portiere,31,0,0,0,0,0,0.0,10,2,0,0,0,0,0,0,23/24,B
Grabitz,Lucas,GWD,Portiere,3,0,0,0,0,0,0.0,0,0,0,0,0,0,0,0,23/24,B
Pysarevskyi,Mykhailo,TVG,Portiere,1,0,0,0,0,0,0.0,0,0,0,0,0,0,0,0,23/24,B
Schwenken,Mika,LUD,Portiere,1,0,0,0,0,0,0.0,0,0,0,0,0,0,0,0,23/24,B
Dudin,Omar,AUE,Portiere,1,0,0,0,0,0,0.0,0,0,0,0,0,0,0,0,23/24,B
Buschhaus,Luis,TUE,Centrale,1,0,0,0,0,0,0.0,0,0,0,0,0,0,0,0,23/24,B
Wollert,Ben,ASV,Portiere,1,0,0,0,0,0,0.0,0,0,0,0,0,0,0,0,23/24,B
Reis,Marcel,LUD,Centrale,1,0,0,0,0,0,0.0,0,0,0,0,0,0,0,0,23/24,B
Solbach Domingo,Hadrian,TUE,Portiere,1,0,0,0,0,0,0.0,0,0,0,0,0,0,0,0,23/24,B
Dragunski,Arvid,HAG,Terzino Sinistro,3,0,0,0,0,0,0.0,0,1,0,0,0,0,0,0,23/24,B
Mohs,Felix,DES,Portiere,1,0,0,0,0,0,0.0,0,0,0,0,0,0,0,0,23/24,B
Budde,Tom Alexander,GWD,Portiere,1,0,0,0,0,0,0.0,0,0,0,0,0,0,0,0,23/24,B
Beckers,Janis,DOR,Terzino Destro,3,0,0,0,0,0,0.0,0,0,0,0,0,0,0,0,23/24,B
Weiss,Jan,TUE,Pivot,2,0,0,0,0,0,0.0,0,0,0,0,0,0,0,0,23/24,B
Kruse,Felix,VFL,Ala Sinistra,3,0,0,0,0,0,0.0,1,0,0,0,0,0,0,0,23/24,B
Funke,Christopher-Robin,HAG,Ala Sinistra,1,0,0,0,0,0,0.0,0,0,0,0,0,0,0,0,23/24,B
Schwaiger,Timo,ELB,Terzino Sinistro,1,0,0,0,0,0,0.0,1,0,0,0,0,0,0,0,23/24,B
Petkov,Ivo Rusev,AUE,Ala Sinistra,4,0,0,0,0,0,0.0,0,0,0,0,0,0,0,0,23/24,B
Sandin,Oliver,ELB,Portiere,1,0,0,0,0,0,0.0,0,0,0,0,0,0,0,0,23/24,B
Holer,Frederik,POT,Portiere,6,0,0,0,0,0,0.0,0,0,0,0,0,0,0,0,23/24,B
Shchurov,Emil,TVG,Portiere,2,0,0,0,0,0,0.0,0,0,0,0,0,0,0,0,23/24,B
Aktas,Ediz,ELB,Pivot,5,0,0,0,0,0,0.0,0,0,0,0,0,0,0,0,23/24,B
Kriescher,Kaj,DOR,Ala Destra,3,0,0,0,0,0,0.0,0,0,0,0,0,0,0,0,23/24,B
Kaysen,Luke,DOR,Centrale,3,0,0,0,0,0,0.0,0,0,0,0,0,0,0,0,23/24,B
Teuteberg,Theodor,GWD,Terzino Destro,13,0,0,0,0,0,0.0,0,0,0,0,0,0,0,0,23/24,B
Franz,Lasse,GWD,Centrale,14,0,0,0,0,0,0.0,0,0,0,0,0,0,0,0,23/24,B
Steltner,Lennart,POT,Ala Destra,1,0,0,0,0,0,0.0,0,0,0,0,0,0,0,0,23/24,B
Bottcher,Kaspar,ASV,Terzino Destro,1,0,0,0,0,0,0.0,0,0,0,0,0,0,0,0,23/24,B
Aly Abdelmotaleb,Mohamed,SGB,Portiere,8,0,0,0,0,0,0.0,2,0,0,0,0,0,0,0,23/24,B
Luegering,Fynn,NOL,Terzino Sinistro,13,0,0,0,0,0,0.0,0,0,0,0,0,0,0,0,23/24,B
Rolands,Lebedevs,TVH,Portiere,1,0,0,0,0,0,0.0,0,0,0,0,0,0,0,0,23/24,B
Knutzen,Tim,HAG,Pivot,1,0,0,0,0,0,0.0,0,0,0,0,0,0,0,0,23/24,B
Schmidt,Maximilian,DOR,Terzino Sinistro,1,0,0,0,0,0,0.0,0,0,0,0,0,0,0,0,23/24,B
Emmerich,Johannes,DOR,Terzino Sinistro,1,0,0,0,0,0,0.0,0,0,0,0,0,0,0,0,23/24,B
Krebs,Bent Ole,VIN,Portiere,7,0,0,0,0,0,0.0,0,0,0,0,0,0,0,0,23/24,B
Klesniks,Erlens,GWD,Portiere,1,0,0,0,0,0,0.0,0,0,0,0,0,0,0,0,23/24,B
Korber,Nicolas,ASV,Terzino Destro,2,0,0,0,0,0,0.0,0,0,0,0,0,0,0,0,23/24,B
Dahlhaus,Simon,TVH,Ala Destra,2,0,0,0,0,0,0.0,0,1,0,0,0,0,0,0,23/24,B
Konstantin,Knabe,TVG,Centrale,1,0,0,0,0,0,0.0,0,0,0,0,0,0,0,0,23/24,B
Szabo,Mark,DOR,Ala Sinistra,1,0,0,0,0,0,0.0,0,0,0,0,0,0,0,0,23/24,B
Leis,Krischa,DOR,Terzino Destro,5,0,0,0,0,0,0.0,0,0,0,0,0,0,0,0,23/24,B
Kaiser,Lukas,TVH,Portiere,1,0,0,0,0,0,0.0,0,0,0,0,0,0,0,0,23/24,B
Loris,Piccoli,LUD,Pivot,1,0,0,0,0,0,0.0,0,0,0,0,0,0,0,0,23/24,B
Hemeltjen,Florian Tom,NOL,Portiere,2,0,0,0,0,0,0.0,0,0,0,0,0,0,0,0,23/24,B
Strodter,Mats,TVH,Terzino Sinistro,1,0,0,0,0,0,0.0,0,0,0,0,0,0,0,0,23/24,B
Mortensen,Casper,HAN,Ala Sinistra,34,311,230,81,132,98,0.7395,8,3,19,1,2,1,0,0,17/18,A
Kuhn,Julius,MTM,Terzino Sinistro,33,369,224,145,215,9,0.607,92,63,3,13,10,11,0,0,17/18,A
Schiller,Marcel,FAG,Ala Sinistra,33,272,194,78,69,125,0.7132,9,14,14,0,1,5,0,0,17/18,A
Schmid,Andy,RNL,Centrale,34,360,189,171,152,37,0.525,138,44,10,3,3,5,0,0,17/18,A
Hornke,Tim,TBV,Ala Destra,34,241,179,62,98,81,0.7426999999999999,10,5,13,0,5,5,0,0,17/18,A
Lauge,Rasmus,SGF,Terzino Sinistro,34,273,179,94,154,25,0.6557,107,36,2,9,7,9,0,0,17/18,A
Ekberg,Niclas,THW,Ala Destra,34,229,171,58,87,84,0.7467,11,7,10,1,4,3,0,0,17/18,A
Damgaard,Michael,SCM,Terzino Sinistro,33,309,171,138,171,0,0.5534,57,32,4,0,0,3,0,0,17/18,A
Lindberg,Hans,BER,Ala Destra,33,227,169,58,72,97,0.7445,11,6,6,1,1,1,0,0,17/18,A
Weber,Robert,SCM,Ala Destra,33,258,169,89,105,64,0.655,11,6,11,0,3,2,1,0,17/18,A
Steinert,Christoph,HCE,Terzino Destro,34,304,166,138,122,44,0.5461,43,50,12,7,18,13,0,0,17/18,A
Hafner,Kai,HAN,Terzino Destro,34,295,163,132,163,0,0.5525,54,19,4,5,10,7,0,0,17/18,A
Bjornsen,Kristian,WET,Ala Destra,34,217,159,58,133,26,0.7326999999999999,21,12,4,0,7,3,0,0,17/18,A
Glandorf,Holger,SGF,Terzino Destro,34,282,156,126,156,0,0.5532,92,38,3,11,9,6,0,0,17/18,A
Rambo,Christoffer,GWD,Terzino Destro,34,306,151,155,141,10,0.4935,89,31,17,9,16,22,1,0,17/18,A
Wanne,Hampus,SGF,Ala Sinistra,34,205,147,58,127,20,0.7171,12,8,12,0,5,5,0,0,17/18,A
Schagen,Bobby,TVB,Ala Destra,34,187,144,43,106,38,0.7701,31,14,17,0,3,4,0,0,17/18,A
Svan,Lasse,SGF,Ala Destra,33,203,143,60,143,0,0.7044,8,7,11,0,4,6,0,0,17/18,A
Fath,Steffen,BER,Terzino Sinistro,28,223,142,81,142,0,0.6368,37,20,6,7,6,3,0,0,17/18,A
Wernig,Daniel,TVH,Ala Destra,34,206,142,64,74,68,0.6893,11,11,8,1,4,3,0,0,17/18,A
Holst,Maximilian,WET,Ala Sinistra,34,186,140,46,52,88,0.7526999999999999,10,7,1,0,0,1,0,0,17/18,A
Sigurdsson,Gudjon Valur,RNL,Ala Sinistra,30,186,139,47,92,47,0.7473000000000001,17,7,5,0,3,1,0,0,17/18,A
Musche,Matthias,SCM,Ala Sinistra,34,187,138,49,116,22,0.738,17,7,12,0,2,8,1,0,17/18,A
Sommer,Marvin,GUM,Ala Sinistra,32,229,138,91,116,22,0.6026,10,10,29,3,0,6,1,1,17/18,A
Reichmann,Tobias,MTM,Ala Destra,31,180,133,47,94,39,0.7389,6,13,6,2,5,8,0,0,17/18,A
Mappes,Dominik,TVH,Centrale,33,286,132,154,119,13,0.4614999999999999,126,48,6,4,9,6,0,0,17/18,A
Kozina,Kresimir,FAG,Pivot,34,161,129,32,111,18,0.8012,8,35,5,16,15,17,1,0,17/18,A
Weber,Philipp,LEI,Centrale,27,239,127,112,91,36,0.5314,52,30,4,1,2,1,0,0,17/18,A
Kraus,Michael,TVB,Terzino Sinistro,23,241,123,118,86,37,0.5104,58,43,2,0,0,3,0,0,17/18,A
Michalczik,Marian,GWD,Terzino Sinistro,34,228,121,107,118,3,0.5307,65,36,11,4,12,13,1,0,17/18,A
Schmidt,David,LUD,Terzino Destro,27,231,120,111,119,1,0.5195000000000001,34,33,3,4,11,19,1,0,17/18,A
Suton,Tim,TBV,Centrale,34,223,120,103,120,0,0.5381,78,24,3,3,17,15,1,0,17/18,A
Zhukov,Stanislav,GUM,Terzino Sinistro,33,217,120,97,120,0,0.5529999999999999,58,43,6,21,21,27,3,0,17/18,A
Pekeler,Hendrik,RNL,Pivot,34,147,119,28,119,0,0.8095,24,13,12,19,15,11,0,0,17/18,A
Johannsson,Ragnar,TVH,Terzino Destro,34,227,119,108,119,0,0.5242,41,25,6,3,16,15,2,1,17/18,A
Preuss,Moritz,GUM,Pivot,34,142,118,24,118,0,0.831,15,24,3,10,19,20,0,0,17/18,A
Allendorf,Michael,MTM,Ala Sinistra,34,164,117,47,75,42,0.7134,5,15,12,0,5,10,0,0,17/18,A
Wiencek,Patrick,THW,Pivot,34,146,117,29,117,0,0.8014,8,18,9,24,18,19,1,0,17/18,A
Zieker,Patrick,TBV,Ala Sinistra,33,169,115,54,111,4,0.6805,8,11,14,0,1,0,0,0,17/18,A
Nenadic,Petar,BER,Terzino Sinistro,18,189,114,75,109,5,0.6032,45,25,7,0,2,5,1,1,17/18,A
Olsen,Morten,HAN,Centrale,34,211,113,98,113,0,0.5355,85,59,2,1,1,2,0,0,17/18,A
Jaanimaa,Dener,MTM,Terzino Destro,34,230,110,120,110,0,0.4783,52,26,3,0,2,4,0,0,17/18,A
Nilsson,Lukas,THW,Terzino Sinistro,34,192,110,82,110,0,0.5729,50,19,4,2,1,1,0,0,17/18,A
Kneule,Tim,FAG,Centrale,32,162,106,56,106,0,0.6543000000000001,47,44,9,2,14,8,0,0,17/18,A
Mensah Larsen,Mads,RNL,Centrale,34,195,106,89,106,0,0.5436,75,18,6,10,13,8,0,0,17/18,A
Wiede,Fabian,BER,Terzino Destro,31,198,105,93,104,1,0.5303,121,35,7,14,9,5,0,0,17/18,A
Kunkel,Yves,LEI,Ala Sinistra,33,160,105,55,64,41,0.6563,6,9,3,0,0,3,0,0,17/18,A
Vujin,Marko,THW,Terzino Destro,34,197,103,94,82,21,0.5228,41,19,1,1,0,0,0,0,17/18,A
Feld,Alexander,LUD,Centrale,34,201,103,98,93,10,0.5124,25,31,5,2,7,10,0,0,17/18,A
Djozic,Denni,LUD,Ala Sinistra,26,133,100,33,29,71,0.7519,1,3,1,0,2,3,0,0,17/18,A
Cavor,Stefan,WET,Terzino Destro,34,181,100,81,100,0,0.5525,45,33,4,4,9,6,0,0,17/18,A
Svitlica,Aleksandar,GWD,Ala Destra,30,156,97,59,77,20,0.6218,5,17,9,1,9,8,1,0,17/18,A
Pieczkowski,Niclas,LEI,Centrale,31,203,97,106,97,0,0.4778,65,42,5,7,10,9,0,0,17/18,A
Kohlbacher,Jannik,WET,Pivot,29,136,95,41,95,0,0.6984999999999999,12,14,0,7,10,9,0,0,17/18,A
Groetzki,Patrick,RNL,Ala Destra,32,128,94,34,93,1,0.7343999999999999,23,10,7,0,4,3,0,0,17/18,A
Link,Nikolai,HCE,Terzino Sinistro,32,196,94,102,94,0,0.4796,44,28,12,30,18,17,1,0,17/18,A
Bechtloff,Jens,NLB,Ala Sinistra,31,145,94,51,68,26,0.6483,7,12,7,2,4,4,0,0,17/18,A
Rojewski,Andreas,LEI,Terzino Destro,28,175,93,82,76,17,0.5314,37,15,4,2,5,7,0,0,17/18,A
Orlowski,Marian,TVB,Terzino Sinistro,29,190,89,101,89,0,0.4684,19,24,2,3,6,8,0,0,17/18,A
Christiansen,Mads,SCM,Terzino Destro,34,167,89,78,89,0,0.5329,52,13,11,3,7,3,0,0,17/18,A
Theuerkauf,Christoph,TBV,Pivot,31,127,88,39,83,5,0.6929000000000001,4,11,8,1,1,2,0,0,17/18,A
Bilyk,Nikola,THW,Terzino Sinistro,31,150,88,62,88,0,0.5867,52,13,7,8,7,7,0,0,17/18,A
Bagaric,Marko,NLB,Terzino Sinistro,31,220,87,133,87,0,0.3954999999999999,25,33,2,3,6,8,0,0,17/18,A
Zvizej,Luka,GWD,Ala Sinistra,28,126,86,40,35,51,0.6825,5,10,7,1,2,5,0,0,17/18,A
O'Sullivan,Christian,SCM,Centrale,34,135,86,49,69,17,0.637,64,28,4,5,7,9,0,0,17/18,A
Gullerud,Magnus,GWD,Pivot,34,120,85,35,85,0,0.7082999999999999,10,7,23,14,20,19,0,0,17/18,A
Schweikardt,Michael,TVB,Centrale,34,157,84,73,77,7,0.535,44,52,5,3,6,7,0,0,17/18,A
Weiss,Dominik,TVB,Terzino Sinistro,30,175,84,91,84,0,0.48,28,26,15,20,10,9,1,0,17/18,A
Salger,Stefan,TVB,Terzino Destro,33,194,83,111,83,0,0.4278,9,22,4,2,4,11,0,0,17/18,A
Guardiola,Isaias,TBV,Terzino Destro,34,175,83,92,83,0,0.4743,57,29,24,17,11,7,0,0,17/18,A
Weinhold,Steffen,THW,Terzino Destro,27,141,82,59,82,0,0.5816,36,13,2,3,15,14,0,0,17/18,A
Gierak,Lukasz,NLB,Centrale,34,171,82,89,63,19,0.4795,64,49,5,4,12,14,1,0,17/18,A
Pettersson,Alexander,RNL,Terzino Destro,33,146,81,65,81,0,0.5548,39,14,12,2,14,10,0,0,17/18,A
Zachrisson,Mattias,BER,Ala Destra,34,130,81,49,81,0,0.6231,17,16,10,1,4,8,0,0,17/18,A
Bezjak,Marko,SCM,Centrale,34,134,81,53,78,3,0.6045,96,45,8,1,3,8,1,1,17/18,A
Baumgartner,Florian,GUM,Terzino Destro,28,192,80,112,79,1,0.4167,51,53,3,4,6,4,0,0,17/18,A
Doder,Dalibor,GWD,Centrale,32,165,79,86,79,0,0.48,30,24,3,0,0,1,0,0,17/18,A
Lipovina,Vladan,TVH,Terzino Destro,19,153,79,74,79,0,0.52,16,18,2,0,2,4,0,0,17/18,A
Valiullin,Azat,TBV,Terzino Sinistro,33,150,79,71,78,1,0.5267000000000001,20,12,7,10,11,7,0,0,17/18,A
Kaleb,Ante,NLB,Centrale,34,161,79,82,78,1,0.4907,45,29,7,2,2,3,1,0,17/18,A
Semper,Franz,LEI,Terzino Destro,22,132,78,54,78,0,0.5909,18,14,1,1,3,4,0,0,17/18,A
Ferraz,Joao,WET,Terzino Destro,33,149,78,71,78,0,0.5235,58,41,2,0,11,13,1,0,17/18,A
Mikkelsen,Lasse Reinhold,MTM,Centrale,34,139,78,61,65,13,0.5611999999999999,37,21,2,0,3,1,0,0,17/18,A
Patrail,Mait,HAN,Terzino Sinistro,30,128,77,51,77,0,0.6015999999999999,73,24,16,9,5,1,0,0,17/18,A
Budel,Nico,HCE,Centrale,34,142,77,65,65,12,0.5423,28,26,2,0,5,5,0,0,17/18,A
von Gruchalla,Florian,GUM,Ala Destra,33,118,75,43,36,39,0.6356,2,6,7,1,2,1,0,0,17/18,A
Kastening,Timo,HAN,Ala Destra,34,116,75,41,58,17,0.6466,8,6,8,0,1,1,0,0,17/18,A
Hermann,Alexander,WET,Terzino Sinistro,28,152,74,78,74,0,0.4868,34,26,2,1,2,8,0,0,17/18,A
Bartok,Donat,TBV,Terzino Destro,34,148,74,74,74,0,0.5,21,34,4,1,6,7,0,0,17/18,A
Fernandes,Mario,TVH,Pivot,34,97,72,25,72,0,0.7423000000000001,4,20,15,1,15,19,0,0,17/18,A
Sklenak,Tomas,TVH,Centrale,34,139,72,67,72,0,0.518,56,50,2,1,3,3,1,0,17/18,A
Musa,Zeljko,SCM,Pivot,34,94,72,22,72,0,0.7659999999999999,8,18,13,30,21,11,0,0,17/18,A
Brozovic,Ilija,HAN,Pivot,34,93,72,21,72,0,0.7742,7,26,6,11,20,23,1,0,17/18,A
Zelenovic,Nemanja,SCM,Terzino Destro,34,130,72,58,72,0,0.5538000000000001,32,23,3,8,8,4,0,0,17/18,A
Zarabec,Miha,THW,Centrale,34,105,71,34,66,5,0.6762,53,23,0,0,2,1,0,0,17/18,A
Bohm,Fabian,HAN,Terzino Sinistro,32,130,70,60,70,0,0.5385,30,28,7,6,15,13,0,0,17/18,A
Stranovsky,Martin,HCE,Ala Sinistra,31,96,70,26,41,29,0.7292000000000001,9,8,3,0,4,3,0,0,17/18,A
Sesum,Zarko,FAG,Centrale,28,135,68,67,68,0,0.5,43,22,4,23,6,12,0,0,17/18,A
Zetterman,Pontus,NLB,Terzino Destro,33,121,68,53,41,27,0.56,42,23,2,0,8,3,0,0,17/18,A
Tollbring,Jerry,RNL,Ala Sinistra,34,96,68,28,52,16,0.7082999999999999,3,7,5,0,1,1,0,0,17/18,A
Pujol,Josef,GUM,Centrale,30,140,67,73,67,0,0.4785999999999999,57,39,3,3,2,3,0,0,17/18,A
Rakovic,Luka,NLB,Ala Destra,33,99,66,33,51,15,0.6667000000000001,5,8,6,2,5,8,0,0,17/18,A
Spath,Manuel,TVB,Pivot,34,85,65,20,65,0,0.7646999999999999,8,16,10,29,23,19,1,0,17/18,A
Mogensen,Thomas,SGF,Centrale,34,109,65,44,65,0,0.5963,46,25,0,2,7,6,1,0,17/18,A
Mahe,Kentin,SGF,Centrale,34,105,64,41,31,33,0.6095,17,18,4,0,1,3,0,0,17/18,A
Thummler,Jonas,HCE,Pivot,26,83,64,19,64,0,0.7711,4,18,4,2,5,13,0,0,17/18,A
Schroder,Andreas,HCE,Terzino Sinistro,29,114,64,50,64,0,0.5614,28,20,8,15,7,11,0,0,17/18,A
Toft Hansen,Henrik,SGF,Pivot,34,90,64,26,64,0,0.7111,3,7,16,22,8,8,0,0,17/18,A
Torbrugge,Nils,NLB,Pivot,33,80,63,17,63,0,0.7875,7,24,1,17,19,34,1,0,17/18,A
Milosevic,Alen,LEI,Pivot,34,80,63,17,63,0,0.79,9,20,1,3,10,15,0,0,17/18,A
Schongarth,Jens,FAG,Terzino Destro,29,128,62,66,62,0,0.4844,8,13,4,1,5,10,0,0,17/18,A
Elisson,Bjarki Mar,BER,Ala Sinistra,30,89,62,27,60,2,0.6966,4,4,2,1,1,4,0,0,17/18,A
Kopp,Eirik,GUM,Terzino Sinistro,32,127,62,65,45,17,0.4882,15,16,1,4,5,9,0,0,17/18,A
Sellin,Johannes,HCE,Ala Destra,18,102,61,41,52,9,0.598,8,16,10,0,3,3,0,0,17/18,A
Dietrich,Gunnar,LUD,Terzino Sinistro,34,141,61,80,61,0,0.4326,68,49,3,24,9,19,1,0,17/18,A
Janke,Maximilian,LEI,Centrale,29,87,61,26,61,0,0.7011,27,13,7,18,14,12,0,0,17/18,A
Reinkind,Harald,RNL,Terzino Destro,34,94,61,33,61,0,0.6489,33,15,0,7,7,4,0,0,17/18,A
Kogut,Andrej,TBV,Centrale,32,128,60,68,60,0,0.4688,31,24,4,4,8,9,0,0,17/18,A
Durak,Pascal,LUD,Ala Destra,29,87,60,27,32,28,0.6897,3,5,1,0,5,6,1,0,17/18,A
Pevnov,Evgeni,HAN,Pivot,30,73,59,14,59,0,0.8081999999999999,7,11,2,24,13,16,0,0,17/18,A
Weber,Patrick,LUD,Terzino Sinistro,25,148,58,90,58,0,0.3918999999999999,11,16,3,5,1,3,0,0,17/18,A
Maric,Marino,MTM,Pivot,27,78,58,20,58,0,0.7436,11,19,6,5,7,10,0,0,17/18,A
Muller,Michael,MTM,Terzino Destro,27,121,57,64,57,0,0.4711,92,31,2,6,12,15,1,0,17/18,A
Damgaard Espersen,Allan,FAG,Centrale,31,106,57,49,57,0,0.5377000000000001,59,30,6,0,4,4,0,0,17/18,A
Kvist,Kasper,WET,Ala Sinistra,34,87,57,30,57,0,0.6552,6,9,3,0,3,1,0,0,17/18,A
Drux,Paul,BER,Terzino Sinistro,23,89,56,33,56,0,0.6292,23,10,5,3,3,8,0,0,17/18,A
Van Olphen,Fabian,TBV,Terzino Sinistro,32,105,55,50,55,0,0.5238,35,18,7,35,9,11,0,0,17/18,A
Dippe,Kai,LUD,Pivot,33,78,55,23,55,0,0.7051000000000001,7,27,9,6,17,38,5,0,17/18,A
Cederholm,Andreas,GWD,Terzino Destro,27,91,55,36,55,0,0.6043999999999999,23,13,1,4,4,3,0,0,17/18,A
Schroter,Tobias,GUM,Ala Destra,30,87,54,33,53,1,0.6207,6,10,7,0,7,10,0,0,17/18,A
Ekdahl du Rietz,Kim,RNL,Terzino Sinistro,13,86,53,33,53,0,0.6163000000000001,14,4,1,9,3,8,0,0,17/18,A
Bagersted,Jacob,FAG,Pivot,31,73,53,20,53,0,0.726,12,9,4,11,22,18,0,0,17/18,A
Ritterbach,Joscha,FAG,Ala Sinistra,34,77,52,25,52,0,0.6753,4,4,1,0,10,14,1,0,17/18,A
Dahmke,Rune,THW,Ala Sinistra,27,93,52,41,52,0,0.5590999999999999,4,3,4,1,3,5,0,0,17/18,A
Binder,Lukas,LEI,Ala Sinistra,32,84,52,32,52,0,0.619,10,8,10,0,1,3,0,0,17/18,A
Bissel,Christopher,HCE,Ala Sinistra,30,74,52,22,52,0,0.7027,4,8,8,0,4,8,0,0,17/18,A
Haass,Michael,HCE,Centrale,34,105,51,54,51,0,0.49,37,35,17,9,15,17,0,0,17/18,A
Rompf,Christian,TVH,Ala Sinistra,31,92,51,41,51,0,0.5543,4,6,3,2,14,20,1,0,17/18,A
Fontaine,Daniel,FAG,Terzino Sinistro,28,126,50,76,50,0,0.3968,59,13,5,9,3,6,0,0,17/18,A
Rentschler,Marco,FAG,Ala Destra,24,73,50,23,44,6,0.6849,3,6,6,1,3,1,0,0,17/18,A
Strosack,Peter,LEI,Ala Destra,33,73,50,23,47,3,0.6849,2,2,7,1,3,5,0,0,17/18,A
Mertens,Lukas,SCM,Ala Sinistra,31,69,50,19,46,4,0.7245999999999999,3,2,8,0,1,1,0,0,17/18,A
Zachariassen,Anders,SGF,Pivot,30,65,49,16,49,0,0.7537999999999999,6,10,5,9,6,8,0,0,17/18,A
Golla,Johannes,MTM,Pivot,34,63,49,14,49,0,0.7778,5,7,3,6,10,16,0,0,17/18,A
Baumgarten,Simon,TVB,Pivot,29,61,48,13,48,0,0.7868999999999999,1,4,1,1,3,3,0,0,17/18,A
Baena Gonzalez,Rafael,RNL,Pivot,34,56,47,9,47,0,0.8393,8,9,0,0,0,1,0,0,17/18,A
Remer,Tim,NLB,Terzino Sinistro,16,69,46,23,36,10,0.6667000000000001,6,4,3,0,1,1,0,0,17/18,A
Forsell Schefvert,Olle,WET,Terzino Sinistro,34,99,46,53,46,0,0.4646,49,25,3,14,16,16,0,0,17/18,A
Schneider,Timm,MTM,Centrale,30,71,45,26,45,0,0.6338,19,20,2,1,6,15,0,0,17/18,A
Zorb,Moritz,TVH,Pivot,33,61,44,17,44,0,0.7212999999999999,6,4,5,6,5,16,2,0,17/18,A
Scholz,Jonathan,LUD,Ala Sinistra,34,67,44,23,44,0,0.6567000000000001,5,3,8,2,10,5,2,0,17/18,A
Schmidt,Erik,BER,Pivot,32,68,44,24,44,0,0.6470999999999999,5,12,1,10,19,20,0,0,17/18,A
Bilbija,Nenad,GWD,Terzino Sinistro,27,82,43,39,43,0,0.5244,14,8,0,0,0,0,0,0,17/18,A
Chrapkowski,Piotr,SCM,Terzino Sinistro,33,57,42,15,42,0,0.7368000000000001,21,6,17,35,21,21,1,0,17/18,A
Danner,Felix,MTM,Pivot,34,49,41,8,41,0,0.8367,7,13,4,21,13,10,1,0,17/18,A
Falk,Alexander,LUD,Ala Destra,34,60,41,19,39,2,0.68,6,5,8,1,4,7,0,0,17/18,A
Lindskog,Anton,WET,Pivot,34,57,41,16,41,0,0.7193,14,5,5,33,24,18,0,0,17/18,A
Ernst,Simon,GUM,Centrale,6,59,40,19,36,4,0.6779999999999999,25,11,1,1,2,2,0,0,17/18,A
Pettersson,Daniel,SCM,Ala Destra,34,65,40,25,38,2,0.6154,6,2,1,0,0,2,0,0,17/18,A
Mansson,Anton,GWD,Pivot,34,52,39,13,39,0,0.75,2,7,1,13,7,12,0,0,17/18,A
Struck,Kevin,BER,Terzino Sinistro,34,62,39,23,39,0,0.629,2,6,3,7,8,6,0,0,17/18,A
Theilinger,Nicolai,HCE,Terzino Destro,17,63,38,25,38,0,0.6032,25,15,3,2,4,7,0,0,17/18,A
Krzikalla,Lucas,LEI,Ala Destra,34,57,38,19,38,0,0.6667000000000001,4,7,4,0,4,3,0,0,17/18,A
Lux,Maximilian,HCE,Ala Destra,33,64,38,26,38,0,0.5938,4,7,2,0,2,1,0,0,17/18,A
Sudmeier,Soren,GWD,Centrale,30,83,37,46,37,0,0.4458,14,16,5,1,5,5,0,0,17/18,A
Hofmann,Jannik,TVH,Ala Sinistra,34,63,37,26,37,0,0.5872999999999999,4,3,5,1,3,11,0,0,17/18,A
Schimmelbauer,Tobias,TVB,Ala Sinistra,26,61,37,24,37,0,0.61,10,7,6,5,14,20,4,0,17/18,A
Kopljar,Marko,BER,Terzino Destro,17,74,37,37,37,0,0.5,15,8,0,3,6,4,0,0,17/18,A
Frend Ofors,Emil,THW,Ala Sinistra,34,54,37,17,37,0,0.6851999999999999,4,1,6,1,4,3,0,0,17/18,A
Johannsen,Torge,HAN,Ala Destra,27,57,36,21,35,1,0.6315999999999999,5,7,3,0,3,3,0,0,17/18,A
Mirkulovski,Filip,WET,Centrale,33,55,36,19,36,0,0.6545000000000001,27,40,0,0,1,7,0,0,17/18,A
Gottfridsson,Jim,SGF,Centrale,22,58,35,23,35,0,0.6,46,14,3,2,1,5,0,0,17/18,A
Link,Jonas,HCE,Centrale,34,71,35,36,35,0,0.493,15,13,4,1,0,0,0,0,17/18,A
Genz,Jo Gerrit,NLB,Terzino Destro,34,74,35,39,35,0,0.47,13,16,4,2,9,12,0,0,17/18,A
Jurdzs,Aivis,LEI,Terzino Sinistro,31,75,34,41,34,0,0.4533,25,11,6,9,4,6,0,0,17/18,A
Klimek,Christian,TBV,Pivot,30,50,34,16,34,0,0.68,8,3,7,34,18,13,0,0,17/18,A
Jeppsson,Simon,SGF,Terzino Sinistro,31,77,34,43,31,3,0.4416,38,10,5,1,1,2,0,0,17/18,A
Korte,Mats,GWD,Ala Sinistra,32,53,34,19,34,0,0.6415000000000001,3,3,1,0,2,3,0,0,17/18,A
Rahmel,Ole,THW,Ala Destra,34,47,33,14,33,0,0.7021,4,4,4,1,4,8,1,0,17/18,A
Poter,Philipp,WET,Centrale,31,63,33,30,33,0,0.5238,24,27,1,1,2,5,0,0,17/18,A
Lambrecht,Moritz,TVH,Pivot,34,47,33,14,33,0,0.7021,7,3,15,5,14,22,2,0,17/18,A
Steinhauser,Marius,SGF,Ala Destra,34,43,31,12,29,2,0.7209,1,4,3,1,2,2,0,0,17/18,A
Santos,Raul,THW,Ala Sinistra,15,42,31,11,31,0,0.7381,3,1,4,0,1,0,0,0,17/18,A
Schade,Moritz,NLB,Pivot,34,52,31,21,31,0,0.5962,2,8,6,4,8,12,1,0,17/18,A
Stuber,Frederic,LUD,Pivot,26,39,31,8,31,0,0.7948999999999999,3,8,3,4,6,16,0,0,17/18,A
Karason,Runar,HAN,Terzino Destro,31,64,30,34,25,5,0.4688,13,9,1,2,5,6,0,0,17/18,A
Radivojevic,Bogdan,RNL,Ala Destra,34,38,30,8,30,0,0.7895,0,1,0,0,0,1,0,0,17/18,A
Remmlinger,Jan,LUD,Terzino Sinistro,16,60,30,30,30,0,0.5,7,8,0,2,8,11,1,0,17/18,A
Muller,Philipp,MTM,Terzino Sinistro,29,45,28,17,28,0,0.6222,19,13,3,15,12,14,0,0,17/18,A
Duvnjak,Domagoj,THW,Centrale,17,53,28,25,28,0,0.5283,28,5,15,0,1,4,1,0,17/18,A
Dissinger,Christian,THW,Terzino Sinistro,30,71,28,43,28,0,0.3944,29,15,5,7,5,12,0,0,17/18,A
Pfahl,Adrian,FAG,Terzino Destro,20,67,27,40,27,0,0.4029999999999999,21,13,4,2,3,5,0,0,17/18,A
Koch,Johan,BER,Pivot,14,38,27,11,27,0,0.7105,0,3,1,1,2,3,0,0,17/18,A
Matic,Marko,GUM,Terzino Sinistro,29,70,27,43,27,0,0.3857,35,21,1,19,16,18,0,0,17/18,A
Gruszka,Rene,NLB,Ala Destra,34,46,26,20,22,4,0.5652,1,4,4,0,3,1,0,0,17/18,A
Staar,Max,GWD,Ala Destra,27,47,26,21,25,1,0.5532,4,1,5,0,1,2,0,0,17/18,A
Pusica,Miljan,GWD,Terzino Sinistro,34,49,26,23,26,0,0.5306000000000001,10,10,5,24,16,18,1,0,17/18,A
Boomhouwer,Jeffrey,MTM,Ala Sinistra,33,39,25,14,25,0,0.64,3,1,6,1,0,3,0,0,17/18,A
Ebner,Dominik,TBV,Terzino Destro,33,50,25,25,25,0,0.5,19,13,0,0,0,1,0,0,17/18,A
Kneer,Stefan,WET,Terzino Sinistro,32,50,24,26,24,0,0.48,21,10,3,8,8,16,0,0,17/18,A
Taleski,Filip,RNL,Terzino Sinistro,34,33,24,9,24,0,0.7273000000000001,10,3,2,4,6,5,0,0,17/18,A
Mandalinic,Stipe,BER,Terzino Sinistro,15,45,24,21,24,0,0.53,8,6,1,1,1,2,0,0,17/18,A
Haenen,Arjan,MTM,Ala Destra,34,29,23,6,23,0,0.79,3,6,1,0,0,1,0,0,17/18,A
Feuchtmann Perez,Erwin,GUM,Terzino Sinistro,32,40,23,17,20,3,0.575,7,6,1,0,3,6,0,0,17/18,A
Becker,Alexander,GUM,Pivot,34,31,22,9,22,0,0.7097,8,8,8,8,9,15,1,0,17/18,A
Meschke,Benjamin,LEI,Pivot,34,33,22,11,22,0,0.6667000000000001,0,7,0,0,0,3,1,0,17/18,A
Hahn,Tobias,TVH,Ala Destra,34,33,22,11,21,1,0.6667000000000001,2,1,1,3,4,5,0,0,17/18,A
Lemke,Finn,MTM,Terzino Sinistro,24,41,21,20,21,0,0.5122,11,9,7,41,5,8,0,0,17/18,A
Haider,Maximilian,LUD,Pivot,29,28,21,7,21,0,0.75,2,4,0,6,3,6,1,0,17/18,A
Kretschmer,Finn,TVB,Ala Destra,28,42,20,22,20,0,0.4761999999999999,2,1,2,0,1,2,0,0,17/18,A
Gojun,Jakov,BER,Terzino Sinistro,33,30,19,11,19,0,0.6333,6,4,6,28,16,18,0,0,17/18,A
Urban,Tomas,FAG,Ala Destra,7,32,19,13,19,0,0.5938,2,0,1,1,0,3,0,0,17/18,A
Hovels,Kenji,NLB,Centrale,19,44,17,27,17,0,0.3864,6,15,0,0,0,1,0,0,17/18,A
Markotic,Robert,TVB,Terzino Destro,9,35,17,18,17,0,0.4857,11,7,1,1,3,4,0,0,17/18,A
Kalarash,Gleb,SCM,Pivot,34,25,17,8,17,0,0.68,3,8,1,1,2,7,0,0,17/18,A
Rod,Magnus,SGF,Terzino Destro,25,37,17,20,17,0,0.4595,6,3,3,6,1,3,0,0,17/18,A
Toft Hansen,Rene,THW,Pivot,17,22,16,6,16,0,0.73,3,1,11,15,9,5,0,0,17/18,A
Stefan,Tim,TVH,Terzino Sinistro,21,43,16,27,16,0,0.3721,7,8,2,1,3,2,0,0,17/18,A
Pfattheicher,Sascha,TVB,Ala Destra,22,28,16,12,16,0,0.5714,0,0,0,0,0,0,0,0,17/18,A
Egelhof,Robin,LUD,Terzino Destro,13,38,16,22,16,0,0.4211,7,13,1,2,4,2,0,0,17/18,A
Hafner,Max,TVB,Centrale,20,42,16,26,16,0,0.381,10,10,3,0,2,1,0,0,17/18,A
Roth,Sebastian,TVH,Terzino Sinistro,33,41,15,26,15,0,0.3659,4,2,0,0,1,1,0,0,17/18,A
Heymann,Sebastian,FAG,Terzino Sinistro,12,30,15,15,15,0,0.5,8,6,0,1,1,2,0,0,17/18,A
Rivesjo,Tobias,LEI,Terzino Sinistro,32,32,15,17,14,1,0.4688,10,2,0,4,3,1,0,0,17/18,A
Vukovic,Drago,BER,Centrale,34,25,14,11,14,0,0.56,14,4,3,22,11,8,0,0,17/18,A
Milde,Oliver,BER,Terzino Sinistro,15,23,14,9,14,0,0.6087,4,1,1,0,0,1,0,0,17/18,A
Remke,Gregor,LEI,Terzino Destro,14,33,14,19,14,0,0.4242,4,10,0,0,0,2,0,0,17/18,A
Plaza Jimenez,Ignacio,BER,Pivot,10,22,13,9,13,0,0.5909,0,2,0,2,3,3,0,0,17/18,A
Hubscher,Robin,TBV,Ala Sinistra,32,19,13,6,13,0,0.6842,0,1,0,0,0,0,0,0,17/18,A
Buhrer,Pascal,LUD,Centrale,34,23,13,10,13,0,0.57,7,7,1,0,0,2,0,0,17/18,A
Rothlisberger,Samuel,TVB,Pivot,34,15,13,2,13,0,0.87,2,4,4,14,13,11,0,0,17/18,A
Guardiola,Gedeon,RNL,Pivot,20,21,12,9,12,0,0.57,9,2,10,34,11,6,0,0,17/18,A
Roscheck,Bastian,LEI,Pivot,34,14,12,2,12,0,0.8571,8,4,7,22,27,30,2,0,17/18,A
Lehnhoff,Lars,HAN,Centrale,22,17,11,6,11,0,0.6470999999999999,2,1,1,0,0,2,0,0,17/18,A
Rnic,Momir,RNL,Terzino Sinistro,18,20,11,9,11,0,0.55,4,3,0,0,0,0,0,0,17/18,A
Schaffer,Jan,HCE,Pivot,7,13,11,2,11,0,0.8462000000000001,5,1,1,1,1,0,1,0,17/18,A
Sjostrand,Charlie,GWD,Ala Sinistra,4,18,10,8,7,3,0.5556,0,0,1,0,0,0,0,0,17/18,A
Atman,Pavel,HAN,Centrale,11,17,10,7,10,0,0.59,4,5,0,0,0,1,0,0,17/18,A
Halen,Anton,FAG,Terzino Destro,6,14,9,5,9,0,0.6429,4,0,0,0,1,1,0,0,17/18,A
Firnhaber,Sebastian,THW,Pivot,32,13,9,4,9,0,0.69,2,2,2,17,8,6,1,0,17/18,A
Hruscak,Patrik,LUD,Terzino Destro,14,21,9,12,9,0,0.4286,1,0,0,1,0,1,0,0,17/18,A
Jaeger,Max,GUM,Ala Sinistra,20,14,9,5,7,2,0.6429,0,0,1,0,0,1,0,0,17/18,A
Speckmann,Jan-Eric,NLB,Ala Sinistra,13,19,9,10,8,1,0.4736999999999999,0,1,1,0,0,3,0,0,17/18,A
Langhans,Gabor,MTM,Terzino Destro,15,15,8,7,8,0,0.5333,3,3,0,1,0,4,0,0,17/18,A
Heinl,Jacob,SGF,Pivot,30,15,8,7,8,0,0.53,2,11,0,8,9,3,0,0,17/18,A
Nagele,Jochen,FAG,Ala Destra,12,21,8,13,8,0,0.381,1,0,0,1,1,1,0,0,17/18,A
Lobedank,Felix,TVB,Terzino Destro,10,15,7,8,7,0,0.4667,3,4,0,1,3,2,0,0,17/18,A
Zeitz,Christian,THW,Terzino Destro,20,20,7,13,7,0,0.35,4,2,3,2,5,2,0,0,17/18,A
Volentics,Miroslav,WET,Ala Destra,30,12,7,5,7,0,0.5832999999999999,0,1,1,0,0,1,0,0,17/18,A
Bundalo,Uros,HCE,Pivot,9,10,7,3,7,0,0.7,1,3,0,2,3,6,0,0,17/18,A
Gorpishin,Sergej,HCE,Pivot,24,9,7,2,7,0,0.7778,0,0,0,2,1,2,0,0,17/18,A
Engelhardt,Alexander,TBV,Pivot,14,10,7,3,7,0,0.7,1,1,0,0,0,3,0,0,17/18,A
Enstrom,Marcus,HCE,Ala Destra,5,11,6,5,6,0,0.55,0,1,0,0,2,0,0,0,17/18,A
Zerbe,Lukas,TBV,Ala Destra,21,7,5,2,5,0,0.71,2,0,1,0,0,1,0,0,17/18,A
Buric,Benjamin,WET,Portiere,34,8,5,3,5,0,0.63,21,3,0,0,0,0,0,0,17/18,A
Sicko,Szymon,TVH,Terzino Sinistro,15,14,5,9,5,0,0.36,0,2,0,0,0,1,0,0,17/18,A
Vortmann,Jens,LEI,Portiere,32,6,4,2,4,0,0.67,4,3,1,0,2,0,0,0,17/18,A
Palicka,Andreas,RNL,Portiere,34,6,4,2,4,0,0.67,14,4,1,0,0,0,0,0,17/18,A
Landin,Niklas,THW,Portiere,32,7,4,3,4,0,0.5714,16,3,1,0,0,0,0,0,17/18,A
Green,Jannick,SCM,Portiere,34,5,4,1,4,0,0.8,19,0,0,0,1,1,0,0,17/18,A
Kalafut,Dominik,HAN,Pivot,29,5,4,1,4,0,0.8,1,1,0,0,0,2,0,0,17/18,A
Ritschel,Matthias,TVH,Portiere,34,4,3,1,3,0,0.75,9,2,3,0,0,0,1,0,17/18,A
Sonne-Hansen,Kim,GWD,Portiere,24,4,3,1,3,0,0.75,5,0,0,0,0,0,0,0,17/18,A
Reissky,Christoph,BER,Terzino Destro,11,5,3,2,3,0,0.6,1,1,0,0,0,4,0,0,17/18,A
Johannesson,Peter,TBV,Portiere,30,3,3,0,3,0,1.0,4,5,0,0,1,0,0,0,17/18,A
Birlehm,Joel,NLB,Portiere,32,3,3,0,3,0,1.0,8,0,0,0,0,0,0,0,17/18,A
Timm,Marcel,GUM,Pivot,16,3,3,0,3,0,1.0,1,0,1,1,3,4,0,0,17/18,A
Lemke,Jari,TBV,Terzino Sinistro,18,9,3,6,3,0,0.33,2,2,0,0,1,1,0,0,17/18,A
Urios Gonzales,Rolando,BER,Pivot,4,6,3,3,3,0,0.5,0,0,0,1,0,0,0,0,17/18,A
Putera,Milos,LEI,Portiere,34,2,2,0,2,0,1.0,6,3,0,0,0,0,0,0,17/18,A
Wolff,Andreas,THW,Portiere,34,5,2,3,2,0,0.4,9,0,0,0,0,0,0,0,17/18,A
Trost,Alexander,FAG,Ala Destra,8,5,2,3,2,0,0.4,2,0,0,0,0,0,0,0,17/18,A
Appelgren,Mikael,RNL,Portiere,34,3,2,1,2,0,0.67,11,2,0,0,0,0,0,0,17/18,A
Prost,Primoz,FAG,Portiere,34,3,2,1,2,0,0.67,12,1,3,0,0,1,0,0,17/18,A
Sjostrand,Johan,MTM,Portiere,33,2,2,0,2,0,1.0,4,0,0,0,0,1,0,0,17/18,A
Kienzle,Martin,TVB,Ala Sinistra,3,6,2,4,2,0,0.33,0,0,0,0,1,0,0,0,17/18,A
Schoneseiffen,Sebastian,GUM,Centrale,10,3,2,1,2,0,0.67,2,2,0,0,0,0,0,0,17/18,A
Simic,Nebojsa,MTM,Portiere,29,3,2,1,2,0,0.67,8,4,0,0,0,0,0,0,17/18,A
Tatai,Peter,NLB,Portiere,34,3,2,1,2,0,0.67,1,1,0,0,1,3,0,0,17/18,A
Kluge,Justus Max,SCM,Ala Sinistra,3,3,2,1,2,0,0.67,0,0,0,0,0,0,0,0,17/18,A
Klein,Johannes,TVH,Terzino Sinistro,13,4,2,2,2,0,0.5,3,0,1,1,2,1,0,0,17/18,A
Burmeister,Florian,TVB,Terzino Sinistro,27,9,2,7,2,0,0.22,1,1,0,0,0,0,0,0,17/18,A
Christensen,Espen,GWD,Portiere,33,3,2,1,2,0,0.67,5,0,0,0,0,0,0,0,17/18,A
Schletterer,Jonas,HCE,Terzino Destro,9,3,2,1,2,0,0.67,0,0,0,0,0,0,0,0,17/18,A
Heinevetter,Silvio,BER,Portiere,33,4,1,3,1,0,0.25,12,1,2,0,1,1,0,0,17/18,A
Ziemer,Martin,HAN,Portiere,34,3,1,2,1,0,0.33,21,10,3,0,0,0,0,0,17/18,A
Christophersen,Sven-Soren,HAN,Terzino Sinistro,33,4,1,3,1,0,0.25,8,0,4,34,17,22,0,0,17/18,A
Quenstedt,Dario,SCM,Portiere,34,2,1,1,1,0,0.5,4,0,1,0,0,0,0,0,17/18,A
Lichtlein,Carsten,GUM,Portiere,34,1,1,0,1,0,1.0,9,0,0,0,0,0,0,0,17/18,A
Klier,Kevin,LUD,Portiere,31,2,1,1,1,0,0.5,4,3,0,0,0,1,0,0,17/18,A
Katsigiannis,Nikolas,HCE,Portiere,27,3,1,2,1,0,0.3333,3,6,0,0,0,0,0,0,17/18,A
Andersson,Mattias,SGF,Portiere,34,2,1,1,1,0,0.5,19,0,3,0,0,0,0,0,17/18,A
Maier,Jonas,TVB,Portiere,34,2,1,1,1,0,0.5,0,1,1,0,0,0,0,0,17/18,A
Hanemann,Stefan,LUD,Portiere,15,1,1,0,1,0,1.0,5,0,0,0,0,0,0,0,17/18,A
Hess,Oliver,LUD,Terzino Destro,5,1,1,0,1,0,1.0,2,3,0,0,1,0,0,0,17/18,A
Grabarczyk,Piotr,NLB,Pivot,24,1,1,0,0,1,1.0,1,1,0,11,19,21,2,0,17/18,A
M'Bengue,Djibril,TVB,Terzino Destro,3,2,1,1,1,0,0.5,0,1,0,0,0,0,0,0,17/18,A
Keller,Rico,RNL,Centrale,3,2,1,1,0,1,0.5,0,0,0,0,0,0,0,0,17/18,A
Wyszomirski,Piotr,TBV,Portiere,34,2,1,1,1,0,0.5,10,0,0,0,0,1,0,0,17/18,A
Molina,Carlos,SCM,Pivot,33,2,1,1,1,0,0.5,1,0,1,4,2,1,0,0,17/18,A
Kister,Lukas,GWD,Centrale,26,4,1,3,1,0,0.25,1,1,0,1,0,2,0,0,17/18,A
Schreiber,Hendrik,WET,Terzino Sinistro,5,2,1,1,1,0,0.5,0,1,0,0,0,0,0,0,17/18,A
Worner,Jan,TVH,Terzino Destro,22,1,1,0,1,0,1.0,0,0,0,0,1,0,0,0,17/18,A
Diebel,Niklas,HAN,Terzino Sinistro,10,3,1,2,1,0,0.3333,0,0,0,0,0,1,0,0,17/18,A
Nowatzki,Maximilian,GWD,Terzino Destro,3,2,1,1,1,0,0.5,0,0,0,0,0,0,0,0,17/18,A
Trost,Max,RNL,Terzino Sinistro,7,2,1,1,1,0,0.5,0,0,0,0,0,0,0,0,17/18,A
De la Pena,Juan,SCM,Centrale,23,4,1,3,0,1,0.25,0,1,0,0,0,0,0,0,17/18,A
Gerntke,Erik,BER,Terzino Destro,3,2,1,1,1,0,0.5,0,0,0,0,0,0,0,0,17/18,A
Danowski,Niklas,SCM,Pivot,1,1,1,0,0,1,1.0,0,0,0,0,0,0,0,0,17/18,A
Hangstein,Fynn,TBV,Centrale,14,6,1,5,1,0,0.1667,0,1,0,0,0,2,0,0,17/18,A
Stochl,Petr,BER,Portiere,34,0,0,0,0,0,0.0,6,0,1,0,1,0,0,0,17/18,A
Schomburg,Fabian,TVH,Portiere,34,0,0,0,0,0,0.0,1,0,0,0,0,0,0,0,17/18,A
Weber,Nikolai,WET,Portiere,32,0,0,0,0,0,0.0,2,0,0,0,0,0,0,0,17/18,A
Bitter,Johannes,TVB,Portiere,22,0,0,0,0,0,0.0,5,3,1,0,3,1,0,0,17/18,A
Grafenhorst,Yves,SCM,Ala Sinistra,1,0,0,0,0,0,0.0,0,0,0,0,1,0,0,0,17/18,A
Karlsson,Tobias,SGF,Pivot,34,0,0,0,0,0,0.0,6,2,5,59,27,22,0,0,17/18,A
Semisch,Malte,HAN,Portiere,34,0,0,0,0,0,0.0,5,0,0,0,0,0,0,0,17/18,A
Puhle,Matthias,GUM,Portiere,27,0,0,0,0,0,0.0,0,2,0,0,0,0,0,0,17/18,A
Kraft,Fabian,WET,Ala Sinistra,2,0,0,0,0,0,0.0,1,0,0,0,0,0,0,0,17/18,A
Rebmann,Daniel,FAG,Portiere,34,0,0,0,0,0,0.0,4,1,2,0,0,1,0,0,17/18,A
Klesniks,Evars,WET,Terzino Destro,14,0,0,0,0,0,0.0,0,0,1,3,3,9,0,0,17/18,A
Peribonio,Roko,LUD,Portiere,30,0,0,0,0,0,0.0,2,0,0,0,0,0,0,0,17/18,A
Bliznac,Kristian,RNL,Terzino Sinistro,27,0,0,0,0,0,0.0,1,0,0,0,0,2,0,0,17/18,A
Møller,Kevin,SGF,Portiere,24,0,0,0,0,0,0.0,3,0,0,0,0,0,0,0,17/18,A
Muller,Jonas,TVH,Terzino Sinistro,3,0,0,0,0,0,0.0,0,0,0,0,0,0,0,0,17/18,A
Drager,Maurice,HAN,Terzino Sinistro,2,0,0,0,0,0,0.0,0,0,0,0,0,0,0,0,17/18,A
Gehrke,Tobias,FAG,Centrale,3,0,0,0,0,0,0.0,0,0,0,0,1,0,0,0,17/18,A
Skof,Gorazd,HCE,Portiere,33,0,0,0,0,0,0.0,10,4,0,0,1,3,0,0,17/18,A
Kirchenbauer,Pascal,LUD,Centrale,5,0,0,0,0,0,0.0,0,0,0,0,0,0,0,0,17/18,A
Bischoff,Alexander,TVB,Pivot,1,0,0,0,0,0,0.0,0,0,0,0,0,0,0,0,17/18,A
Paske,Maurice,GWD,Portiere,10,0,0,0,0,0,0.0,0,0,0,0,0,0,0,0,17/18,A
Landgraf,Tom,THW,Portiere,2,0,0,0,0,0,0.0,0,0,0,0,0,0,0,0,17/18,A
Genz,Fredrik,BER,Portiere,3,0,0,0,0,0,0.0,0,0,0,0,0,0,0,0,17/18,A
Bayer,Johannes,HCE,Terzino Sinistro,10,0,0,0,0,0,0.0,0,0,0,0,0,1,0,0,17/18,A
Wagner,Florian,HCE,Pivot,7,0,0,0,0,0,0.0,0,0,0,0,0,0,0,0,17/18,A
Walz,Sebastian,HCE,Pivot,8,0,0,0,0,0,0.0,0,0,0,0,0,0,0,0,17/18,A
Lenz,Mathias,MTM,Portiere,6,0,0,0,0,0,0.0,0,0,0,0,0,0,0,0,17/18,A
Klimpke,Till,WET,Portiere,30,0,0,0,0,0,0.0,1,0,0,0,0,0,0,0,17/18,A
Donker,Malte,HAN,Terzino Destro,2,0,0,0,0,0,0.0,0,0,0,0,0,1,0,0,17/18,A
Hassferter,Michael,HCE,Portiere,13,0,0,0,0,0,0.0,0,0,0,0,0,0,0,0,17/18,A
Van den Beucken,Mark,TBV,Portiere,5,0,0,0,0,0,0.0,0,0,0,0,0,0,0,0,17/18,A
Wesemann,Jan,NLB,Portiere,5,0,0,0,0,0,0.0,0,0,0,0,0,0,0,0,17/18,A
Firnhaber,Lucas,THW,Terzino Destro,3,0,0,0,0,0,0.0,0,0,0,0,0,0,0,0,17/18,A
Hasenforther,Lasse,GUM,Portiere,7,0,0,0,0,0,0.0,0,0,0,0,0,0,0,0,17/18,A
Lehmann,Nick,TVB,Portiere,11,0,0,0,0,0,0.0,0,0,0,0,0,0,0,0,17/18,A
Feise,Hannes,HAN,Ala Sinistra,11,0,0,0,0,0,0.0,2,1,0,0,0,0,0,0,17/18,A
Richtzenhain,Justus Nicolas,GWD,Pivot,1,0,0,0,0,0,0.0,0,0,0,0,0,0,0,0,17/18,A
Simak,Frederik,BER,Terzino Sinistro,8,0,0,0,0,0,0.0,0,0,1,0,0,0,0,0,17/18,A
Wilde,Jonas,HAN,Portiere,2,0,0,0,0,0,0.0,0,0,0,0,0,0,0,0,17/18,A
Ignatow,Dimitri,MTM,Ala Destra,1,0,0,0,0,0,0.0,0,0,0,0,0,0,0,0,17/18,A
Lauer,Tim,TVH,Terzino Sinistro,10,0,0,0,0,0,0.0,0,0,0,0,0,1,0,0,17/18,A
Bolius,Leon,LUD,Ala Sinistra,4,0,0,0,0,0,0.0,0,0,0,0,0,0,0,0,17/18,A
Matthes,Tim,BER,Ala Sinistra,1,0,0,0,0,0,0.0,0,0,0,0,0,0,0,0,17/18,A
Lind,Rasmus Schmidt,SGF,Portiere,10,0,0,0,0,0,0.0,0,0,0,0,0,0,0,0,17/18,A
Krone,Jannes,HAN,Ala Destra,6,0,0,0,0,0,0.0,1,0,1,0,0,0,0,0,17/18,A
Buchner,Vincent,HAN,Ala Sinistra,12,0,0,0,0,0,0.0,0,1,0,0,0,0,0,0,17/18,A
Thiele,Joshua,HAN,Pivot,10,0,0,0,0,0,0.0,0,0,1,0,0,0,0,0,17/18,A
Schauer,Kuno,BER,Centrale,3,0,0,0,0,0,0.0,0,1,0,0,0,0,0,0,17/18,A
Walzik,Philipp,HCE,Portiere,1,0,0,0,0,0,0.0,0,0,0,0,0,0,0,0,17/18,A
Kruger,Johannes Friedrich,SGF,Ala Sinistra,3,0,0,0,0,0,0.0,0,0,0,0,0,0,0,0,17/18,A
Klein,Jannek,SGF,Terzino Destro,2,0,0,0,0,0,0.0,0,0,0,0,0,0,0,0,17/18,A
Kessler,Maximilian,RNL,Ala Sinistra,4,0,0,0,0,0,0.0,0,0,0,0,0,0,0,0,17/18,A
Xhafolli,Albin,GUM,Ala Destra,7,0,0,0,0,0,0.0,0,0,0,0,0,0,0,0,17/18,A
Haspinger,Nick,TVB,Terzino Destro,3,0,0,0,0,0,0.0,0,0,0,0,0,0,0,0,17/18,A
Kurch,Justin,SCM,Pivot,1,0,0,0,0,0,0.0,0,0,0,0,0,0,0,0,17/18,A
Akakpo,David Cyrill,BER,Ala Destra,1,0,0,0,0,0,0.0,0,0,0,0,0,0,0,0,17/18,A
Nolting,Malte,GWD,Portiere,1,0,0,0,0,0,0.0,0,0,0,0,0,0,0,0,17/18,A
Gertges,Jonas,GWD,Ala Sinistra,2,0,0,0,0,0,0.0,0,0,0,0,0,0,0,0,17/18,A
Zollitsch,Jonas,GWD,Portiere,1,0,0,0,0,0,0.0,0,0,0,0,0,0,0,0,17/18,A
Glockner,Rene,NLB,Ala Sinistra,2,0,0,0,0,0,0.0,0,0,0,0,0,0,0,0,17/18,A
Villgrattner,Luis,GUM,Centrale,6,0,0,0,0,0,0.0,1,0,0,0,0,1,0,0,17/18,A
Simonsen,Christian Ole,LEI,Portiere,2,0,0,0,0,0,0.0,0,0,0,0,0,0,0,0,17/18,A
Wendt,Tim,THW,Portiere,1,0,0,0,0,0,0.0,0,0,0,0,0,0,0,0,17/18,A
Sdunek,Daniel,TVB,Portiere,5,0,0,0,0,0,0.0,0,0,0,0,0,0,0,0,17/18,A
Meyfarth,Fabian,MTM,Portiere,4,0,0,0,0,0,0.0,0,0,0,0,0,0,0,0,17/18,A
Dayan,Yonatan,GUM,Centrale,1,0,0,0,0,0,0.0,0,0,0,0,0,0,0,0,17/18,A
Rica-Kovac,Sebastian,TVB,Portiere,1,0,0,0,0,0,0.0,0,0,0,0,0,0,0,0,17/18,A
Friedl,Leon,TVH,Centrale,1,0,0,0,0,0,0.0,0,0,0,0,0,0,0,0,17/18,A
Rose,Julius,TBV,Centrale,10,0,0,0,0,0,0.0,1,1,0,0,0,0,0,0,17/18,A
Werth,Malvin,TVH,Pivot,1,0,0,0,0,0,0.0,0,0,0,0,0,1,0,0,17/18,A
Jebram,Moritz,TBV,Pivot,1,0,0,0,0,0,0.0,0,0,0,0,0,0,0,0,17/18,A
Geis,Linus,TBV,Terzino Sinistro,1,0,0,0,0,0,0.0,0,0,0,0,0,0,0,0,17/18,A
Hoppe,Michael,LUD,Portiere,1,0,0,0,0,0,0.0,0,0,0,0,0,0,0,0,17/18,A
Jepsen,Johannes,SGF,Portiere,1,0,0,0,0,0,0.0,0,0,0,0,0,0,0,0,17/18,A
Hoblaj,Leon,LUD,Portiere,1,0,0,0,0,0,0.0,0,0,0,0,0,0,0,0,17/18,A
Busch,Pierre,GUM,Ala Destra,1,0,0,0,0,0,0.0,0,0,0,0,0,0,0,0,17/18,A
Musche,Matthias,SCM,Ala Sinistra,34,348,256,92,159,97,0.7356,16,10,18,1,5,4,0,0,18/19,A
Hornke,Tim,TBV,Ala Destra,34,286,215,71,111,104,0.7517,10,16,8,1,4,5,0,0,18/19,A
Schiller,Marcel,FAG,Ala Sinistra,33,278,207,71,109,98,0.7445999999999999,17,7,14,1,3,6,0,0,18/19,A
Kastening,Timo,HAN,Ala Destra,34,260,190,70,130,60,0.7308,9,5,15,0,1,3,1,0,18/19,A
Ekberg,Niclas,THW,Ala Destra,33,245,187,58,98,89,0.7633,12,7,17,1,2,5,0,0,18/19,A
Weber,Philipp,LEI,Centrale,34,338,176,162,145,31,0.5207,92,53,9,1,6,7,0,0,18/19,A
Gunnarsson,Arnor Thor,BHC,Ala Destra,32,233,173,60,104,69,0.7425,12,8,10,0,2,4,0,0,18/19,A
Schmid,Andy,RNL,Centrale,34,329,164,165,138,26,0.4985,125,39,9,1,1,1,0,0,18/19,A
Mikkelsen,Lasse Reinhold,MTM,Centrale,34,268,164,104,123,41,0.6119,82,28,3,4,13,5,0,0,18/19,A
Holst,Maximilian,WET,Ala Sinistra,34,211,160,51,52,108,0.7583,11,4,1,0,1,2,1,0,18/19,A
Lindberg,Hans,BER,Ala Destra,29,219,160,59,77,83,0.7306,12,15,8,0,4,3,0,0,18/19,A
Kohlbacher,Jannik,RNL,Pivot,34,196,150,46,150,0,0.7653,15,30,10,4,10,18,0,0,18/19,A
Budel,Nico,HCE,Centrale,34,256,146,110,125,21,0.5703,65,42,4,2,8,14,1,0,18/19,A
Semper,Franz,LEI,Terzino Destro,33,257,143,114,143,0,0.5564,38,31,9,3,6,6,0,0,18/19,A
Cavor,Stefan,WET,Terzino Destro,34,274,143,131,143,0,0.5219,54,28,5,7,10,10,0,0,18/19,A
Sigurdsson,Gudjon Valur,RNL,Ala Sinistra,33,197,142,55,107,35,0.7208,12,15,11,0,4,4,0,0,18/19,A
Martinovic,Ivan,GUM,Terzino Destro,34,280,141,139,114,27,0.5036,63,32,6,1,3,10,0,0,18/19,A
Rambo,Christoffer,GWD,Terzino Destro,31,289,138,151,138,0,0.4775,108,39,25,6,15,19,1,0,18/19,A
Steinert,Christoph,HCE,Terzino Destro,25,229,137,92,80,57,0.5982999999999999,38,42,8,3,7,6,0,0,18/19,A
Schafer,Christian,SGB,Ala Destra,33,192,137,55,48,89,0.7134999999999999,7,3,3,1,6,2,1,0,18/19,A
Reichmann,Tobias,MTM,Ala Destra,30,182,136,46,86,50,0.7473000000000001,6,6,10,0,5,7,1,0,18/19,A
Lauge,Rasmus,SGF,Terzino Sinistro,34,223,136,87,136,0,0.6099,130,36,9,4,13,14,0,0,18/19,A
Damgaard,Michael,SCM,Terzino Sinistro,34,253,136,117,136,0,0.5375,48,32,1,1,2,4,0,0,18/19,A
Schmidt,David,TVB,Terzino Destro,32,248,132,116,132,0,0.5323,17,21,2,0,15,12,0,0,18/19,A
Norouzinezhad Gharehlou,Pouya,GUM,Terzino Sinistro,34,259,131,128,131,0,0.5058,40,53,5,4,12,14,0,0,18/19,A
Zieker,Patrick,TBV,Ala Sinistra,34,195,129,66,119,10,0.6615000000000001,18,15,6,5,5,6,1,0,18/19,A
Kraus,Michael,SGB,Terzino Sinistro,25,240,128,112,100,28,0.5333,48,29,6,0,0,3,0,0,18/19,A
Wiesmach,Patrick,LEI,Ala Destra,31,164,128,36,87,41,0.7805,6,3,10,0,6,1,0,0,18/19,A
Hafner,Kai,HAN,Terzino Destro,25,234,127,107,127,0,0.5427000000000001,57,22,4,3,2,3,0,0,18/19,A
Jondal,Magnus,SGF,Ala Sinistra,34,161,122,39,68,54,0.7578,3,3,7,0,1,1,0,0,18/19,A
Weiss,Dominik,TVB,Terzino Sinistro,33,264,120,144,120,0,0.4545,31,43,9,20,10,17,0,0,18/19,A
Link,Jonas,SGB,Centrale,33,210,119,91,117,2,0.5667,50,37,9,0,4,10,0,0,18/19,A
Gulliksen,Kevin Maageroe,GWD,Ala Destra,33,174,119,55,119,0,0.6839,4,8,17,2,3,5,0,0,18/19,A
Schagen,Bobby,TVB,Ala Destra,31,161,118,43,59,59,0.7329000000000001,16,9,11,2,3,2,0,0,18/19,A
Sommer,Marvin,GUM,Ala Sinistra,33,170,118,52,98,20,0.6940999999999999,10,11,19,1,1,8,1,0,18/19,A
Boomhouwer,Jeffrey,BHC,Ala Sinistra,30,161,117,44,88,29,0.7267,10,6,1,1,1,6,0,0,18/19,A
Holm,Jacob,BER,Centrale,34,208,116,92,116,0,0.5577000000000001,56,40,5,0,2,4,0,0,18/19,A
Kozina,Kresimir,FAG,Pivot,34,150,112,38,101,11,0.7467,8,32,3,7,4,21,1,0,18/19,A
Michalczik,Marian,GWD,Terzino Sinistro,34,207,112,95,112,0,0.5411,105,44,9,11,12,18,0,0,18/19,A
Muller,Jerome,LUD,Terzino Destro,30,211,110,101,110,0,0.5213,53,37,4,1,7,10,0,0,18/19,A
Duvnjak,Domagoj,THW,Centrale,34,193,108,85,108,0,0.5596,93,30,20,4,12,11,0,0,18/19,A
Bohm,Fabian,HAN,Terzino Sinistro,31,173,105,68,105,0,0.6069,79,34,5,9,14,17,0,0,18/19,A
Svan,Lasse,SGF,Ala Destra,34,156,105,51,105,0,0.6731,10,10,7,0,3,6,0,0,18/19,A
Arnesson,Linus,BHC,Centrale,34,211,105,106,104,1,0.4976,72,27,10,9,9,8,0,0,18/19,A
Heymann,Sebastian,FAG,Terzino Sinistro,32,190,104,86,104,0,0.5474,64,36,7,21,4,5,0,0,18/19,A
Suton,Tim,TBV,Centrale,25,177,101,76,101,0,0.5706,64,21,5,9,5,10,0,0,18/19,A
Elisson,Bjarki Mar,BER,Ala Sinistra,34,137,100,37,98,2,0.7299,12,13,9,1,5,5,1,0,18/19,A
Nilsson,Lukas,THW,Terzino Sinistro,33,178,100,78,100,0,0.5618,47,26,4,3,2,4,0,0,18/19,A
Doder,Dalibor,GWD,Centrale,30,186,99,87,68,31,0.5323,20,8,1,0,0,0,0,0,18/19,A
Weber,Robert,SCM,Ala Destra,33,149,97,52,78,19,0.6509999999999999,6,8,9,0,4,6,0,0,18/19,A
Rentschler,Patrick,SGB,Pivot,30,121,97,24,97,0,0.8017,8,17,5,8,11,14,0,0,18/19,A
Zelenovic,Nemanja,FAG,Terzino Destro,28,174,97,77,97,0,0.5575,36,30,0,2,14,7,0,0,18/19,A
Rentschler,Marco,FAG,Ala Destra,34,136,96,40,80,16,0.7059000000000001,6,2,2,0,2,4,0,0,18/19,A
Drux,Paul,BER,Terzino Sinistro,25,158,95,63,95,0,0.6013000000000001,53,24,1,11,10,4,0,0,18/19,A
Olsen,Morten,HAN,Centrale,29,195,94,101,90,4,0.4821,83,38,3,2,1,8,0,0,18/19,A
Weinhold,Steffen,THW,Terzino Destro,31,160,94,66,94,0,0.5875,54,18,10,3,9,20,0,0,18/19,A
Brozovic,Ilija,HAN,Pivot,33,120,94,26,87,7,0.7833,12,16,6,16,16,25,0,0,18/19,A
Bilyk,Nikola,THW,Terzino Sinistro,31,158,91,67,91,0,0.5759000000000001,47,19,7,8,7,4,0,0,18/19,A
Pettersson,Alexander,RNL,Terzino Destro,26,153,90,63,90,0,0.5882000000000001,33,14,8,9,10,7,0,0,18/19,A
Wanne,Hampus,SGF,Ala Sinistra,34,130,90,40,50,40,0.6923,11,5,16,0,0,2,0,0,18/19,A
Preuss,Moritz,GUM,Pivot,34,116,90,26,88,2,0.7759,19,20,6,18,17,21,0,0,18/19,A
Wiede,Fabian,BER,Terzino Destro,24,162,89,73,87,2,0.5494,133,27,13,6,7,7,0,0,18/19,A
Sliskovic,Ivan,FAG,Terzino Sinistro,30,162,89,73,89,0,0.5494,56,33,5,11,13,20,2,0,18/19,A
Link,Nikolai,HCE,Terzino Sinistro,27,161,88,73,88,0,0.5466,30,21,5,9,15,18,1,0,18/19,A
Zvizej,Luka,GWD,Ala Sinistra,34,116,88,28,34,54,0.7585999999999999,5,5,4,1,1,3,0,0,18/19,A
Gottfridsson,Jim,SGF,Centrale,32,149,87,62,87,0,0.5839,63,32,3,0,6,5,0,0,18/19,A
Simak,Frederik,BER,Terzino Sinistro,24,136,86,50,45,41,0.6324000000000001,18,25,4,4,7,6,0,0,18/19,A
Kunkel,Yves,MTM,Ala Sinistra,34,130,85,45,85,0,0.6537999999999999,4,8,5,0,1,1,1,0,18/19,A
Pekeler,Hendrik,THW,Pivot,33,112,84,28,84,0,0.75,13,9,11,24,15,15,0,0,18/19,A
Gullerud,Magnus,GWD,Pivot,34,108,84,24,84,0,0.7778,18,16,17,24,16,15,1,0,18/19,A
Glandorf,Holger,SGF,Terzino Destro,34,148,83,65,83,0,0.5608,40,21,7,8,6,5,0,0,18/19,A
Rod,Magnus,SGF,Terzino Destro,31,129,81,48,81,0,0.6279,36,15,8,10,7,8,0,0,18/19,A
Wiencek,Patrick,THW,Pivot,34,101,80,21,80,0,0.7920999999999999,13,15,8,41,11,16,0,0,18/19,A
Mensah Larsen,Mads,RNL,Centrale,34,162,80,82,80,0,0.4938,88,31,12,8,10,4,0,0,18/19,A
Lagergren,Albin,SCM,Terzino Destro,26,129,80,49,80,0,0.6202000000000001,67,23,9,3,5,4,0,0,18/19,A
O'Sullivan,Christian,SCM,Centrale,31,129,80,49,79,1,0.6202000000000001,74,27,5,2,8,8,0,0,18/19,A
Forsell Schefvert,Olle,WET,Terzino Sinistro,34,151,80,71,80,0,0.53,45,23,11,22,18,20,2,0,18/19,A
Zhukov,Stanislav,GUM,Terzino Sinistro,29,192,79,113,79,0,0.41,43,28,3,27,14,20,3,0,18/19,A
Landin,Magnus,THW,Ala Sinistra,34,106,79,27,63,16,0.7453,3,5,11,1,6,6,0,0,18/19,A
Musa,Zeljko,SCM,Pivot,34,95,78,17,78,0,0.8210999999999999,7,22,14,31,17,13,1,0,18/19,A
Rubin,Lenny,WET,Terzino Sinistro,29,136,78,58,78,0,0.5735,26,15,6,6,8,6,0,0,18/19,A
Sellin,Johannes,HCE,Ala Destra,23,104,77,27,69,8,0.7404000000000001,25,9,10,1,2,4,0,0,18/19,A
Bissel,Christopher,HCE,Ala Sinistra,34,108,76,32,76,0,0.7037,7,20,10,0,4,16,1,0,18/19,A
Pettersson,Daniel,SCM,Ala Destra,34,97,76,21,70,6,0.7835,2,3,1,0,3,1,0,0,18/19,A
Lindskog,Anton,WET,Pivot,34,107,76,31,76,0,0.7103,17,21,6,38,19,21,0,0,18/19,A
Dippe,Kai,LUD,Pivot,34,106,75,31,52,23,0.7075,6,19,2,5,19,21,4,0,18/19,A
Schweikardt,Michael,TVB,Centrale,33,142,74,68,58,16,0.5211,53,32,8,1,5,11,1,0,18/19,A
Bezjak,Marko,SCM,Centrale,32,134,73,61,73,0,0.5448,110,35,14,2,6,10,0,0,18/19,A
Babak,Tomas,BHC,Centrale,34,136,73,63,70,3,0.5367999999999999,66,28,7,1,2,5,0,0,18/19,A
Zachrisson,Mattias,BER,Ala Destra,25,114,72,42,72,0,0.6315999999999999,16,11,10,1,4,8,0,0,18/19,A
Darj,Max,BHC,Pivot,30,106,72,34,72,0,0.6792,22,17,7,14,16,14,2,0,18/19,A
Cederholm,Andreas,GWD,Terzino Destro,31,136,71,65,71,0,0.5221,27,21,7,1,3,6,0,0,18/19,A
Cehte,Nejc,HAN,Terzino Destro,34,127,71,56,71,0,0.5590999999999999,44,24,4,2,10,22,0,0,18/19,A
Schimmelbauer,Tobias,TVB,Ala Sinistra,29,93,70,23,70,0,0.7526999999999999,8,9,18,4,12,22,1,0,18/19,A
Bjornsen,Kristian,WET,Ala Destra,28,102,70,32,70,0,0.6862999999999999,10,6,1,1,2,1,0,0,18/19,A
Marsenic,Mijajlo,BER,Pivot,28,93,70,23,70,0,0.7526999999999999,8,14,2,14,15,20,4,0,18/19,A
Maric,Marino,MTM,Pivot,23,93,68,25,68,0,0.7312000000000001,9,16,5,2,8,9,0,0,18/19,A
Milosevic,Alen,LEI,Pivot,28,90,68,22,68,0,0.76,12,14,9,6,11,17,1,0,18/19,A
Tollbring,Jerry,RNL,Ala Sinistra,30,97,68,29,45,23,0.7,6,5,1,0,1,2,0,0,18/19,A
Dietrich,Gunnar,LUD,Terzino Sinistro,34,150,67,83,67,0,0.4467,83,45,4,32,14,17,0,0,18/19,A
Birkefeldt,Simon Ellersgaard,MTM,Terzino Destro,34,136,67,69,67,0,0.4926,15,20,0,2,5,15,0,0,18/19,A
Kneule,Tim,FAG,Centrale,34,124,66,58,66,0,0.5323,50,25,11,5,9,18,0,0,18/19,A
Stuber,Frederic,LUD,Pivot,34,82,66,16,66,0,0.8049,9,17,4,20,13,25,0,0,18/19,A
Schroter,Tobias,GUM,Ala Destra,34,107,65,42,65,0,0.6075,15,7,6,1,10,18,0,0,18/19,A
Baumgartner,Florian,GUM,Terzino Destro,33,137,65,72,65,0,0.4745,23,23,2,6,4,7,0,0,18/19,A
Ugalde,Cristian,HAN,Ala Sinistra,32,95,64,31,62,2,0.6737000000000001,13,5,15,1,3,5,0,0,18/19,A
Theuerkauf,Christoph,TBV,Pivot,31,92,63,29,55,8,0.6848000000000001,0,12,2,3,0,2,0,0,18/19,A
Scholz,Jonathan,LUD,Ala Sinistra,34,93,63,30,59,4,0.6774,7,0,10,1,2,12,0,0,18/19,A
Bartok,Donat,TBV,Terzino Destro,21,128,63,65,63,0,0.4921999999999999,15,20,1,2,9,3,1,0,18/19,A
Kuhn,Julius,MTM,Terzino Sinistro,10,108,62,46,62,0,0.57,34,13,0,0,6,5,1,0,18/19,A
Durak,Pascal,LUD,Ala Destra,23,88,60,28,24,36,0.6818000000000001,2,6,2,0,3,4,0,0,18/19,A
Falk,Alexander,LUD,Ala Destra,34,95,60,35,60,0,0.6315999999999999,4,9,8,0,5,3,0,0,18/19,A
Gutbrod,Fabian,BHC,Terzino Sinistro,21,133,59,74,59,0,0.4436,9,11,0,2,0,0,0,0,18/19,A
Reinkind,Harald,THW,Terzino Destro,34,105,58,47,58,0,0.5524,27,10,2,3,6,3,0,0,18/19,A
Pfattheicher,Sascha,TVB,Ala Destra,34,95,58,37,55,3,0.6104999999999999,4,12,8,0,1,2,0,0,18/19,A
Nippes,Kristian,BHC,Terzino Destro,30,117,57,60,55,2,0.4871999999999999,39,13,4,6,11,11,0,0,18/19,A
Korte,Mats,GWD,Ala Sinistra,34,77,57,20,57,0,0.7403,6,6,5,0,5,4,0,0,18/19,A
Fath,Steffen,RNL,Terzino Sinistro,28,121,56,65,56,0,0.4628,23,9,1,1,1,1,0,0,18/19,A
Lemke,Finn,MTM,Terzino Sinistro,33,99,56,43,56,0,0.5657,30,11,7,46,7,17,0,0,18/19,A
Pieczkowski,Niclas,LEI,Centrale,31,134,56,78,56,0,0.4179,52,36,6,11,5,8,0,0,18/19,A
Baumgarten,Simon,TVB,Pivot,34,69,56,13,56,0,0.8116,4,13,1,1,2,2,0,0,18/19,A
Frend Ofors,Emil,WET,Ala Sinistra,33,97,56,41,55,1,0.5772999999999999,7,7,9,0,1,0,0,0,18/19,A
Christiansen,Mads,SCM,Terzino Destro,34,113,56,57,56,0,0.4956,26,16,2,2,3,6,0,0,18/19,A
Hafner,Max,TVB,Centrale,29,95,56,39,53,3,0.5895,16,12,1,0,1,5,0,0,18/19,A
Binder,Lukas,LEI,Ala Sinistra,30,81,55,26,55,0,0.679,11,2,5,1,2,5,0,0,18/19,A
Salger,Stefan,LUD,Terzino Destro,28,116,55,61,55,0,0.4740999999999999,15,16,1,4,12,13,1,0,18/19,A
Groetzki,Patrick,RNL,Ala Destra,31,78,54,24,54,0,0.6923,36,14,6,0,1,0,0,0,18/19,A
Haller,Robin,SGB,Terzino Sinistro,34,143,54,89,54,0,0.3776,43,14,4,9,7,4,0,0,18/19,A
Sidorowicz,Roman,MTM,Terzino Sinistro,18,105,54,51,54,0,0.5143,26,17,3,2,1,2,0,0,18/19,A
Mirkulovski,Filip,WET,Centrale,33,96,53,43,53,0,0.5521,37,48,2,3,1,7,0,0,18/19,A
Golla,Johannes,SGF,Pivot,34,59,51,8,51,0,0.8644,6,14,7,14,5,13,0,0,18/19,A
Janke,Maximilian,LEI,Centrale,29,79,50,29,50,0,0.6329,33,20,6,22,13,18,0,0,18/19,A
Feld,Alexander,LUD,Centrale,15,102,50,52,50,0,0.4902,9,18,1,1,4,5,1,0,18/19,A
Von Deschwanden,Lukas,TVB,Terzino Sinistro,28,103,50,53,49,1,0.4854,19,13,2,0,3,9,0,0,18/19,A
Allendorf,Michael,MTM,Ala Sinistra,29,69,49,20,46,3,0.7101000000000001,7,1,5,2,2,3,0,0,18/19,A
von Gruchalla,Florian,HCE,Ala Destra,34,66,49,17,28,21,0.7424,1,2,2,0,0,3,0,0,18/19,A
Carlsbogard,Jonathan,TBV,Terzino Sinistro,28,126,49,77,49,0,0.39,51,17,9,14,8,8,0,0,18/19,A
Asmuth,Jan,SGB,Ala Sinistra,34,75,49,26,49,0,0.6533,7,6,3,3,10,20,1,0,18/19,A
Buhrer,Pascal,LUD,Centrale,25,90,49,41,41,8,0.5444,31,20,2,1,3,3,0,0,18/19,A
Emanuel,Max,SGB,Terzino Destro,29,105,48,57,48,0,0.4571,42,33,3,2,13,12,1,0,18/19,A
Schroder,Andreas,HCE,Terzino Sinistro,24,92,47,45,47,0,0.5109,12,6,1,11,4,4,0,0,18/19,A
Schaffer,Jan,HCE,Pivot,34,67,47,20,47,0,0.7015,7,15,9,3,8,12,1,0,18/19,A
Spath,Manuel,TVB,Pivot,34,64,46,18,46,0,0.7188,8,13,9,19,15,20,0,0,18/19,A
Hermann,Alexander,WET,Terzino Sinistro,22,85,46,39,46,0,0.5412,19,10,3,2,1,4,0,0,18/19,A
Pusica,Miljan,GWD,Terzino Sinistro,34,84,46,38,46,0,0.5476,23,15,7,25,12,10,0,0,18/19,A
Ebner,Dominik,TBV,Terzino Destro,34,93,45,48,45,0,0.4839,31,23,0,1,7,6,1,0,18/19,A
Doll,Jan,SGB,Ala Destra,32,77,45,32,45,0,0.5844,3,7,5,0,2,3,0,0,18/19,A
Steinhauser,Marius,SGF,Ala Destra,33,55,44,11,44,0,0.8,3,2,5,0,1,0,0,0,18/19,A
Zachariassen,Anders,SGF,Pivot,34,53,44,9,44,0,0.8301999999999999,4,9,3,11,12,8,0,0,18/19,A
Lipovina,Vladan,RNL,Terzino Destro,34,84,44,40,44,0,0.5238,9,9,0,0,0,0,0,0,18/19,A
Van Olphen,Fabian,TBV,Terzino Sinistro,32,86,43,43,43,0,0.5,22,20,10,39,15,7,0,0,18/19,A
Pevnov,Evgeni,HAN,Pivot,30,52,43,9,43,0,0.8269,17,18,5,26,12,14,1,0,18/19,A
Dahmke,Rune,THW,Ala Sinistra,34,63,43,20,43,0,0.6825,6,2,6,2,2,5,0,0,18/19,A
Mappes,Dominik,HCE,Centrale,27,78,43,35,43,0,0.5513,21,9,0,0,0,0,0,0,18/19,A
Jeppsson,Simon,SGF,Terzino Sinistro,34,80,43,37,43,0,0.5375,39,10,2,1,0,1,0,0,18/19,A
Koch,Johan,BER,Pivot,26,49,42,7,42,0,0.86,3,9,1,0,0,11,1,0,18/19,A
Criciotoiu,Bogdan Andre,BHC,Terzino Destro,30,87,42,45,42,0,0.4828,5,8,0,1,3,7,0,0,18/19,A
Claus,Dominik,SGB,Terzino Destro,32,94,42,52,42,0,0.4468,31,38,7,1,5,13,0,0,18/19,A
Pavlovic,Domagoj,MTM,Centrale,22,76,42,34,42,0,0.5526,22,15,1,1,0,0,0,0,18/19,A
Kopp,Eirik,GUM,Terzino Sinistro,33,90,41,49,32,9,0.4556,7,16,1,3,1,5,1,0,18/19,A
Lehnhoff,Lars,HAN,Centrale,20,57,39,18,25,14,0.6842,5,3,4,0,0,0,0,0,18/19,A
Markotic,Robert,TVB,Terzino Destro,21,77,38,39,38,0,0.4935,18,14,1,0,2,6,0,0,18/19,A
Danner,Felix,MTM,Pivot,33,56,37,19,37,0,0.6607,15,10,11,37,18,20,0,0,18/19,A
Muller,Michael,MTM,Terzino Destro,24,89,37,52,37,0,0.4157,51,33,1,7,5,8,1,0,18/19,A
Valiullin,Azat,LUD,Terzino Sinistro,16,83,37,46,37,0,0.4458,6,11,3,3,1,6,0,0,18/19,A
Fischer,Jonathan,SGB,Pivot,33,49,37,12,37,0,0.7551000000000001,3,6,3,3,2,7,0,0,18/19,A
Baijens,Dani,SGF,Centrale,30,73,37,36,36,1,0.51,15,18,7,0,3,5,0,0,18/19,A
Rojewski,Andreas,LEI,Terzino Destro,23,76,36,40,36,0,0.4736999999999999,14,11,3,3,3,9,0,0,18/19,A
Chrapkowski,Piotr,SCM,Terzino Sinistro,31,55,36,19,36,0,0.6545000000000001,36,11,12,34,19,15,0,0,18/19,A
Overby,Petter,HCE,Pivot,32,54,36,18,36,0,0.6667000000000001,6,10,9,20,21,27,2,0,18/19,A
Jurdzs,Aivis,LEI,Terzino Sinistro,33,63,35,28,35,0,0.5556,14,17,2,15,7,9,0,0,18/19,A
Schongarth,Jens,FAG,Terzino Destro,33,89,34,55,34,0,0.38,23,13,5,2,9,11,0,0,18/19,A
Bagersted,Jacob,FAG,Pivot,34,54,34,20,34,0,0.6296,9,10,6,25,17,20,1,0,18/19,A
Baena Gonzalez,Rafael,BHC,Pivot,34,42,34,8,34,0,0.81,2,19,0,0,0,0,0,0,18/19,A
Taleski,Filip,RNL,Terzino Sinistro,34,63,34,29,34,0,0.5397,9,6,3,1,2,0,0,0,18/19,A
Sogard,Goran,SGF,Terzino Sinistro,22,63,34,29,34,0,0.5397,14,14,1,2,1,1,0,0,18/19,A
Hald Jensen,Simon,SGF,Pivot,34,42,33,9,33,0,0.7857,4,3,1,21,11,9,0,0,18/19,A
Padshyvalau,Aliaksandr,GWD,Centrale,31,68,33,35,33,0,0.4853,7,10,0,0,1,3,0,0,18/19,A
Weber,Patrick,SGB,Terzino Sinistro,19,76,32,44,32,0,0.4211,12,12,5,2,0,2,0,0,18/19,A
Spiler,David,LUD,Centrale,15,59,32,27,31,1,0.5424,13,14,3,0,1,5,0,0,18/19,A
Staar,Max,GWD,Ala Destra,29,48,32,16,32,0,0.6667000000000001,4,7,5,1,3,5,0,0,18/19,A
Zarabec,Miha,THW,Centrale,34,63,32,31,32,0,0.5079,45,26,0,0,0,2,1,0,18/19,A
Hofmann,Jannik,LUD,Ala Sinistra,32,51,31,20,21,10,0.6078,1,4,2,0,1,7,0,0,18/19,A
Torbrugge,Nils,WET,Pivot,34,44,30,14,30,0,0.6818000000000001,4,6,4,6,9,15,1,0,18/19,A
Schmidt,Valentin,SGB,Centrale,20,63,30,33,21,9,0.4761999999999999,24,10,1,0,0,2,0,0,18/19,A
Petrovsky,Leos,BHC,Pivot,29,42,30,12,30,0,0.7143,6,11,5,8,3,5,1,0,18/19,A
Peric,Josip,FAG,Centrale,34,42,30,12,30,0,0.7143,19,17,0,1,0,3,0,0,18/19,A
Guardiola,Gedeon,RNL,Pivot,34,40,29,11,29,0,0.725,7,5,18,32,8,9,0,0,18/19,A
Guardiola,Isaias,TBV,Terzino Destro,24,62,29,33,29,0,0.4677,31,20,15,7,5,5,1,1,18/19,A
Kogut,Andrej,TBV,Centrale,22,56,28,28,28,0,0.5,15,14,1,3,4,1,0,0,18/19,A
Rahmel,Ole,THW,Ala Destra,33,43,28,15,28,0,0.6512,1,5,1,1,2,0,0,0,18/19,A
Fontaine,Daniel,BHC,Terzino Sinistro,13,59,28,31,28,0,0.4746,24,9,0,3,3,2,0,0,18/19,A
Gebala,Maciej,LEI,Pivot,33,30,28,2,28,0,0.9333,8,9,2,10,4,3,0,0,18/19,A
Savvas,Savvas,GWD,Terzino Sinistro,24,62,28,34,28,0,0.4515999999999999,5,7,3,3,2,4,0,0,18/19,A
Haass,Michael,HCE,Centrale,27,56,27,29,27,0,0.4821,29,18,11,7,3,11,0,0,18/19,A
Thummler,Jonas,HCE,Pivot,34,38,27,11,27,0,0.7105,2,11,1,0,1,5,0,0,18/19,A
Schneider,Timm,MTM,Centrale,23,54,25,29,25,0,0.4629999999999999,11,13,1,3,1,4,0,0,18/19,A
Santos,Raul,LEI,Ala Sinistra,19,47,25,22,20,5,0.53,3,6,7,0,2,1,0,0,18/19,A
Esche,Marc,LEI,Ala Sinistra,18,39,25,14,25,0,0.6409999999999999,3,1,6,0,5,4,0,0,18/19,A
Radivojevic,Bogdan,RNL,Ala Destra,34,46,24,22,24,0,0.5217,4,5,2,0,0,1,0,0,18/19,A
Szucs,Csaba,BHC,Centrale,27,56,23,33,23,0,0.4107,34,15,9,14,12,27,3,0,18/19,A
Klimek,Christian,TBV,Pivot,30,33,23,10,23,0,0.7,4,14,5,16,8,6,0,0,18/19,A
Mansson,Anton,GWD,Pivot,29,29,22,7,22,0,0.76,3,8,4,1,5,3,0,0,18/19,A
Haider,Maximilian,LUD,Pivot,30,31,22,9,22,0,0.7097,4,3,2,2,6,11,0,0,18/19,A
Kellner,Benedikt,HCE,Centrale,31,34,22,12,22,0,0.6470999999999999,1,5,0,0,0,0,0,0,18/19,A
Kotrc,Milan,BHC,Ala Sinistra,30,35,22,13,22,0,0.6286,6,8,7,0,4,4,0,0,18/19,A
Ferraz,Joao,WET,Terzino Destro,27,55,21,34,21,0,0.3818,21,20,3,0,3,6,0,0,18/19,A
Plaza Jimenez,Ignacio,SCM,Pivot,31,32,21,11,21,0,0.6563,0,10,0,0,0,1,0,0,18/19,A
Ignatow,Dimitri,MTM,Ala Destra,34,37,21,16,21,0,0.5676,4,3,1,0,2,2,0,0,18/19,A
Marcec,Martin,SGB,Ala Sinistra,29,35,21,14,21,0,0.6,2,3,1,0,3,1,0,0,18/19,A
Johannsen,Torge,HAN,Ala Destra,16,33,20,13,18,2,0.6061,1,1,2,0,0,1,1,0,18/19,A
Majdzinski,Maciej,BHC,Terzino Destro,12,38,20,18,20,0,0.5263,12,10,2,1,5,4,1,0,18/19,A
Vujin,Marko,THW,Terzino Destro,16,29,19,10,8,11,0.6552,4,3,0,0,0,0,0,0,18/19,A
Nielsen,Jesper,RNL,Pivot,18,19,19,0,19,0,1.0,2,3,1,4,8,5,0,0,18/19,A
Krzikalla,Lucas,LEI,Ala Destra,25,22,19,3,19,0,0.86,4,2,2,0,1,0,0,0,18/19,A
Weissgerber,Lars,WET,Ala Destra,24,26,19,7,17,2,0.7308,1,0,1,0,1,1,0,0,18/19,A
Reissky,Christoph,BER,Terzino Destro,28,37,19,18,19,0,0.51,9,10,1,0,1,5,0,0,18/19,A
Hubscher,Robin,TBV,Ala Sinistra,34,34,19,15,17,2,0.5588000000000001,3,5,5,0,0,1,0,0,18/19,A
Atman,Pavel,HAN,Centrale,13,38,19,19,19,0,0.5,18,10,1,0,1,4,0,0,18/19,A
Herzig,Fynn,GUM,Terzino Sinistro,23,29,19,10,19,0,0.6552,3,5,0,3,2,2,0,0,18/19,A
Becker,Alexander,GUM,Pivot,34,28,18,10,18,0,0.6429,9,8,4,24,12,18,1,0,18/19,A
Vukovic,Drago,GUM,Centrale,12,37,18,19,18,0,0.4865,10,9,2,16,4,5,0,0,18/19,A
Mavers,Veit,HAN,Centrale,25,32,18,14,7,11,0.5625,4,5,0,0,0,1,0,0,18/19,A
Schmidt,Erik,BER,Pivot,33,23,17,6,17,0,0.7391,4,11,4,15,9,14,1,0,18/19,A
Muller,Philipp,MTM,Terzino Sinistro,34,33,16,17,16,0,0.4847999999999999,13,13,5,16,12,23,2,0,18/19,A
Theilinger,Nicolai,HCE,Terzino Destro,17,24,15,9,15,0,0.625,15,13,1,1,1,5,0,0,18/19,A
Hideg,Daniel,LUD,Terzino Sinistro,26,35,15,20,15,0,0.4286,6,7,0,1,0,3,0,0,18/19,A
Patrail,Mait,HAN,Terzino Sinistro,5,20,14,6,14,0,0.7,17,2,2,2,0,3,0,0,18/19,A
Bettin,Maximilian-Leon,BHC,Terzino Sinistro,26,36,13,23,13,0,0.3611,4,6,4,1,2,2,0,0,18/19,A
Fraatz,Yannick,BHC,Ala Destra,29,16,13,3,13,0,0.81,2,3,2,0,0,1,0,0,18/19,A
Trost,Max,SGB,Terzino Sinistro,14,27,13,14,13,0,0.48,4,0,2,2,2,5,0,0,18/19,A
Ronningen,Vetle,SGB,Terzino Sinistro,28,31,13,18,13,0,0.42,9,11,8,9,16,23,2,0,18/19,A
Murawski,Martin,HCE,Ala Sinistra,32,14,11,3,11,0,0.7857,3,1,0,0,0,0,0,0,18/19,A
Ritterbach,Joscha,FAG,Ala Sinistra,31,19,11,8,11,0,0.5789,1,0,1,0,2,6,0,0,18/19,A
Struck,Kevin,BER,Terzino Sinistro,21,15,11,4,11,0,0.7333,3,0,1,1,1,2,1,0,18/19,A
Gojun,Jakov,BER,Terzino Sinistro,33,12,11,1,11,0,0.9167,6,3,1,22,23,25,0,0,18/19,A
Feise,Hannes,HAN,Ala Sinistra,25,20,11,9,11,0,0.55,1,5,1,2,8,2,0,0,18/19,A
Rothlisberger,Samuel,TVB,Pivot,34,14,11,3,11,0,0.79,8,1,6,17,13,15,0,0,18/19,A
Buchner,Vincent,HAN,Ala Sinistra,14,18,11,7,10,1,0.6111,1,0,2,0,2,1,0,0,18/19,A
Sorensen,Tim,FAG,Ala Destra,15,17,11,6,11,0,0.65,3,2,0,0,1,0,0,0,18/19,A
Lux,Maximilian,WET,Ala Destra,17,20,10,10,10,0,0.5,1,0,1,1,0,1,0,0,18/19,A
Vlahovic,Nikola,SGB,Terzino Sinistro,26,22,10,12,10,0,0.4545,8,4,0,2,2,8,0,0,18/19,A
Matthes,Tim,BER,Ala Sinistra,16,13,10,3,10,0,0.7692,0,1,2,0,0,0,0,0,18/19,A
Villgrattner,Luis,GUM,Centrale,14,22,10,12,10,0,0.4545,3,5,1,0,0,1,0,0,18/19,A
Jallouz,Wael,BER,Terzino Sinistro,14,30,8,22,8,0,0.27,3,7,0,0,0,1,0,0,18/19,A
Damgaard Espersen,Allan,FAG,Centrale,30,16,8,8,8,0,0.5,9,4,2,2,2,4,0,0,18/19,A
Remmlinger,Jan,LUD,Terzino Sinistro,12,18,8,10,8,0,0.4443999999999999,10,5,1,0,0,1,0,0,18/19,A
Engelhardt,Alexander,TBV,Pivot,19,10,8,2,8,0,0.8,0,1,1,0,0,1,0,0,18/19,A
Gliese,Lennart,BER,Terzino Destro,7,18,8,10,8,0,0.4443999999999999,2,4,3,0,2,0,0,0,18/19,A
Mandalinic,Stipe,BER,Terzino Sinistro,7,16,7,9,5,2,0.4375,7,1,0,0,0,0,0,0,18/19,A
Oehler,Michael,SGB,Terzino Sinistro,31,6,6,0,6,0,1.0,2,1,1,4,2,11,0,0,18/19,A
Mertens,Lukas,SCM,Ala Sinistra,15,7,6,1,5,1,0.86,0,0,0,0,0,0,0,0,18/19,A
Weck,Alexander,BHC,Terzino Sinistro,11,13,6,7,6,0,0.46,3,0,3,1,2,2,0,0,18/19,A
Putera,Milos,LEI,Portiere,34,6,5,1,5,0,0.83,7,2,0,0,0,0,0,0,18/19,A
Firnhaber,Sebastian,THW,Pivot,29,6,5,1,5,0,0.83,1,3,0,2,0,0,0,0,18/19,A
Molina,Carlos,SCM,Pivot,28,6,5,1,5,0,0.83,1,1,2,3,3,4,0,0,18/19,A
Hangstein,Fynn,TBV,Centrale,15,14,5,9,5,0,0.36,2,2,0,0,0,0,0,0,18/19,A
Ohler,Max,TVB,Ala Sinistra,7,5,5,0,4,1,1.0,0,0,0,0,0,1,0,0,18/19,A
Hanne,Martin,HAN,Terzino Sinistro,3,7,5,2,5,0,0.7143,0,0,0,0,0,1,0,0,18/19,A
Kneer,Stefan,WET,Terzino Sinistro,26,9,4,5,4,0,0.4443999999999999,12,7,3,3,9,15,2,0,18/19,A
Landin,Niklas,THW,Portiere,34,6,4,2,4,0,0.6667000000000001,9,1,3,0,1,0,0,0,18/19,A
Remke,Gregor,LEI,Terzino Destro,14,7,4,3,4,0,0.5714,2,4,0,0,0,0,0,0,18/19,A
Kister,Lukas,GWD,Centrale,29,12,4,8,4,0,0.33,4,1,4,1,5,1,0,0,18/19,A
Rudiger,Tim,WET,Ala Destra,1,5,4,1,4,0,0.8,0,0,0,0,0,0,0,0,18/19,A
Krone,Jannes,HAN,Ala Destra,20,7,4,3,4,0,0.57,0,1,1,0,1,0,0,0,18/19,A
Christensen,Espen,GWD,Portiere,30,8,4,4,4,0,0.5,8,1,0,0,1,1,0,0,18/19,A
De la Pena,Juan,SCM,Centrale,19,6,4,2,3,1,0.6667000000000001,3,0,1,0,0,0,0,0,18/19,A
Katsigiannis,Nikolas,HCE,Portiere,34,7,3,4,3,0,0.43,6,5,0,1,0,0,0,0,18/19,A
Wolff,Andreas,THW,Portiere,34,4,3,1,3,0,0.75,6,1,0,0,0,0,0,0,18/19,A
Stutzke,Lukas,BHC,Terzino Sinistro,5,6,3,3,3,0,0.5,0,0,0,3,0,0,0,0,18/19,A
Klimpke,Till,WET,Portiere,34,4,3,1,3,0,0.75,10,2,1,0,1,1,0,0,18/19,A
Schreiber,Hendrik,WET,Terzino Sinistro,31,11,3,8,3,0,0.27,4,4,0,0,0,0,0,0,18/19,A
Thiele,Joshua,HAN,Pivot,33,6,3,3,3,0,0.5,0,2,3,2,3,4,0,0,18/19,A
Kristjansson,Gisli Thorgeir,THW,Centrale,10,3,3,0,3,0,1.0,1,1,0,0,0,0,0,0,18/19,A
Dayan,Yonatan,GUM,Centrale,27,6,3,3,3,0,0.5,2,5,0,0,1,0,0,0,18/19,A
Rose,Julius,TBV,Centrale,9,4,3,1,3,0,0.75,0,0,0,0,1,0,0,0,18/19,A
Busch,Pierre,GUM,Ala Destra,29,6,3,3,3,0,0.5,0,0,0,0,0,2,0,0,18/19,A
Schalles,Maxim,TBV,Ala Destra,19,3,3,0,2,1,1.0,0,0,0,0,0,0,0,0,18/19,A
Puhle,Matthias,GUM,Portiere,33,2,2,0,2,0,1.0,4,2,0,0,0,0,0,0,18/19,A
Villadsen,Rene,LEI,Portiere,31,3,2,1,2,0,0.67,0,0,0,0,0,0,0,0,18/19,A
Hanemann,Stefan,LUD,Portiere,34,2,2,0,2,0,1.0,5,2,0,0,0,0,0,0,18/19,A
Roscheck,Bastian,LEI,Pivot,34,6,2,4,2,0,0.33,2,2,7,15,19,29,1,0,18/19,A
Baumgartel,Steve,LEI,Terzino Destro,6,6,2,4,2,0,0.33,3,0,0,1,1,0,0,0,18/19,A
Simic,Nebojsa,MTM,Portiere,34,3,2,1,2,0,0.67,14,5,0,0,0,0,0,0,18/19,A
Ebner,Domenico,SGB,Portiere,34,3,2,1,2,0,0.67,8,0,0,0,1,0,0,0,18/19,A
Kluge,Justus Max,SCM,Ala Sinistra,24,3,2,1,2,0,0.67,1,2,0,0,0,0,0,0,18/19,A
Nowatzki,Maximilian,GWD,Terzino Destro,18,3,2,1,2,0,0.6667000000000001,0,0,0,0,0,0,0,0,18/19,A
Schwarz,Maximilian,SGB,Terzino Destro,6,3,2,1,2,0,0.67,2,2,0,0,0,2,0,0,18/19,A
Abutovic,Ilija,RNL,Terzino Sinistro,32,2,2,0,2,0,1.0,3,2,9,26,19,23,1,0,18/19,A
Lesjak,Urban,HAN,Portiere,34,4,2,2,2,0,0.5,9,1,1,0,0,1,0,0,18/19,A
Waldgenbach,Torben,WET,Terzino Sinistro,8,7,2,5,2,0,0.2857,2,0,0,0,0,0,0,0,18/19,A
Stuber,Jonas,GUM,Pivot,13,5,2,3,2,0,0.4,0,0,0,0,0,0,0,0,18/19,A
Goller,Axel,FAG,Ala Destra,11,3,2,1,2,0,0.6667000000000001,0,1,0,0,0,0,0,0,18/19,A
Bialowas,Yannik,GUM,Ala Sinistra,10,5,2,3,2,0,0.4,0,0,1,0,0,0,0,0,18/19,A
Heinevetter,Silvio,BER,Portiere,34,2,1,1,1,0,0.5,13,2,1,0,1,2,0,0,18/19,A
Ziemer,Martin,HAN,Portiere,33,2,1,1,1,0,0.5,6,3,2,0,0,0,0,0,18/19,A
Quenstedt,Dario,SCM,Portiere,33,1,1,0,1,0,1.0,3,0,0,0,0,0,0,0,18/19,A
Karlsson,Tobias,SGF,Pivot,33,1,1,0,1,0,1.0,5,0,11,40,22,19,0,0,18/19,A
Lichtlein,Carsten,GUM,Portiere,34,1,1,0,1,0,1.0,2,1,0,0,2,1,0,0,18/19,A
Palicka,Andreas,RNL,Portiere,30,4,1,3,1,0,0.25,19,1,0,0,0,0,0,0,18/19,A
Maier,Jonas,TVB,Portiere,33,1,1,0,1,0,1.0,2,0,1,1,0,0,0,0,18/19,A
Appelgren,Mikael,RNL,Portiere,33,1,1,0,1,0,1.0,8,1,0,0,0,0,0,0,18/19,A
Rudeck,Christopher,BHC,Portiere,34,2,1,1,1,0,0.5,9,0,0,0,0,1,0,0,18/19,A
Green,Jannick,SCM,Portiere,34,5,1,4,1,0,0.2,13,1,0,0,0,0,0,0,18/19,A
Hellmann,Jonas,LEI,Ala Destra,11,1,1,0,1,0,1.0,0,1,0,0,0,0,0,0,18/19,A
Wyszomirski,Piotr,TBV,Portiere,29,1,1,0,1,0,1.0,1,0,0,0,0,0,0,0,18/19,A
Johannesson,Peter,TBV,Portiere,34,2,1,1,1,0,0.5,9,1,0,0,0,0,0,0,18/19,A
Backs,Fin,MTM,Ala Sinistra,5,2,1,1,1,0,0.5,0,0,0,0,0,0,0,0,18/19,A
Burmeister,Florian,TVB,Terzino Sinistro,11,5,1,4,1,0,0.2,0,0,0,0,0,0,0,0,18/19,A
Ivanisevic,Tibor,WET,Portiere,19,3,1,2,1,0,0.3333,3,0,1,0,0,0,0,0,18/19,A
Roller,Lars,RNL,Pivot,4,2,1,1,1,0,0.5,0,0,0,0,0,0,0,0,18/19,A
Kessler,Maximilian,RNL,Ala Sinistra,4,2,1,1,1,0,0.5,0,0,0,0,0,0,0,0,18/19,A
Xhafolli,Albin,GUM,Ala Destra,5,2,1,1,1,0,0.5,0,0,0,0,0,0,0,0,18/19,A
Bransche,Hannes,SCM,Terzino Destro,7,1,1,0,1,0,1.0,0,0,0,0,0,0,0,0,18/19,A
Danowski,Niklas,SCM,Pivot,1,1,1,0,0,1,1.0,0,0,0,0,0,0,0,0,18/19,A
Matzken,Torben,BER,Centrale,6,1,1,0,1,0,1.0,3,0,0,0,0,0,0,0,18/19,A
Nolting,Malte,GWD,Portiere,2,1,1,0,1,0,1.0,0,1,0,0,0,0,0,0,18/19,A
Gertges,Jonas,GWD,Ala Sinistra,1,2,1,1,1,0,0.5,0,0,0,0,0,0,0,0,18/19,A
Szeles,Akos,LEI,Terzino Destro,1,1,1,0,1,0,1.0,0,0,0,1,0,0,0,0,18/19,A
Hoffmanns,Jakob,HCE,Terzino Sinistro,4,3,1,2,1,0,0.3333,0,2,0,0,0,0,0,0,18/19,A
Poser,Jonas,HCE,Ala Destra,9,2,1,1,1,0,0.5,0,0,0,0,0,0,0,0,18/19,A
Stochl,Petr,BER,Portiere,2,0,0,0,0,0,0.0,0,0,0,0,0,0,0,0,18/19,A
Vortmann,Jens,LEI,Portiere,1,0,0,0,0,0,0.0,0,0,0,0,0,0,0,0,18/19,A
Marinovic,Nikola,WET,Portiere,13,0,0,0,0,0,0.0,2,0,0,0,0,0,0,0,18/19,A
Bitter,Johannes,TVB,Portiere,34,0,0,0,0,0,0.0,12,3,0,0,1,1,0,0,18/19,A
Dissinger,Christian,THW,Terzino Sinistro,5,0,0,0,0,0,0.0,0,0,0,0,0,1,0,0,18/19,A
Semisch,Malte,BER,Portiere,26,0,0,0,0,0,0.0,2,0,1,0,0,0,0,0,18/19,A
Rutschmann,Bastian,BHC,Portiere,30,0,0,0,0,0,0.0,4,0,0,0,0,0,0,0,18/19,A
Rebmann,Daniel,FAG,Portiere,34,0,0,0,0,0,0.0,8,1,1,0,0,0,0,0,18/19,A
Prost,Primoz,FAG,Portiere,34,0,0,0,0,0,0.0,8,0,1,0,0,0,0,0,18/19,A
Heib,Alexander,TVB,Centrale,1,0,0,0,0,0,0.0,0,0,0,0,0,0,0,0,18/19,A
Sjostrand,Johan,MTM,Portiere,34,0,0,0,0,0,0.0,5,2,0,0,0,0,0,0,18/19,A
Sonne-Hansen,Kim,GWD,Portiere,34,0,0,0,0,0,0.0,6,2,0,0,0,0,0,0,18/19,A
Asanin,Matej,LUD,Portiere,13,0,0,0,0,0,0.0,1,1,0,0,0,0,0,0,18/19,A
Skof,Gorazd,HCE,Portiere,33,0,0,0,0,0,0.0,4,0,0,0,0,0,1,0,18/19,A
Oehlrich,Thomas,LEI,Pivot,5,0,0,0,0,0,0.0,0,0,0,0,1,1,1,0,18/19,A
Dohler,Phil,SCM,Portiere,1,0,0,0,0,0,0.0,0,0,0,0,0,0,0,0,18/19,A
Guretzky,Jan,LEI,Portiere,3,0,0,0,0,0,0.0,0,0,0,0,0,0,0,0,18/19,A
Muller,Jurgen,SGB,Portiere,34,0,0,0,0,0,0.0,1,0,0,0,0,0,0,0,18/19,A
Kienzle,Martin,TVB,Ala Sinistra,3,0,0,0,0,0,0.0,0,0,0,0,0,0,1,0,18/19,A
Porath,Julius Franz,BER,Ala Destra,2,0,0,0,0,0,0.0,0,0,0,0,0,0,0,0,18/19,A
Paske,Maurice,GWD,Portiere,1,0,0,0,0,0,0.0,0,0,0,0,0,0,0,0,18/19,A
Genz,Fredrik,BER,Portiere,6,0,0,0,0,0,0.0,0,0,0,0,0,0,0,0,18/19,A
Walz,Sebastian,HCE,Pivot,1,0,0,0,0,0,0.0,0,0,0,0,0,0,0,0,18/19,A
Lenz,Mathias,LUD,Portiere,21,0,0,0,0,0,0.0,2,0,0,0,0,0,0,0,18/19,A
Donker,Malte,HAN,Terzino Destro,9,0,0,0,0,0,0.0,0,1,0,1,0,1,0,0,18/19,A
Hassferter,Michael,HCE,Portiere,5,0,0,0,0,0,0.0,0,0,0,0,0,0,0,0,18/19,A
Buric,Benjamin,SGF,Portiere,34,0,0,0,0,0,0.0,10,3,0,0,1,0,0,0,18/19,A
Hasenforther,Lasse,GUM,Portiere,1,0,0,0,0,0,0.0,0,0,0,0,0,0,0,0,18/19,A
Gorpishin,Sergej,HCE,Pivot,14,0,0,0,0,0,0.0,0,0,0,0,0,0,0,0,18/19,A
Lehmann,Nick,TVB,Portiere,5,0,0,0,0,0,0.0,0,0,0,0,0,0,0,0,18/19,A
Richtzenhain,Justus Nicolas,GWD,Pivot,3,0,0,0,0,0,0.0,0,0,0,0,0,0,0,0,18/19,A
Dell,Jonas,BHC,Terzino Sinistro,1,0,0,0,0,0,0.0,0,0,0,1,0,0,0,0,18/19,A
Zecher,Finn,TBV,Portiere,6,0,0,0,0,0,0.0,0,0,0,0,0,0,0,0,18/19,A
Weisser,Felix,FAG,Ala Sinistra,5,0,0,0,0,0,0.0,0,0,0,0,0,0,0,0,18/19,A
Ganz,Tim,RNL,Ala Destra,2,0,0,0,0,0,0.0,0,0,0,0,0,0,0,0,18/19,A
Sittrup Bergerud,Torbjorn,SGF,Portiere,32,0,0,0,0,0,0.0,5,0,1,0,0,0,0,0,18/19,A
Haspinger,Nick,TVB,Terzino Destro,1,0,0,0,0,0,0.0,0,0,0,0,0,0,0,0,18/19,A
Kurch,Justin,SCM,Pivot,3,0,0,0,0,0,0.0,0,0,0,0,0,0,0,0,18/19,A
Urios Gonzales,Rolando,BER,Pivot,2,0,0,0,0,0,0.0,0,0,0,0,0,1,0,0,18/19,A
Ots,Rasmus,BHC,Portiere,5,0,0,0,0,0,0.0,0,0,0,0,0,0,0,0,18/19,A
Schletterer,Jonas,HCE,Terzino Destro,4,0,0,0,0,0,0.0,0,0,0,0,0,0,0,0,18/19,A
Meyfarth,Fabian,GWD,Portiere,1,0,0,0,0,0,0.0,0,0,0,0,0,0,0,0,18/19,A
Cvetkovski,Jane,WET,Portiere,2,0,0,0,0,0,0.0,0,0,0,0,0,0,0,0,18/19,A
Jebram,Moritz,TBV,Pivot,5,0,0,0,0,0,0.0,0,0,0,0,0,0,0,0,18/19,A
Geis,Linus,TBV,Terzino Sinistro,3,0,0,0,0,0,0.0,0,0,0,0,0,1,0,0,18/19,A
Jepsen,Johannes,SGF,Portiere,2,0,0,0,0,0,0.0,0,0,0,0,0,0,0,0,18/19,A
Hoblaj,Leon,LUD,Portiere,3,0,0,0,0,0,0.0,0,0,0,0,0,0,0,0,18/19,A
Srsen,Domagoj,HAN,Pivot,34,0,0,0,0,0,0.0,8,1,4,7,8,9,0,0,18/19,A
Seidler,Oliver,LEI,Pivot,4,0,0,0,0,0,0.0,0,0,0,0,0,0,0,0,18/19,A
Weber,Ian,WET,Centrale,1,0,0,0,0,0,0.0,1,0,0,0,0,0,0,0,18/19,A
Strakeljahn,Simon,GWD,Centrale,5,0,0,0,0,0,0.0,0,0,0,0,0,0,0,0,18/19,A
Danneberg,Yannick,SCM,Terzino Sinistro,1,0,0,0,0,0,0.0,0,0,0,0,0,0,0,0,18/19,A
Reimann,Alexander,SCM,Ala Sinistra,1,0,0,0,0,0,0.0,0,0,0,0,0,0,0,0,18/19,A
Loser,Timo,LEI,Terzino Sinistro,9,0,0,0,0,0,0.0,0,0,0,0,0,0,0,0,18/19,A
Maidl,Lorenz,HCE,Ala Sinistra,1,0,0,0,0,0,0.0,0,0,0,0,0,0,0,0,18/19,A
Harnacke,Philipp,TBV,Terzino Sinistro,1,0,0,0,0,0,0.0,0,0,0,0,0,0,0,0,18/19,A
Juric,Petar,HAN,Centrale,2,0,0,0,0,0,0.0,0,0,0,0,0,0,0,0,18/19,A
Genty,Bastien,BER,Ala Destra,6,0,0,0,0,0,0.0,0,0,0,0,0,0,0,0,18/19,A
Adanir,Can,RNL,Portiere,6,0,0,0,0,0,0.0,0,0,0,0,0,0,0,0,18/19,A
Baumgart,Luka,SCM,Centrale,3,0,0,0,0,0,0.0,0,0,0,0,0,0,0,0,18/19,A
Piroch,Tomas,MTM,Terzino Destro,1,0,0,0,0,0,0.0,0,0,0,0,0,0,0,0,18/19,A
Gruber,Jona,MTM,Centrale,3,0,0,0,0,0,0.0,0,1,0,0,0,0,0,0,18/19,A
Damm,Julian,MTM,Pivot,3,0,0,0,0,0,0.0,0,0,0,0,0,0,0,0,18/19,A
Foege,Luis Plymford,TVB,Terzino Destro,10,0,0,0,0,0,0.0,0,1,0,0,0,0,0,0,18/19,A
Jannes,Louis,TBV,Portiere,1,0,0,0,0,0,0.0,0,0,0,0,0,0,0,0,18/19,A
Meyer-Siebert,Julius,LEI,Terzino Sinistro,6,0,0,0,0,0,0.0,0,1,0,0,0,0,0,0,18/19,A
Neumann,Nicolas,LEI,Ala Sinistra,1,0,0,0,0,0,0.0,0,0,0,0,0,0,0,0,18/19,A
Ahouansou,Philipp,RNL,Terzino Sinistro,1,0,0,0,0,0,0.0,0,0,0,0,0,0,0,0,18/19,A
Wernlein,Felix,HAN,Portiere,1,0,0,0,0,0,0.0,0,0,0,0,0,0,0,0,18/19,A
Kiesler,Tom,GUM,Terzino Sinistro,3,0,0,0,0,0,0.0,0,0,0,0,0,0,0,0,18/19,A
Wissmann,Yannick,TVB,Ala Sinistra,3,0,0,0,0,0,0.0,0,0,0,0,0,0,0,0,18/19,A
Grabenstein,Leon,GWD,Portiere,2,0,0,0,0,0,0.0,0,0,0,0,0,0,0,0,18/19,A
Elisson,Bjarki Mar,TBV,Ala Sinistra,27,287,216,71,144,72,0.7526,2,8,9,1,1,8,0,0,19/20,A
Lindberg,Hans,BER,Ala Destra,27,255,203,52,99,104,0.7961,17,10,4,0,0,3,0,0,19/20,A
Damgaard,Michael,SCM,Terzino Sinistro,27,316,166,150,166,0,0.5253,62,33,0,0,1,2,0,0,19/20,A
Weber,Robert,NOL,Ala Destra,27,235,164,71,106,58,0.6979000000000001,11,12,15,1,2,5,0,0,19/20,A
Ekberg,Niclas,THW,Ala Destra,26,201,164,37,60,104,0.8159000000000001,7,3,13,0,1,1,0,0,19/20,A
Schiller,Marcel,FAG,Ala Sinistra,25,224,157,67,85,72,0.7009000000000001,11,6,11,1,4,4,0,0,19/20,A
Zieker,Patrick,TVB,Ala Sinistra,27,194,144,50,99,45,0.7423000000000001,8,14,13,1,2,4,0,0,19/20,A
Kastening,Timo,HAN,Ala Destra,27,200,144,56,94,50,0.72,7,5,13,0,1,1,0,0,19/20,A
Gensheimer,Uwe,RNL,Ala Sinistra,22,177,134,43,75,59,0.7570999999999999,6,5,6,0,0,7,0,0,19/20,A
Boomhouwer,Jeffrey,BHC,Ala Sinistra,27,179,131,48,87,44,0.7318000000000001,8,5,5,1,3,4,0,0,19/20,A
Hafner,Kai,MTM,Terzino Destro,25,230,125,105,125,0,0.5435,85,34,2,3,4,7,0,0,19/20,A
Rambo,Christoffer,GWD,Terzino Destro,25,240,125,115,117,8,0.5207999999999999,58,35,18,5,8,14,1,0,19/20,A
Olsen,Morten,HAN,Centrale,25,208,119,89,98,21,0.5721,74,39,0,0,1,0,0,0,19/20,A
Schmid,Andy,RNL,Centrale,25,231,117,114,96,21,0.5065,96,36,3,0,2,1,0,0,19/20,A
Sellin,Johannes,HCE,Ala Destra,27,157,113,44,81,32,0.7197,10,14,7,0,1,5,0,0,19/20,A
Carlsbogard,Jonathan,TBV,Terzino Sinistro,24,195,111,84,111,0,0.5692,103,22,4,8,4,6,0,0,19/20,A
Michalczik,Marian,GWD,Terzino Sinistro,24,188,111,77,70,41,0.5904,64,29,4,3,7,10,0,0,19/20,A
Ivic,Sime,HCE,Terzino Destro,27,187,111,76,110,1,0.5936,47,48,1,1,3,15,1,0,19/20,A
Kohlbacher,Jannik,RNL,Pivot,26,137,110,27,110,0,0.8029000000000001,7,30,3,2,3,6,0,0,19/20,A
Sogard,Goran,SGF,Terzino Sinistro,27,199,110,89,110,0,0.5528,48,32,6,3,5,4,0,0,19/20,A
Holst,Maximilian,WET,Ala Sinistra,27,147,107,40,27,80,0.7279000000000001,7,5,1,0,2,0,0,0,19/20,A
Kuhn,Julius,MTM,Terzino Sinistro,26,210,107,103,107,0,0.5095000000000001,53,42,8,5,8,12,0,0,19/20,A
Lipovina,Vladan,HBW,Terzino Destro,25,211,107,104,107,0,0.5071,37,23,3,0,6,4,0,0,19/20,A
Muller,Jerome,LUD,Terzino Destro,27,194,107,87,107,0,0.5515,51,28,4,1,5,5,1,0,19/20,A
Gretarsson,Oddur,HBW,Ala Sinistra,26,135,106,29,56,50,0.7852,9,4,6,1,2,5,0,0,19/20,A
Hornke,Tim,SCM,Ala Destra,26,149,102,47,35,67,0.6846,2,4,5,0,4,3,0,0,19/20,A
Gottfridsson,Jim,SGF,Centrale,27,163,101,62,82,19,0.6196,67,36,5,1,0,7,0,0,19/20,A
Semper,Franz,LEI,Terzino Destro,22,165,100,65,100,0,0.6061,44,26,4,1,4,4,0,0,19/20,A
Weber,Philipp,LEI,Centrale,25,173,98,75,89,9,0.5665,57,35,4,3,1,8,0,0,19/20,A
Cavor,Stefan,WET,Terzino Destro,27,190,98,92,98,0,0.5158,55,24,5,5,5,4,0,0,19/20,A
Bjornsen,Kristian,WET,Ala Destra,27,124,97,27,97,0,0.7823,14,3,2,2,3,1,0,0,19/20,A
Gulliksen,Kevin Maageroe,GWD,Ala Destra,26,132,96,36,95,1,0.7273000000000001,12,6,14,1,3,4,0,0,19/20,A
Mickal,Pavel,NOL,Ala Sinistra,27,139,93,46,85,8,0.6690999999999999,6,9,5,1,2,2,0,0,19/20,A
Musche,Matthias,SCM,Ala Sinistra,27,132,92,40,79,13,0.6970000000000001,8,5,7,0,1,2,0,0,19/20,A
Lindskog,Anton,WET,Pivot,25,118,92,26,92,0,0.7797,21,15,2,22,15,17,1,0,19/20,A
Binder,Lukas,LEI,Ala Sinistra,26,120,90,30,90,0,0.75,14,10,9,0,2,2,0,0,19/20,A
Reinkind,Harald,THW,Terzino Destro,26,159,89,70,89,0,0.5597,30,19,2,5,3,6,0,0,19/20,A
Bohm,Fabian,HAN,Terzino Sinistro,27,148,88,60,88,0,0.5946,41,29,0,4,8,14,1,0,19/20,A
Schmidt,David,TVB,Terzino Destro,17,162,88,74,88,0,0.5432,23,12,0,1,4,8,0,0,19/20,A
Kozina,Kresimir,FAG,Pivot,26,111,88,23,81,7,0.7928000000000001,11,22,2,5,8,16,0,0,19/20,A
Rod,Magnus,SGF,Terzino Destro,20,140,88,52,87,1,0.6286,37,22,1,8,6,9,0,0,19/20,A
Drux,Paul,BER,Terzino Sinistro,23,134,87,47,87,0,0.6493000000000001,39,20,4,9,8,11,0,0,19/20,A
Forsell Schefvert,Olle,WET,Terzino Sinistro,27,145,87,58,87,0,0.6,62,34,6,11,12,14,0,0,19/20,A
Golla,Johannes,SGF,Pivot,27,109,86,23,86,0,0.789,11,7,8,22,13,18,0,0,19/20,A
Mikkelsen,Lasse Reinhold,MTM,Centrale,24,142,86,56,50,36,0.6056,45,13,2,2,3,6,0,0,19/20,A
Schoch,Jona,HBW,Terzino Sinistro,27,151,84,67,84,0,0.5563,44,24,0,8,8,13,0,0,19/20,A
Krzikalla,Lucas,LEI,Ala Destra,25,112,84,28,26,58,0.75,4,3,3,0,1,3,0,0,19/20,A
Cederholm,Andreas,TBV,Terzino Destro,27,162,83,79,83,0,0.5123,61,35,1,2,3,7,0,0,19/20,A
Gunnarsson,Arnor Thor,BHC,Ala Destra,24,124,82,42,47,35,0.6613,6,4,5,1,3,1,1,0,19/20,A
Pettersson,Daniel,SCM,Ala Destra,27,115,82,33,62,20,0.713,4,5,1,1,1,0,0,0,19/20,A
Niemeyer,Marcel,HBW,Pivot,27,114,81,33,81,0,0.7105,4,17,2,12,13,16,0,0,19/20,A
Bilyk,Nikola,THW,Terzino Sinistro,23,139,80,59,80,0,0.5755,36,16,6,5,7,3,0,0,19/20,A
Kneule,Tim,FAG,Centrale,26,142,78,64,78,0,0.5493,63,25,5,5,6,14,1,0,19/20,A
Pohle,Georg,NOL,Terzino Sinistro,27,188,76,112,68,8,0.4043,48,42,6,9,11,13,1,0,19/20,A
Schagen,Bobby,TBV,Ala Destra,27,106,75,31,65,10,0.7075,14,3,14,0,1,3,0,0,19/20,A
Gutbrod,Fabian,BHC,Terzino Sinistro,25,147,75,72,75,0,0.5102,8,13,1,1,2,1,0,0,19/20,A
Pekeler,Hendrik,THW,Pivot,26,94,75,19,75,0,0.7979,15,5,11,16,8,17,1,0,19/20,A
Wiesmach,Patrick,LEI,Ala Destra,24,100,75,25,61,14,0.75,6,3,7,0,3,2,0,0,19/20,A
Holm,Jacob,BER,Centrale,24,131,74,57,72,2,0.5649000000000001,41,25,5,0,2,5,0,0,19/20,A
Maric,Marino,MTM,Pivot,26,95,73,22,73,0,0.7684000000000001,8,13,9,10,12,13,0,0,19/20,A
Lonn,Adam,TVB,Terzino Sinistro,23,140,73,67,73,0,0.5214,35,24,7,11,8,21,1,0,19/20,A
Darj,Max,BHC,Pivot,27,102,72,30,72,0,0.7059000000000001,16,21,10,12,14,16,0,0,19/20,A
Marsenic,Mijajlo,BER,Pivot,25,95,72,23,72,0,0.7579,4,13,1,13,15,19,2,0,19/20,A
Cehte,Nejc,HAN,Terzino Destro,27,128,72,56,72,0,0.5625,45,36,5,4,8,12,0,0,19/20,A
Budel,Nico,HCE,Centrale,27,139,70,69,70,0,0.5036,32,27,4,0,9,13,1,0,19/20,A
Steinhauser,Marius,SGF,Ala Destra,27,97,70,27,40,30,0.7216,3,3,3,0,1,1,0,0,19/20,A
Sliskovic,Ivan,FAG,Terzino Sinistro,20,146,70,76,70,0,0.4795,58,21,4,9,6,11,0,0,19/20,A
Reichmann,Tobias,MTM,Ala Destra,25,104,69,35,53,16,0.6635,2,6,5,0,3,3,0,0,19/20,A
Durak,Pascal,LUD,Ala Destra,27,87,68,19,45,23,0.7816,5,7,2,0,4,7,0,0,19/20,A
Rubin,Lenny,WET,Terzino Sinistro,27,119,68,51,68,0,0.5714,30,11,0,6,8,14,1,0,19/20,A
Firnhaber,Sebastian,HCE,Pivot,27,94,67,27,67,0,0.7128,7,14,5,7,7,21,4,0,19/20,A
Mappes,Dominik,LUD,Centrale,24,138,66,72,66,0,0.4783,44,18,4,1,1,2,0,0,19/20,A
Duvnjak,Domagoj,THW,Centrale,24,121,65,56,65,0,0.5372,56,12,16,4,6,2,1,0,19/20,A
Allendorf,Michael,MTM,Ala Sinistra,23,94,65,29,42,23,0.6915,2,11,4,1,3,4,0,0,19/20,A
Groetzki,Patrick,RNL,Ala Destra,26,102,65,37,65,0,0.6373,29,12,5,0,1,2,0,0,19/20,A
Wiede,Fabian,BER,Terzino Destro,20,105,65,40,65,0,0.619,116,24,6,8,2,5,1,0,19/20,A
Thomann,Gregor,HBW,Ala Destra,27,97,65,32,38,27,0.67,4,2,6,0,1,3,0,0,19/20,A
Mensah Larsen,Mads,RNL,Centrale,26,116,64,52,60,4,0.55,35,21,3,6,4,7,0,0,19/20,A
O'Sullivan,Christian,SCM,Centrale,26,107,63,44,63,0,0.5888,61,29,7,4,5,9,0,0,19/20,A
Pfattheicher,Sascha,TVB,Ala Destra,25,86,62,24,54,8,0.7209,6,7,3,0,1,4,0,0,19/20,A
Arnesson,Linus,BHC,Centrale,25,144,62,82,62,0,0.4306,69,23,6,5,4,2,0,0,19/20,A
Jondal,Magnus,SGF,Ala Sinistra,26,99,61,38,54,7,0.6162,3,7,14,0,3,5,0,0,19/20,A
Martinovic,Ivan,HAN,Terzino Destro,20,101,61,40,61,0,0.604,24,14,3,0,1,5,0,0,19/20,A
Miedema,Patrick,NOL,Centrale,26,95,59,36,59,0,0.6211,34,26,12,0,13,19,2,0,19/20,A
Metzner,Antonio,HCE,Terzino Destro,25,97,59,38,59,0,0.6082,12,15,0,1,0,4,1,0,19/20,A
Peshevski,Zarko,TVB,Pivot,27,77,58,19,58,0,0.7532,2,20,1,1,1,2,0,0,19/20,A
Neuhaus,Max,LUD,Centrale,23,96,58,38,34,24,0.6042000000000001,1,11,0,0,0,0,0,0,19/20,A
Klimek,Christian,TBV,Pivot,27,81,57,24,57,0,0.7037,6,14,6,14,13,14,1,0,19/20,A
Brozovic,Ilija,HAN,Pivot,22,77,56,21,56,0,0.7273000000000001,7,18,3,8,13,17,0,0,19/20,A
Mamic,Marko,LEI,Terzino Sinistro,26,114,56,58,56,0,0.4911999999999999,35,29,6,19,10,16,1,0,19/20,A
Zelenovic,Nemanja,FAG,Terzino Destro,21,104,56,48,56,0,0.5385,15,27,2,1,4,5,0,0,19/20,A
Kirkelokke,Niclas,RNL,Terzino Destro,26,93,56,37,56,0,0.6022,48,14,11,2,6,6,0,0,19/20,A
Weiss,Dominik,TVB,Terzino Sinistro,22,125,54,71,54,0,0.432,25,17,1,5,5,10,0,0,19/20,A
Landin,Magnus,THW,Ala Sinistra,26,69,54,15,49,5,0.7826000000000001,5,3,11,1,2,3,0,0,19/20,A
Theuerkauf,Christoph,TBV,Pivot,21,67,53,14,49,4,0.7909999999999999,1,8,2,1,1,1,0,0,19/20,A
Wiencek,Patrick,THW,Pivot,26,75,53,22,53,0,0.7067,13,11,4,16,11,7,0,0,19/20,A
Koch,Johan,BER,Pivot,27,65,52,13,52,0,0.8,4,12,2,1,3,5,0,0,19/20,A
Gebala,Maciej,LEI,Pivot,26,64,52,12,52,0,0.81,3,8,1,7,8,7,0,0,19/20,A
Savvas,Savvas,GWD,Terzino Sinistro,25,98,52,46,35,17,0.53,12,12,5,6,2,6,0,0,19/20,A
Saueressig,Lukas,HBW,Centrale,27,87,52,35,49,3,0.5977,55,34,6,2,10,6,1,0,19/20,A
Meister,Lucas,GWD,Pivot,26,67,52,15,52,0,0.7761,5,10,3,3,14,23,0,0,19/20,A
Strobel,Martin,HBW,Centrale,18,86,51,35,48,3,0.593,25,18,2,5,3,2,0,0,19/20,A
Theilinger,Nicolai,FAG,Terzino Destro,26,84,50,34,50,0,0.5952000000000001,41,18,7,2,10,8,0,0,19/20,A
Gullerud,Magnus,GWD,Pivot,23,62,50,12,50,0,0.8065000000000001,5,9,10,15,8,12,1,0,19/20,A
Hafner,Max,TVB,Centrale,27,111,50,61,50,0,0.4504999999999999,34,20,3,1,2,4,0,0,19/20,A
Possehl,Julian,NOL,Terzino Destro,26,85,49,36,49,0,0.5765,52,33,1,1,8,12,0,0,19/20,A
Scholz,Jonathan,LUD,Ala Sinistra,27,77,49,28,49,0,0.6364,8,6,4,0,6,10,0,0,19/20,A
Lagergren,Albin,SCM,Terzino Destro,23,86,48,38,48,0,0.5581,40,14,6,1,1,1,0,0,19/20,A
Nilsson,Lukas,THW,Terzino Sinistro,24,99,48,51,48,0,0.4847999999999999,24,12,1,1,1,4,0,0,19/20,A
Nothdurft,Tim,HBW,Ala Sinistra,27,69,48,21,48,0,0.7,4,2,2,0,1,3,0,0,19/20,A
Pettersson,Alexander,RNL,Terzino Destro,22,91,47,44,47,0,0.5165,22,14,7,6,5,7,0,0,19/20,A
Svan,Lasse,SGF,Ala Destra,26,65,47,18,47,0,0.7231000000000001,4,2,5,0,3,9,0,0,19/20,A
Link,Nikolai,HCE,Terzino Sinistro,25,94,47,47,47,0,0.5,25,21,3,12,13,23,2,0,19/20,A
Weinhold,Steffen,THW,Terzino Destro,20,78,47,31,47,0,0.6026,33,13,3,3,10,13,1,0,19/20,A
Haass,Michael,HCE,Centrale,26,84,46,38,46,0,0.5476,48,31,9,6,13,10,0,0,19/20,A
Pevnov,Evgeni,HAN,Pivot,26,62,46,16,46,0,0.7419,3,10,2,16,9,11,1,0,19/20,A
Dippe,Kai,LUD,Pivot,25,61,46,15,42,4,0.7541,7,14,4,1,12,24,1,0,19/20,A
Falk,Alexander,LUD,Ala Destra,27,69,46,23,46,0,0.6667000000000001,2,4,6,1,3,2,0,0,19/20,A
Ugalde,Cristian,HAN,Ala Sinistra,25,66,46,20,46,0,0.6970000000000001,6,3,7,2,1,5,0,0,19/20,A
Frend Ofors,Emil,WET,Ala Sinistra,27,60,46,14,46,0,0.7667,3,5,6,1,0,4,0,0,19/20,A
Vorlicek,Philipp,NOL,Terzino Destro,17,80,46,34,46,0,0.575,15,15,1,2,7,3,0,0,19/20,A
Knorr,Juri,GWD,Centrale,17,70,45,25,45,0,0.6429,30,14,8,2,1,5,0,0,19/20,A
von Gruchalla,Florian,HCE,Ala Destra,27,63,44,19,4,40,0.6984,0,0,0,0,0,0,0,0,19/20,A
Bezjak,Marko,SCM,Centrale,20,66,44,22,44,0,0.6667000000000001,53,19,15,0,4,7,0,0,19/20,A
Bissel,Christopher,HCE,Ala Sinistra,27,69,44,25,44,0,0.6377,18,7,9,1,3,9,1,0,19/20,A
Jeppsson,Simon,SGF,Terzino Sinistro,27,91,43,48,43,0,0.4725,36,18,4,1,2,2,0,0,19/20,A
Taleski,Filip,HBW,Terzino Sinistro,26,107,43,64,43,0,0.4019,26,14,0,0,1,4,0,0,19/20,A
Kristjansson,Viggo,LEI,Terzino Destro,29,77,43,34,39,4,0.5584,31,16,4,1,2,5,0,0,19/20,A
Mirkulovski,Filip,WET,Centrale,27,70,42,28,42,0,0.6,27,29,2,0,3,1,0,0,19/20,A
Valiullin,Azat,LUD,Terzino Sinistro,22,96,42,54,42,0,0.4375,8,15,3,10,7,17,1,0,19/20,A
Babak,Tomas,BHC,Centrale,27,83,42,41,42,0,0.506,41,23,2,1,1,2,0,0,19/20,A
Zarabec,Miha,THW,Centrale,26,76,42,34,39,3,0.5526,31,8,0,0,1,1,0,0,19/20,A
Nippes,Kristian,BHC,Terzino Destro,25,85,41,44,40,1,0.4824,29,11,4,8,7,4,0,0,19/20,A
Stuber,Frederic,LUD,Pivot,27,48,41,7,41,0,0.8542000000000001,4,20,2,5,6,12,0,0,19/20,A
Guardiola,Isaias,TBV,Terzino Destro,25,89,41,48,41,0,0.4607,37,21,20,13,5,8,0,0,19/20,A
Matthes,Tim,BER,Ala Sinistra,27,62,41,21,41,0,0.6613,5,5,5,1,4,6,0,0,19/20,A
Patrail,Mait,HAN,Terzino Sinistro,26,64,40,24,40,0,0.63,36,13,12,13,3,7,0,0,19/20,A
Witzke,Luca,LEI,Centrale,24,70,40,30,40,0,0.5714,28,10,2,0,2,3,0,0,19/20,A
Bagersted,Jacob,FAG,Pivot,24,46,39,7,39,0,0.8478,5,6,3,5,14,22,0,0,19/20,A
Lagarde,Romain,RNL,Terzino Sinistro,23,81,39,42,39,0,0.4815,19,14,4,3,5,4,0,0,19/20,A
Kunkel,Yves,MTM,Ala Sinistra,26,59,38,21,38,0,0.6441,2,4,5,0,0,2,0,0,19/20,A
Musa,Zeljko,SCM,Pivot,23,48,38,10,38,0,0.7917000000000001,6,7,3,8,8,5,0,0,19/20,A
Mertens,Lukas,SCM,Ala Sinistra,27,51,37,14,36,1,0.7254999999999999,5,1,6,0,1,0,0,0,19/20,A
Korte,Mats,GWD,Ala Sinistra,26,57,37,20,37,0,0.6491,6,5,7,2,1,5,0,0,19/20,A
Minel,Quentin,HCE,Terzino Sinistro,27,75,36,39,36,0,0.48,20,23,1,0,2,1,0,0,19/20,A
Feld,Alexander,WET,Centrale,27,73,36,37,36,0,0.4932,6,11,1,0,0,2,0,0,19/20,A
Rentschler,Marco,FAG,Ala Destra,26,51,35,16,35,0,0.6862999999999999,4,2,5,0,2,1,0,0,19/20,A
Zobel,Rene,HBW,Terzino Destro,27,67,35,32,35,0,0.5224,7,5,2,3,5,17,1,0,19/20,A
Reissky,Christoph,GWD,Terzino Destro,26,77,34,43,34,0,0.4416,34,19,8,0,3,12,1,0,19/20,A
Janke,Maximilian,LEI,Centrale,25,48,33,15,33,0,0.6875,29,16,8,10,1,6,0,0,19/20,A
Jonsson,Alfred,HAN,Terzino Sinistro,21,58,33,25,33,0,0.569,11,4,1,0,0,1,0,0,19/20,A
Buchner,Vincent,HAN,Ala Sinistra,26,43,33,10,33,0,0.7674,4,2,9,0,3,0,0,0,19/20,A
Baijens,Dani,TBV,Centrale,23,65,33,32,33,0,0.5077,12,15,2,1,5,7,0,0,19/20,A
Nielsen,Jesper,RNL,Pivot,20,37,32,5,32,0,0.8649,6,3,1,9,8,10,0,0,19/20,A
Sorensen,Tim,FAG,Ala Destra,26,51,32,19,30,2,0.6275,2,2,2,0,0,0,0,0,19/20,A
Padshyvalau,Aliaksandr,GWD,Centrale,22,54,32,22,32,0,0.59,14,19,0,0,1,3,0,0,19/20,A
Wieling,Tim,TVB,Ala Destra,27,42,31,11,31,0,0.7381,3,1,3,0,0,5,0,0,19/20,A
Markotic,Robert,TVB,Terzino Destro,22,61,31,30,31,0,0.5082,19,19,2,0,3,11,0,0,19/20,A
Spath,Manuel,TVB,Pivot,26,41,30,11,30,0,0.7317,11,6,6,24,12,20,0,0,19/20,A
Rahmel,Ole,THW,Ala Destra,26,38,30,8,30,0,0.7895,1,3,5,1,2,4,0,0,19/20,A
Struck,Kevin,BER,Terzino Sinistro,26,43,30,13,30,0,0.6977,4,0,2,1,4,4,0,0,19/20,A
Heiny,Lutz,NOL,Terzino Sinistro,27,68,30,38,30,0,0.4412,21,11,0,1,2,4,0,0,19/20,A
Glandorf,Holger,SGF,Terzino Destro,24,41,29,12,29,0,0.7073,22,7,3,5,4,2,1,0,19/20,A
Johannsson,Ragnar,BHC,Terzino Destro,26,55,29,26,29,0,0.5273,6,12,3,0,6,7,0,0,19/20,A
Kalafut,Dominik,NOL,Pivot,27,39,29,10,29,0,0.7436,1,9,0,1,1,3,0,0,19/20,A
Stutzke,Lukas,BHC,Terzino Sinistro,27,53,29,24,29,0,0.5472,21,10,4,5,7,11,2,0,19/20,A
Dietrich,Gunnar,LUD,Terzino Sinistro,27,64,28,36,28,0,0.44,34,15,2,29,9,26,2,0,19/20,A
Lemke,Finn,MTM,Terzino Sinistro,22,38,28,10,28,0,0.7368000000000001,11,8,5,32,13,7,0,0,19/20,A
Zachariassen,Anders,SGF,Pivot,27,43,28,15,28,0,0.6512,5,5,2,3,6,6,0,0,19/20,A
Faluvegi,Rudolf,TVB,Terzino Sinistro,21,70,28,42,28,0,0.4,21,14,2,4,7,7,1,0,19/20,A
Fraatz,Yannick,BHC,Ala Destra,24,35,28,7,28,0,0.8,3,1,3,1,0,3,1,0,19/20,A
Pavlovic,Domagoj,MTM,Centrale,26,49,28,21,28,0,0.57,14,12,4,0,0,4,0,0,19/20,A
Overby,Petter,HCE,Pivot,15,47,28,19,28,0,0.5957,5,5,6,3,4,12,1,0,19/20,A
Steinert,Christoph,SCM,Terzino Destro,27,51,26,25,26,0,0.51,17,8,6,3,9,3,0,0,19/20,A
Dahmke,Rune,THW,Ala Sinistra,26,37,26,11,26,0,0.7027,6,5,6,1,1,4,0,0,19/20,A
Kristopans,Dainis,BER,Terzino Destro,5,36,26,10,26,0,0.7222,17,10,1,4,2,3,0,0,19/20,A
Wanne,Hampus,SGF,Ala Sinistra,9,34,25,9,12,13,0.7353000000000001,1,1,0,0,1,1,0,0,19/20,A
Damm,Sebastian,BHC,Ala Sinistra,25,45,25,20,22,3,0.5556,0,5,0,0,1,3,0,0,19/20,A
Weck,Alexander,BHC,Terzino Sinistro,22,38,25,13,19,6,0.6579,7,3,0,1,1,1,0,0,19/20,A
Schmidt,Erik,SCM,Pivot,26,34,24,10,24,0,0.7059000000000001,3,7,2,15,8,17,1,0,19/20,A
Salger,Stefan,MTM,Terzino Destro,25,43,24,19,24,0,0.5581,5,5,0,2,0,7,0,0,19/20,A
Tollbring,Jerry,RNL,Ala Sinistra,25,40,24,16,22,2,0.6,1,1,3,0,0,1,0,0,19/20,A
Mandalinic,Stipe,BER,Terzino Sinistro,27,55,24,31,24,0,0.4364,4,8,0,0,0,0,0,0,19/20,A
Szucs,Csaba,BHC,Centrale,26,48,23,25,23,0,0.4792,30,7,10,18,8,15,1,0,19/20,A
Meschke,Benjamin,HBW,Pivot,25,30,23,7,23,0,0.7667,1,11,0,3,3,17,0,0,19/20,A
Ritterbach,Joscha,GWD,Ala Sinistra,23,33,23,10,23,0,0.6970000000000001,2,7,1,0,1,3,0,0,19/20,A
Milosevic,Alen,LEI,Pivot,22,30,23,7,23,0,0.7667,2,10,2,0,8,4,0,0,19/20,A
de Boer,Luca,NOL,Pivot,27,43,23,20,23,0,0.5349,9,7,7,11,6,17,0,0,19/20,A
Asgeirsson,Elvar,TVB,Terzino Sinistro,27,40,23,17,23,0,0.575,25,14,0,1,5,7,0,0,19/20,A
Schneider,Timm,MTM,Centrale,25,36,22,14,22,0,0.6111,5,6,1,4,5,12,0,0,19/20,A
Zeitz,Christian,TVB,Terzino Destro,6,41,22,19,22,0,0.5366,10,9,1,1,2,4,0,0,19/20,A
Heymann,Sebastian,FAG,Terzino Sinistro,9,47,22,25,22,0,0.4681,16,7,3,6,2,2,0,0,19/20,A
Ignatow,Dimitri,MTM,Ala Destra,26,29,22,7,21,1,0.7585999999999999,5,5,0,0,0,1,1,0,19/20,A
Buhrer,Pascal,LUD,Centrale,24,41,22,19,22,0,0.5366,32,13,2,0,0,3,0,0,19/20,A
Fath,Steffen,RNL,Terzino Sinistro,22,44,21,23,21,0,0.4772999999999999,7,3,2,1,0,0,0,0,19/20,A
Jurecki,Michal,SGF,Terzino Sinistro,27,34,21,13,21,0,0.6175999999999999,11,11,1,1,1,6,1,0,19/20,A
Schaffer,Jan,HCE,Pivot,26,29,21,8,21,0,0.7241,4,2,2,9,4,2,0,0,19/20,A
Simak,Frederik,BER,Terzino Sinistro,27,44,21,23,17,4,0.48,13,9,3,1,4,3,0,0,19/20,A
Seidel,Lasse,NOL,Ala Sinistra,19,26,20,6,18,2,0.7692,0,2,2,0,0,1,0,0,19/20,A
Ernst,Simon,BER,Centrale,8,33,20,13,20,0,0.6061,12,2,1,0,1,3,0,0,19/20,A
Hofmann,Jannik,LUD,Ala Sinistra,19,31,20,11,20,0,0.6452,6,0,4,1,1,4,1,0,19/20,A
Baena Gonzalez,Rafael,BHC,Pivot,26,26,20,6,20,0,0.77,2,5,0,1,0,0,0,0,19/20,A
Kopljar,Marko,BER,Terzino Destro,21,33,20,13,20,0,0.61,5,6,2,12,4,4,0,0,19/20,A
Sidorowicz,Roman,MTM,Terzino Sinistro,26,35,20,15,20,0,0.5714,7,6,0,0,0,0,0,0,19/20,A
Van Olphen,Fabian,TBV,Terzino Sinistro,21,35,19,16,19,0,0.5428999999999999,18,6,3,10,10,11,0,0,19/20,A
Kogut,Andrej,TBV,Centrale,17,27,18,9,18,0,0.6667000000000001,17,14,1,0,3,3,0,0,19/20,A
Gojun,Jakov,BER,Terzino Sinistro,24,24,18,6,18,0,0.75,3,0,0,13,13,23,1,0,19/20,A
Majdzinski,Maciej,BHC,Terzino Destro,10,37,18,19,18,0,0.4865,4,4,0,0,4,1,0,0,19/20,A
Peric,Josip,FAG,Centrale,19,34,18,16,15,3,0.5294,15,13,0,0,0,2,0,0,19/20,A
Remmlinger,Jan,LUD,Terzino Sinistro,22,33,17,16,17,0,0.5152,20,6,0,6,5,12,1,0,19/20,A
De la Pena,Juan,HBW,Centrale,15,25,17,8,17,0,0.68,3,6,0,2,1,1,0,0,19/20,A
Hermann,Till,FAG,Ala Sinistra,26,22,16,6,16,0,0.7273000000000001,2,2,0,0,1,1,0,0,19/20,A
Weissgerber,Lars,WET,Ala Destra,24,27,16,11,10,6,0.5926,0,1,0,1,0,0,0,0,19/20,A
Staar,Max,GWD,Ala Destra,26,29,16,13,16,0,0.5517,1,3,3,0,3,3,1,0,19/20,A
Haider,Maximilian,LUD,Pivot,26,23,16,7,16,0,0.7,0,5,0,2,5,10,0,0,19/20,A
Muller,Michael,BER,Terzino Destro,27,26,15,11,15,0,0.5769,16,7,1,8,2,4,0,0,19/20,A
Torbrugge,Nils,WET,Pivot,27,24,15,9,15,0,0.63,2,2,3,3,6,20,1,0,19/20,A
Preuss,Moritz,SCM,Pivot,18,20,15,5,15,0,0.75,0,5,0,0,0,0,0,0,19/20,A
Zerbe,Lukas,TBV,Ala Destra,27,25,15,10,14,1,0.6,3,2,2,0,2,3,0,0,19/20,A
Chrapkowski,Piotr,SCM,Terzino Sinistro,27,22,15,7,15,0,0.6818000000000001,23,5,15,25,12,20,1,0,19/20,A
Kuzmanovski,Filip,SCM,Terzino Sinistro,27,27,15,12,15,0,0.5556,8,11,7,1,1,6,0,0,19/20,A
Prakapenia,Anton,NOL,Terzino Sinistro,18,34,15,19,15,0,0.4412,10,8,0,0,1,7,1,0,19/20,A
Leenders,Toon,NOL,Pivot,27,20,14,6,14,0,0.7,1,1,6,7,7,11,1,0,19/20,A
Norouzinezhad Gharehlou,Pouya,FAG,Terzino Sinistro,5,21,14,7,14,0,0.6667000000000001,5,5,1,1,1,2,0,0,19/20,A
Roscheck,Bastian,LEI,Pivot,26,15,13,2,13,0,0.8667,8,6,8,5,16,18,0,0,19/20,A
Feise,Hannes,HAN,Ala Sinistra,25,18,13,5,13,0,0.7222,2,0,2,0,1,1,0,0,19/20,A
Rothlisberger,Samuel,TVB,Pivot,27,18,13,5,13,0,0.7222,8,4,6,17,9,12,1,0,19/20,A
Hangstein,Fynn,TBV,Centrale,23,25,13,12,13,0,0.52,12,7,0,0,0,0,0,0,19/20,A
Reimann,Alexander,TBV,Ala Sinistra,24,17,13,4,13,0,0.7646999999999999,1,0,1,0,0,2,1,0,19/20,A
Guardiola,Gedeon,RNL,Pivot,26,20,12,8,12,0,0.6,6,3,11,26,6,4,0,0,19/20,A
Santos,Raul,LEI,Ala Sinistra,17,19,12,7,12,0,0.63,1,1,0,0,0,1,0,0,19/20,A
Hausmann,Jannik,HBW,Ala Destra,23,22,12,10,12,0,0.55,9,4,3,0,3,5,0,0,19/20,A
Terwolbeck,Alexander,NOL,Centrale,25,22,12,10,12,0,0.5455,19,12,0,0,0,1,0,0,19/20,A
Ferraz,Joao,WET,Terzino Destro,10,25,12,13,12,0,0.48,6,8,0,2,1,1,0,0,19/20,A
Smits,Kay,SCM,Terzino Destro,6,18,12,6,9,3,0.6667000000000001,1,2,0,0,0,0,0,0,19/20,A
Pusica,Miljan,GWD,Terzino Sinistro,20,26,12,14,12,0,0.4614999999999999,9,4,3,10,6,15,1,1,19/20,A
Versteijnen,Niels Gerardus,SGF,Terzino Destro,19,15,12,3,3,9,0.8,1,1,0,0,0,0,0,0,19/20,A
Suton,Tim,TBV,Centrale,7,38,11,27,11,0,0.29,18,6,0,0,2,3,0,0,19/20,A
Kirveliavicius,Romas,HBW,Terzino Sinistro,26,20,10,10,10,0,0.5,10,7,3,9,14,23,0,0,19/20,A
Danner,Felix,MTM,Pivot,19,14,9,5,9,0,0.64,7,1,3,14,13,14,0,0,19/20,A
Kneer,Stefan,WET,Terzino Sinistro,14,14,9,5,9,0,0.6429,8,4,0,3,8,8,0,0,19/20,A
Petrovsky,Leos,BHC,Pivot,8,12,8,4,8,0,0.6667000000000001,0,2,0,1,1,3,0,0,19/20,A
Krone,Jannes,HAN,Ala Destra,14,11,8,3,8,0,0.7273000000000001,1,0,1,0,0,0,0,0,19/20,A
Verjans,Nicky,NOL,Ala Destra,21,14,6,8,6,0,0.4286,0,0,2,0,0,0,0,0,19/20,A
Remke,Gregor,LEI,Terzino Destro,18,23,6,17,6,0,0.26,9,10,0,0,3,2,0,0,19/20,A
Thiele,Joshua,HAN,Pivot,25,8,6,2,6,0,0.75,3,5,1,7,10,13,0,0,19/20,A
Hald Jensen,Simon,SGF,Pivot,10,9,6,3,6,0,0.6667000000000001,2,1,2,6,3,3,0,0,19/20,A
Esche,Marc,LEI,Ala Sinistra,8,9,6,3,6,0,0.6667000000000001,0,0,0,0,0,1,0,0,19/20,A
Murawski,Martin,HCE,Ala Sinistra,23,8,5,3,5,0,0.625,0,2,0,0,0,0,0,0,19/20,A
Klein,Jannek,LUD,Terzino Destro,25,15,5,10,5,0,0.3333,3,6,2,0,0,0,0,0,19/20,A
Wagner,Hendrik,LUD,Terzino Sinistro,4,8,5,3,5,0,0.625,3,1,0,0,0,2,0,0,19/20,A
Hanne,Martin,HAN,Terzino Sinistro,8,8,5,3,5,0,0.63,1,0,0,0,1,1,0,0,19/20,A
Muller,Philipp,LEI,Terzino Sinistro,24,7,4,3,4,0,0.57,2,3,0,1,5,11,0,0,19/20,A
Schongarth,Jens,SGF,Terzino Destro,7,13,4,9,4,0,0.31,3,0,1,0,0,1,0,0,19/20,A
Kristjansson,Gisli Thorgeir,THW,Centrale,11,7,4,3,4,0,0.57,4,2,0,0,0,0,0,0,19/20,A
Gislason,Ymir Orn,RNL,Pivot,5,6,4,2,4,0,0.67,2,0,1,5,2,3,0,0,19/20,A
Quenstedt,Dario,THW,Portiere,25,3,3,0,3,0,1.0,3,0,0,1,0,0,0,0,19/20,A
Wyszomirski,Piotr,TBV,Portiere,25,4,3,1,3,0,0.75,8,0,0,0,0,0,0,0,19/20,A
Munoz Cabezon,Javier,BER,Ala Destra,6,4,3,1,2,1,0.75,0,0,0,0,0,0,0,0,19/20,A
Klimpke,Till,WET,Portiere,25,3,3,0,3,0,1.0,11,1,0,0,0,0,0,0,19/20,A
Ebner,Domenico,HAN,Portiere,27,4,3,1,3,0,0.75,1,0,1,0,0,0,0,0,19/20,A
Bartok,Donat,TBV,Terzino Destro,5,5,3,2,3,0,0.6,1,0,0,0,0,0,0,0,19/20,A
Smit,Alec,NOL,Ala Destra,11,11,3,8,3,0,0.27,0,0,0,0,0,2,0,0,19/20,A
Lesjak,Urban,HAN,Portiere,27,5,3,2,3,0,0.6,4,3,2,1,1,0,0,0,19/20,A
Mosindi,Daniel,HCE,Terzino Destro,9,5,3,2,3,0,0.6,0,2,0,0,0,0,0,0,19/20,A
Milosavljev,Dejan,BER,Portiere,14,4,3,1,3,0,0.75,3,0,0,1,0,0,0,0,19/20,A
Vortmann,Jens,LEI,Portiere,26,2,2,0,2,0,1.0,6,2,0,0,0,0,0,0,19/20,A
Horak,Pavel,THW,Terzino Sinistro,26,3,2,1,2,0,0.67,3,1,1,14,2,3,0,0,19/20,A
Bitter,Johannes,TVB,Portiere,27,3,2,1,2,0,0.67,14,3,2,0,0,1,0,0,19/20,A
Voigt,Malte,LUD,Ala Sinistra,2,4,2,2,0,2,0.5,0,0,0,0,0,2,0,0,19/20,A
Landin,Niklas,THW,Portiere,26,3,2,1,2,0,0.67,5,0,0,0,0,1,0,0,19/20,A
Nowatzki,Maximilian,GWD,Terzino Destro,11,2,2,0,2,0,1.0,0,0,0,0,0,0,0,0,19/20,A
Christensen,Espen,GWD,Portiere,21,2,2,0,2,0,1.0,9,1,0,0,0,0,0,0,19/20,A
Roller,Lars,HBW,Pivot,11,3,2,1,2,0,0.67,0,2,0,0,0,1,0,0,19/20,A
Ganz,Tim,RNL,Ala Destra,26,2,2,0,2,0,1.0,0,1,0,1,0,0,0,0,19/20,A
Lier,Marvin,SGF,Ala Sinistra,13,4,2,2,1,1,0.5,0,1,0,0,0,1,0,0,19/20,A
Ravensbergen,Bart,NOL,Portiere,27,2,2,0,2,0,1.0,4,3,0,0,0,0,0,0,19/20,A
Strosack,Moritz,HBW,Ala Destra,11,3,2,1,2,0,0.67,0,0,0,0,1,0,0,0,19/20,A
Mavers,Veit,HAN,Centrale,16,4,2,2,1,1,0.5,2,2,0,1,0,0,0,0,19/20,A
Jensen,Mike,HBW,Portiere,25,2,2,0,2,0,1.0,1,1,1,0,0,0,0,0,19/20,A
Neudeck,Oskar,FAG,Terzino Sinistro,5,2,2,0,1,1,1.0,0,0,0,0,0,0,0,0,19/20,A
Ziemer,Martin,BER,Portiere,17,1,1,0,1,0,1.0,3,1,1,1,0,0,0,0,19/20,A
Palicka,Andreas,RNL,Portiere,25,2,1,1,1,0,0.5,11,0,0,0,1,0,0,0,19/20,A
Katsigiannis,Nikolas,HCE,Portiere,27,1,1,0,1,0,1.0,8,1,0,0,0,1,0,0,19/20,A
Semisch,Malte,GWD,Portiere,26,1,1,0,1,0,1.0,5,0,0,0,0,0,0,0,19/20,A
Wiese,Jens,NOL,Terzino Sinistro,3,4,1,3,1,0,0.25,0,0,0,0,0,0,0,0,19/20,A
Pieczkowski,Niclas,LEI,Centrale,4,2,1,1,1,0,0.5,0,1,0,0,1,0,0,0,19/20,A
Rebmann,Daniel,FAG,Portiere,26,1,1,0,1,0,1.0,2,1,0,0,0,0,0,0,19/20,A
Skof,Gorazd,LUD,Portiere,16,1,1,0,1,0,1.0,9,3,1,0,1,1,0,0,19/20,A
Johannesson,Peter,TBV,Portiere,27,1,1,0,1,0,1.0,6,0,0,0,2,0,0,0,19/20,A
Birlehm,Joel,LEI,Portiere,25,1,1,0,1,0,1.0,4,0,0,0,0,0,0,0,19/20,A
Zare,Levin,NOL,Ala Sinistra,14,5,1,4,1,0,0.2,1,0,0,0,0,0,0,0,19/20,A
Abutovic,Ilija,RNL,Terzino Sinistro,26,1,1,0,1,0,1.0,1,1,8,14,13,18,1,0,19/20,A
Kastelic,Urh,FAG,Portiere,26,2,1,1,1,0,0.5,0,0,0,0,0,0,0,0,19/20,A
Bransche,Hannes,SCM,Terzino Destro,5,1,1,0,1,0,1.0,0,0,0,0,0,0,0,0,19/20,A
Weber,Ian,WET,Centrale,12,1,1,0,1,0,1.0,0,0,0,0,0,0,0,0,19/20,A
Strakeljahn,Simon,GWD,Centrale,18,2,1,1,1,0,0.5,0,0,0,0,0,0,0,0,19/20,A
Erifopoulos,Christos,FAG,Centrale,6,2,1,1,1,0,0.5,0,0,0,0,0,1,0,0,19/20,A
Heinzelmann,Tobias,HBW,Pivot,2,1,1,0,1,0,1.0,0,0,0,0,0,0,0,0,19/20,A
Heinevetter,Silvio,BER,Portiere,20,0,0,0,0,0,0.0,2,0,1,0,1,0,0,0,19/20,A
Mrkva,Tomas,BHC,Portiere,23,0,0,0,0,0,0.0,3,1,0,0,0,0,0,0,19/20,A
Heinl,Jacob,SGF,Pivot,17,0,0,0,0,0,0.0,3,0,2,12,11,10,0,0,19/20,A
Lichtlein,Carsten,HCE,Portiere,27,0,0,0,0,0,0.0,1,2,0,0,0,0,0,0,19/20,A
Putera,Milos,LEI,Portiere,1,0,0,0,0,0,0.0,0,0,0,0,0,0,0,0,19/20,A
Bozic,Vladimir,HBW,Portiere,25,0,0,0,0,0,0.0,2,0,0,0,0,0,0,0,19/20,A
Foth,Christoph,HBW,Pivot,2,0,0,0,0,0,0.0,1,0,0,1,1,0,0,0,19/20,A
Klesniks,Evars,TBV,Terzino Destro,7,0,0,0,0,0,0.0,0,1,0,5,5,7,1,0,19/20,A
Appelgren,Mikael,RNL,Portiere,26,0,0,0,0,0,0.0,5,1,0,0,0,0,0,0,19/20,A
Rudeck,Christopher,BHC,Portiere,27,0,0,0,0,0,0.0,7,0,0,0,0,0,0,0,19/20,A
Sjostrand,Johan,MTM,Portiere,24,0,0,0,0,0,0.0,0,0,0,0,0,0,0,0,19/20,A
Hanemann,Stefan,LUD,Portiere,8,0,0,0,0,0,0.0,2,1,0,0,0,0,0,0,19/20,A
Predragovic,Srdjan,FAG,Terzino Destro,15,0,0,0,0,0,0.0,0,0,0,0,0,0,0,0,19/20,A
Green,Jannick,SCM,Portiere,27,0,0,0,0,0,0.0,11,0,0,0,0,0,0,0,19/20,A
Schroder,Fynn Malte,THW,Portiere,6,0,0,0,0,0,0.0,0,0,0,0,0,0,0,0,19/20,A
Honicke,Jonas,LEI,Centrale,1,0,0,0,0,0,0.0,0,0,0,0,0,0,0,0,19/20,A
Buhrmester,Bjorn,NOL,Portiere,26,0,0,0,0,0,0.0,3,2,0,0,0,0,0,0,19/20,A
Bartels,Dennis,NOL,Portiere,1,0,0,0,0,0,0.0,0,0,0,0,0,0,0,0,19/20,A
Genz,Fredrik,BER,Portiere,5,0,0,0,0,0,0.0,0,0,0,0,0,0,0,0,19/20,A
Simic,Nebojsa,MTM,Portiere,26,0,0,0,0,0,0.0,6,0,0,0,0,0,0,0,19/20,A
Thulin,Tobias,SCM,Portiere,27,0,0,0,0,0,0.0,4,0,0,0,0,0,0,0,19/20,A
Donker,Malte,HAN,Terzino Destro,14,0,0,0,0,0,0.0,0,0,1,3,1,1,0,0,19/20,A
Kellner,Benedikt,HCE,Centrale,13,0,0,0,0,0,0.0,2,0,0,0,0,0,0,0,19/20,A
Buric,Benjamin,SGF,Portiere,27,0,0,0,0,0,0.0,5,0,0,0,1,0,0,0,19/20,A
Lehmann,Nick,TVB,Portiere,23,0,0,0,0,0,0.0,0,0,0,0,0,0,0,0,19/20,A
Backs,Fin,MTM,Ala Sinistra,3,0,0,0,0,0,0.0,0,0,0,0,0,0,0,0,19/20,A
Diebel,Niklas,HBW,Terzino Sinistro,1,0,0,0,0,0,0.0,0,0,0,0,0,0,0,0,19/20,A
Richtzenhain,Justus Nicolas,GWD,Pivot,6,0,0,0,0,0,0.0,0,1,0,0,0,0,0,0,19/20,A
Dell,Jonas,BHC,Terzino Sinistro,2,0,0,0,0,0,0.0,0,0,0,0,0,0,0,0,19/20,A
Zecher,Finn,TBV,Portiere,2,0,0,0,0,0,0.0,0,0,0,0,0,0,0,0,19/20,A
Ivanisevic,Tibor,WET,Portiere,23,0,0,0,0,0,0.0,6,0,0,0,0,0,0,0,19/20,A
Tomovski,Martin,LUD,Portiere,27,0,0,0,0,0,0.0,0,1,0,0,0,0,0,0,19/20,A
Kessler,Maximilian,RNL,Ala Sinistra,4,0,0,0,0,0,0.0,0,0,0,0,0,0,0,0,19/20,A
Sittrup Bergerud,Torbjorn,SGF,Portiere,27,0,0,0,0,0,0.0,4,0,0,0,0,0,0,0,19/20,A
Diedrich,Lukas,SCM,Portiere,1,0,0,0,0,0,0.0,0,0,0,0,0,0,0,0,19/20,A
Kurch,Justin,SCM,Pivot,1,0,0,0,0,0,0.0,0,0,0,0,0,0,0,0,19/20,A
Engelhardt,Alexander,TBV,Pivot,11,0,0,0,0,0,0.0,0,1,0,0,0,0,0,0,19/20,A
Rose,Julius,TBV,Centrale,3,0,0,0,0,0,0.0,1,0,0,0,0,0,0,0,19/20,A
Geis,Linus,TBV,Terzino Sinistro,10,0,0,0,0,0,0.0,0,0,0,0,0,0,0,0,19/20,A
Hoblaj,Leon,LUD,Portiere,3,0,0,0,0,0,0.0,0,0,0,0,0,0,0,0,19/20,A
Ruminsky,Mario,HBW,Portiere,6,0,0,0,0,0,0.0,1,0,0,0,0,0,0,0,19/20,A
Waldgenbach,Torben,WET,Terzino Sinistro,7,0,0,0,0,0,0.0,0,0,0,0,0,0,0,0,19/20,A
Pauly,Shawn,TBV,Terzino Destro,1,0,0,0,0,0,0.0,0,0,0,0,0,0,0,0,19/20,A
Goller,Axel,FAG,Ala Destra,2,0,0,0,0,0,0.0,0,0,0,0,0,0,0,0,19/20,A
Damm,Benedikt,RNL,Pivot,1,0,0,0,0,0,0.0,0,0,0,0,0,0,0,0,19/20,A
Genty,Bastien,BER,Ala Destra,2,0,0,0,0,0,0.0,0,0,0,0,0,0,0,0,19/20,A
Schluroff,Miro,BER,Terzino Sinistro,1,0,0,0,0,0,0.0,0,0,0,0,0,0,0,0,19/20,A
Adanir,Can,RNL,Portiere,1,0,0,0,0,0,0.0,0,0,0,0,0,0,0,0,19/20,A
Gruber,Jona,MTM,Centrale,1,0,0,0,0,0,0.0,0,0,0,0,0,0,0,0,19/20,A
Foege,Luis Plymford,TVB,Terzino Destro,2,0,0,0,0,0,0.0,0,0,0,0,0,0,0,0,19/20,A
Meyer-Siebert,Julius,LEI,Terzino Sinistro,1,0,0,0,0,0,0.0,0,0,0,0,0,0,0,0,19/20,A
Ahouansou,Philipp,RNL,Terzino Sinistro,1,0,0,0,0,0,0.0,0,0,0,0,0,0,0,0,19/20,A
Grabenstein,Leon,GWD,Portiere,5,0,0,0,0,0,0.0,0,0,0,0,0,0,0,0,19/20,A
Zeiler,Felix,FAG,Centrale,2,0,0,0,0,0,0.0,0,0,0,0,0,0,0,0,19/20,A
Klama,Joonas,BHC,Portiere,4,0,0,0,0,0,0.0,0,0,0,0,0,0,0,0,19/20,A
Hummel,Finn,TVB,Portiere,5,0,0,0,0,0,0.0,0,0,0,0,0,0,0,0,19/20,A
Molz,Jonas,GWD,Terzino Sinistro,2,0,0,0,0,0,0.0,0,0,0,0,0,0,0,0,19/20,A
Suljakovic,Anadin,WET,Portiere,7,0,0,0,0,0,0.0,0,0,0,0,0,0,0,0,19/20,A
Schulze,Alexander,TVB,Ala Sinistra,1,0,0,0,0,0,0.0,0,0,0,0,0,0,0,0,19/20,A
Ehrig,Sven,THW,Ala Destra,3,0,0,0,0,0,0.0,0,1,0,0,0,0,0,0,19/20,A
Persson,Jorn,SGF,Centrale,1,0,0,0,0,0,0.0,0,0,0,0,0,0,0,0,19/20,A
Maier,Andreas,TVB,Ala Sinistra,4,0,0,0,0,0,0.0,0,0,0,0,0,0,0,0,19/20,A
Schneibel,Jannis,RNL,Centrale,2,0,0,0,0,0,0.0,0,0,0,0,0,0,0,0,19/20,A
Ebeling,Mikkel,SGF,Ala Sinistra,6,0,0,0,0,0,0.0,0,0,0,0,0,0,0,0,19/20,A
Nicolaus,Fynn-Luca,TVB,Terzino Sinistro,4,0,0,0,0,0,0.0,0,0,0,0,0,0,0,0,19/20,A
Bauer,Stefan,HCE,Pivot,3,0,0,0,0,0,0.0,0,0,0,0,0,0,0,0,19/20,A
Eggert,Glenn-Louis,MTM,Portiere,2,0,0,0,0,0,0.0,0,0,0,0,0,0,0,0,19/20,A
Ala Sanchez,Sergi,BER,Ala Destra,1,0,0,0,0,0,0.0,0,0,0,0,0,0,0,0,19/20,A
Gierse,Niklas,RNL,Portiere,3,0,0,0,0,0,0.0,0,0,0,0,0,0,0,0,19/20,A
Ludwig,Lasse,BER,Portiere,1,0,0,0,0,0,0.0,0,0,0,0,0,0,0,0,19/20,A
Kranzmann,Florian,GWD,Ala Sinistra,2,0,0,0,0,0,0.0,0,0,0,0,0,0,0,0,19/20,A
Hartwich,Soren,SGF,Terzino Destro,3,0,0,0,0,0,0.0,0,0,0,0,0,0,0,0,19/20,A
Magnusson,Omar Ingi,SCM,Terzino Destro,38,400,274,126,140,134,0.685,91,59,10,3,6,11,0,0,20/21,A
Schiller,Marcel,FAG,Ala Sinistra,38,378,270,108,150,120,0.7143,10,6,24,0,2,6,0,0,20/21,A
Elisson,Bjarki Mar,TBV,Ala Sinistra,37,340,254,86,159,95,0.7471,5,17,12,0,1,4,0,0,20/21,A
Weber,Robert,NOL,Ala Destra,38,338,235,103,120,115,0.6953,17,15,17,0,4,7,0,0,20/21,A
Wanne,Hampus,SGF,Ala Sinistra,36,321,230,91,139,91,0.7165,18,15,6,0,2,2,0,0,20/21,A
Kristjansson,Viggo,TVB,Terzino Destro,38,371,230,141,142,88,0.6199,74,57,6,1,4,8,0,0,20/21,A
Kuhn,Julius,MTM,Terzino Sinistro,38,366,211,155,211,0,0.5765,103,63,9,13,16,22,1,0,20/21,A
Ekberg,Niclas,THW,Ala Destra,33,264,205,59,107,98,0.7765000000000001,11,7,14,3,1,3,0,0,20/21,A
Billek,Florian,COB,Ala Destra,38,285,204,81,158,46,0.7158,18,38,8,0,1,7,0,0,20/21,A
Lindberg,Hans,BER,Ala Destra,34,255,197,58,86,111,0.7725,17,9,6,0,1,3,0,0,20/21,A
Beyer,Noah,TUE,Ala Sinistra,34,270,195,75,102,93,0.7222,10,14,11,2,4,2,0,0,20/21,A
Kastening,Timo,MTM,Ala Destra,38,254,194,60,159,35,0.7637999999999999,11,15,14,1,0,1,0,0,20/21,A
Rambo,Christoffer,GWD,Terzino Destro,38,395,187,208,182,5,0.4734,131,63,32,10,13,19,1,0,20/21,A
Wagner,Hendrik,LUD,Terzino Sinistro,37,346,182,164,173,9,0.526,27,34,5,8,6,13,0,0,20/21,A
Gottfridsson,Jim,SGF,Centrale,38,243,177,66,162,15,0.7284,210,55,21,1,13,12,1,0,20/21,A
Jeppsson,Simon,HCE,Terzino Sinistro,33,318,177,141,159,18,0.5566,125,60,0,2,4,1,0,0,20/21,A
Sagosen,Sander,THW,Centrale,34,291,175,116,155,20,0.6014,147,22,11,4,7,3,0,0,20/21,A
Hafner,Kai,MTM,Terzino Destro,36,297,168,129,168,0,0.5657,134,44,4,0,7,7,0,0,20/21,A
Schmid,Andy,RNL,Centrale,38,311,167,144,140,27,0.537,114,42,6,0,4,4,0,0,20/21,A
Lipovina,Vladan,HBW,Terzino Destro,36,343,167,176,167,0,0.4869,71,48,6,2,6,4,0,0,20/21,A
Gensheimer,Uwe,RNL,Ala Sinistra,30,226,163,63,94,69,0.7212000000000001,9,3,6,0,7,10,0,0,20/21,A
Knorr,Juri,GWD,Centrale,35,298,161,137,130,31,0.5403,84,36,24,6,4,6,0,0,20/21,A
Krzikalla,Lucas,LEI,Ala Destra,38,212,156,56,57,99,0.7358,5,11,8,2,2,1,0,0,20/21,A
Rubin,Lenny,WET,Terzino Sinistro,38,268,155,113,153,2,0.5784,54,36,9,13,14,16,1,0,20/21,A
Martinovic,Ivan,HAN,Terzino Destro,34,257,155,102,103,52,0.6031,67,29,8,1,3,4,0,0,20/21,A
Heymann,Sebastian,FAG,Terzino Sinistro,37,236,148,88,148,0,0.6271,91,56,14,18,12,13,1,0,20/21,A
Mertens,Lukas,SCM,Ala Sinistra,38,196,148,48,148,0,0.7551000000000001,13,11,28,0,0,0,0,0,20/21,A
Bjornsen,Kristian,WET,Ala Destra,37,186,144,42,143,1,0.7742,25,17,5,0,8,7,0,0,20/21,A
Gulliksen,Kevin Maageroe,GWD,Ala Destra,38,208,142,66,125,17,0.6827,6,6,15,0,4,6,0,0,20/21,A
Golla,Johannes,SGF,Pivot,32,184,140,44,140,0,0.7609,11,17,10,20,12,9,0,0,20/21,A
Hansen,Johan,HAN,Ala Destra,36,199,140,59,91,49,0.7034999999999999,6,3,6,2,2,3,0,0,20/21,A
Gutbrod,Fabian,BHC,Terzino Sinistro,34,248,138,110,138,0,0.5565,24,30,1,0,1,2,0,0,20/21,A
Binder,Lukas,LEI,Ala Sinistra,37,193,137,56,137,0,0.7098,21,18,21,0,5,5,0,0,20/21,A
Andersson,Lasse Bredekjaer,BER,Terzino Sinistro,37,249,137,112,136,1,0.5502,74,33,11,4,5,11,1,0,20/21,A
Damgaard,Michael,SCM,Terzino Sinistro,35,233,136,97,136,0,0.5837,50,38,1,1,0,0,0,0,20/21,A
Weber,Philipp,LEI,Centrale,37,257,135,122,126,9,0.5253,112,47,4,2,1,10,0,0,20/21,A
Lindskog,Anton,WET,Pivot,36,167,135,32,135,0,0.8084,28,24,16,43,16,29,1,0,20/21,A
Reinkind,Harald,THW,Terzino Destro,38,225,134,91,134,0,0.5956,61,24,3,2,4,5,0,0,20/21,A
Firnhaber,Sebastian,HCE,Pivot,38,185,133,52,133,0,0.7189,11,26,10,27,17,23,3,0,20/21,A
Firnhaber,Lucas,TUE,Terzino Destro,38,276,133,143,133,0,0.4819,75,46,5,3,8,13,1,0,20/21,A
Kohlbacher,Jannik,RNL,Pivot,31,168,132,36,132,0,0.7857,6,22,3,2,7,5,0,0,20/21,A
Holst,Maximilian,WET,Ala Sinistra,34,181,130,51,44,86,0.7182,11,3,5,2,1,2,0,0,20/21,A
Duvnjak,Domagoj,THW,Centrale,37,215,130,85,130,0,0.6047,79,17,18,4,6,10,1,0,20/21,A
Lonn,Adam,TVB,Terzino Sinistro,34,249,127,122,127,0,0.51,64,42,4,23,7,13,1,0,20/21,A
Zelenovic,Nemanja,FAG,Terzino Destro,38,227,127,100,127,0,0.5595,69,59,7,1,6,9,0,0,20/21,A
Darj,Max,BHC,Pivot,36,160,126,34,126,0,0.7875,10,32,10,17,21,13,0,0,20/21,A
Schmidt,David,BHC,Terzino Destro,35,261,125,136,125,0,0.4789,42,42,7,4,10,18,0,0,20/21,A
Zechel,Tim,TUE,Pivot,38,181,124,57,124,0,0.6851,22,46,21,22,16,24,0,0,20/21,A
Vorlicek,Philipp,NOL,Terzino Destro,36,211,123,88,123,0,0.5829,36,46,10,6,14,17,0,0,20/21,A
Cavor,Stefan,WET,Terzino Destro,24,199,122,77,122,0,0.6131,72,42,6,3,6,5,0,0,20/21,A
Mensah Larsen,Mads,SGF,Centrale,37,218,119,99,119,0,0.5459,89,25,3,3,2,2,0,0,20/21,A
Nothdurft,Tim,HBW,Ala Sinistra,37,159,119,40,119,0,0.7484000000000001,7,10,7,3,2,2,0,0,20/21,A
Gunnarsson,Arnor Thor,BHC,Ala Destra,31,168,118,50,54,64,0.7023999999999999,6,7,5,0,0,0,0,0,20/21,A
Gretarsson,Oddur,HBW,Ala Sinistra,35,157,118,39,37,81,0.7515999999999999,5,5,5,1,0,4,0,0,20/21,A
Rod,Magnus,SGF,Terzino Destro,38,190,117,73,117,0,0.6158,75,30,19,20,6,15,0,0,20/21,A
O'Sullivan,Christian,SCM,Centrale,37,187,116,71,116,0,0.6203,97,37,13,5,10,10,0,0,20/21,A
Marsenic,Mijajlo,BER,Pivot,38,163,116,47,116,0,0.7117,9,42,9,42,16,31,0,0,20/21,A
Zieker,Patrick,TVB,Ala Sinistra,36,163,113,50,113,0,0.6933,18,16,17,0,2,2,0,0,20/21,A
Wiede,Fabian,BER,Terzino Destro,37,184,112,72,110,2,0.6087,145,34,13,8,5,6,0,0,20/21,A
Varvne,Tobias,COB,Terzino Sinistro,32,205,112,93,112,0,0.5463,31,46,2,4,8,8,1,0,20/21,A
Kozina,Kresimir,FAG,Pivot,38,150,111,39,108,3,0.74,13,40,4,8,5,24,1,0,20/21,A
Holm,Jacob,BER,Centrale,33,173,111,62,111,0,0.6416,26,27,3,0,1,6,1,0,20/21,A
Groetzki,Patrick,RNL,Ala Destra,34,145,110,35,109,1,0.7585999999999999,27,9,15,1,1,1,0,0,20/21,A
Pekeler,Hendrik,THW,Pivot,37,129,109,20,109,0,0.845,14,9,11,17,10,15,2,0,20/21,A
Muller,Justin,TUE,Centrale,38,199,109,90,102,7,0.5477000000000001,102,54,12,5,10,13,0,0,20/21,A
Schoch,Jona,HBW,Terzino Sinistro,34,209,107,102,107,0,0.512,60,51,1,16,7,21,1,0,20/21,A
Tollbring,Jerry,RNL,Ala Sinistra,36,143,107,36,91,16,0.7483,10,8,4,2,0,1,0,0,20/21,A
Arnesson,Linus,BHC,Centrale,32,221,107,114,101,6,0.4842,100,47,16,10,8,6,0,0,20/21,A
Pehlivan,Doruk,GWD,Terzino Sinistro,31,201,107,94,107,0,0.5323,47,31,10,24,6,10,1,0,20/21,A
Carlsbogard,Jonathan,TBV,Terzino Sinistro,29,194,106,88,106,0,0.5464,91,28,14,13,5,4,0,0,20/21,A
Schroder,Andreas,COB,Terzino Sinistro,33,220,105,115,105,0,0.4772999999999999,56,40,10,13,4,4,0,0,20/21,A
Pohle,Georg,NOL,Terzino Sinistro,34,255,104,151,97,7,0.4078,81,30,9,14,14,29,3,0,20/21,A
Pavlovic,Domagoj,MTM,Centrale,34,157,103,54,103,0,0.6561,55,24,5,1,10,16,0,0,20/21,A
Mappes,Dominik,LUD,Centrale,33,166,102,64,102,0,0.6145,79,37,7,1,5,8,0,0,20/21,A
Grozdanic,Milos,COB,Ala Sinistra,29,160,101,59,48,53,0.6313,1,9,8,0,4,4,1,0,20/21,A
Zeman,Stepan,COB,Pivot,38,129,100,29,100,0,0.7752,5,24,2,22,21,37,2,0,20/21,A
Nilsson,Lukas,RNL,Terzino Sinistro,37,197,99,98,99,0,0.5,67,22,1,0,0,3,0,0,20/21,A
Buchner,Vincent,HAN,Ala Sinistra,35,125,98,27,98,0,0.78,3,7,27,0,1,5,0,0,20/21,A
Saueressig,Lukas,HBW,Centrale,38,171,98,73,98,0,0.5731,132,53,8,8,13,8,1,0,20/21,A
Sogard,Goran,SGF,Terzino Sinistro,38,158,98,60,98,0,0.6203,49,19,6,1,7,6,0,0,20/21,A
Cederholm,Andreas,TBV,Terzino Destro,27,190,97,93,97,0,0.5105,35,37,7,1,0,3,0,0,20/21,A
Wiesmach,Patrick,LEI,Ala Destra,31,133,97,36,93,4,0.7293000000000001,5,4,16,0,1,4,0,0,20/21,A
Ivic,Sime,HCE,Terzino Destro,20,152,96,56,56,40,0.6315999999999999,29,20,5,5,4,12,0,0,20/21,A
Mickal,Pavel,NOL,Ala Sinistra,38,146,95,51,85,10,0.6507,6,7,11,0,2,7,1,0,20/21,A
Durak,Pascal,LUD,Ala Destra,31,148,94,54,42,52,0.6351,9,10,2,0,2,3,0,0,20/21,A
Boomhouwer,Jeffrey,BHC,Ala Sinistra,38,145,94,51,77,17,0.6483,7,5,8,1,1,4,1,0,20/21,A
Gebala,Maciej,LEI,Pivot,37,111,94,17,94,0,0.8468000000000001,8,26,14,19,11,14,1,0,20/21,A
Valiullin,Azat,LUD,Terzino Sinistro,37,201,93,108,93,0,0.4627,23,32,11,19,13,17,0,0,20/21,A
Muller,Jerome,TVB,Terzino Destro,35,161,93,68,93,0,0.5776,38,24,7,1,3,16,0,0,20/21,A
Brozovic,Ilija,HAN,Pivot,36,116,92,24,92,0,0.7931,9,30,8,17,13,17,2,0,20/21,A
Bissel,Christopher,HCE,Ala Sinistra,38,129,92,37,92,0,0.7132,19,12,26,0,4,14,0,0,20/21,A
Zerbe,Lukas,TBV,Ala Destra,34,121,92,29,85,7,0.7603,6,8,12,1,3,1,0,0,20/21,A
Lagergren,Albin,RNL,Terzino Destro,32,149,91,58,91,0,0.6107,74,30,13,1,6,8,0,0,20/21,A
Kneule,Tim,FAG,Centrale,38,154,90,64,90,0,0.5844,51,24,8,5,9,18,0,0,20/21,A
Svan,Lasse,SGF,Ala Destra,38,123,90,33,90,0,0.7317,5,2,8,1,2,4,0,0,20/21,A
Hafner,Max,TVB,Centrale,37,175,90,85,90,0,0.5143,55,35,4,2,5,5,0,0,20/21,A
Peshevski,Zarko,TVB,Pivot,38,123,90,33,90,0,0.7317,1,28,0,0,1,2,0,0,20/21,A
Weiss,Dominik,TVB,Terzino Sinistro,38,182,88,94,88,0,0.48,33,31,10,21,11,19,0,0,20/21,A
Jonsson,Alfred,HAN,Terzino Sinistro,28,140,88,52,88,0,0.63,53,16,3,0,0,3,0,0,20/21,A
Zetterman,Pontus,COB,Terzino Destro,36,183,87,96,86,1,0.4754,136,55,11,3,6,7,0,0,20/21,A
Cehte,Nejc,HAN,Terzino Destro,36,176,87,89,87,0,0.4943,49,32,15,5,6,6,0,0,20/21,A
Wiencek,Patrick,THW,Pivot,32,108,83,25,83,0,0.7685,11,13,8,20,12,14,0,0,20/21,A
Klingler,Felix,TUE,Ala Destra,37,120,83,37,55,28,0.6917,8,8,10,0,2,2,0,0,20/21,A
Morante Maldonado,Eloy,TUE,Centrale,37,126,83,43,83,0,0.6587000000000001,67,42,18,1,8,14,1,0,20/21,A
Reichmann,Tobias,MTM,Ala Destra,32,114,82,32,30,52,0.7193,1,5,0,0,3,4,0,0,20/21,A
Dahmke,Rune,THW,Ala Sinistra,37,109,82,27,82,0,0.7523000000000001,11,6,7,0,2,2,0,0,20/21,A
Pettersson,Daniel,SCM,Ala Destra,38,113,82,31,82,0,0.7256999999999999,9,4,2,0,1,3,0,0,20/21,A
Metzner,Antonio,HCE,Terzino Destro,21,152,81,71,81,0,0.5329,17,13,2,3,4,5,0,0,20/21,A
Kirkelokke,Niclas,RNL,Terzino Destro,38,138,78,60,78,0,0.5652,42,20,5,1,3,9,0,0,20/21,A
Pfattheicher,Sascha,TVB,Ala Destra,38,129,77,52,77,0,0.6,5,4,15,0,2,4,0,0,20/21,A
Kalafut,Dominik,NOL,Pivot,34,108,77,31,76,1,0.713,3,17,1,6,12,20,1,0,20/21,A
Baijens,Dani,TBV,Centrale,37,130,77,53,77,0,0.5922999999999999,48,32,2,2,7,6,0,0,20/21,A
Norouzinezhad Gharehlou,Pouya,COB,Terzino Sinistro,32,134,75,59,75,0,0.5597,34,31,4,0,5,13,1,0,20/21,A
Guardiola,Gedeon,TBV,Pivot,38,102,74,28,74,0,0.7254999999999999,24,15,26,35,5,17,0,0,20/21,A
Witzke,Luca,LEI,Centrale,21,112,74,38,74,0,0.6607,55,17,2,1,3,0,0,0,20/21,A
Ignatow,Dimitri,TUE,Ala Destra,38,107,74,33,72,2,0.6916,9,13,13,1,5,3,0,0,20/21,A
Bohm,Fabian,HAN,Terzino Sinistro,31,149,73,76,73,0,0.4899,45,33,2,7,10,14,1,0,20/21,A
Drux,Paul,BER,Terzino Sinistro,32,108,72,36,72,0,0.6667000000000001,37,19,5,11,5,8,0,0,20/21,A
Bezjak,Marko,SCM,Centrale,36,103,72,31,72,0,0.6990000000000001,88,39,15,0,11,6,0,0,20/21,A
Korte,Mats,GWD,Ala Sinistra,38,105,72,33,48,24,0.6857,7,4,12,5,1,1,0,0,20/21,A
Kunkel,Yves,MTM,Ala Sinistra,35,113,71,42,71,0,0.6283,6,6,10,0,3,4,0,0,20/21,A
Ellebaek,Tobias,FAG,Terzino Sinistro,35,129,71,58,71,0,0.5504,49,27,3,1,0,6,0,0,20/21,A
Weinhold,Steffen,THW,Terzino Destro,37,111,70,41,70,0,0.6306,43,29,11,2,7,10,1,0,20/21,A
Maric,Marino,MTM,Pivot,38,90,69,21,69,0,0.7667,4,24,1,2,3,9,0,0,20/21,A
Miedema,Patrick,NOL,Centrale,36,113,69,44,69,0,0.6106,52,38,1,1,3,7,0,0,20/21,A
Hanne,Martin,HAN,Terzino Sinistro,38,127,69,58,69,0,0.5433,33,27,2,0,3,6,0,0,20/21,A
Remke,Gregor,LEI,Terzino Destro,36,138,68,70,68,0,0.4928,63,40,3,1,6,11,0,0,20/21,A
Mamic,Marko,LEI,Terzino Sinistro,35,139,67,72,67,0,0.482,93,44,22,41,14,19,1,0,20/21,A
Sellin,Johannes,HCE,Ala Destra,32,94,66,28,48,18,0.7021,14,4,2,0,2,7,0,0,20/21,A
Forsell Schefvert,Olle,WET,Terzino Sinistro,24,105,66,39,66,0,0.6286,50,26,3,13,9,7,0,0,20/21,A
Zarabec,Miha,THW,Centrale,37,119,66,53,66,0,0.5546,70,27,4,1,1,1,0,0,20/21,A
Fredriksen,Magnus,WET,Centrale,36,112,66,46,66,0,0.5893,88,42,2,0,3,4,0,0,20/21,A
Thomann,Gregor,HBW,Ala Destra,32,90,65,25,41,24,0.7222,4,7,7,3,1,1,0,0,20/21,A
Babak,Tomas,BHC,Centrale,36,105,65,40,65,0,0.619,48,38,6,1,2,3,0,0,20/21,A
Matthes,Tim,BER,Ala Sinistra,38,101,65,36,65,0,0.6436,6,4,5,0,1,4,0,0,20/21,A
Kuzmanovski,Filip,HAN,Terzino Sinistro,35,111,65,46,59,6,0.5856,57,34,9,7,4,12,1,0,20/21,A
Olsson,Hampus,HCE,Ala Destra,33,89,64,25,63,1,0.72,4,8,1,0,1,5,0,0,20/21,A
Hornke,Tim,SCM,Ala Destra,38,91,63,28,50,13,0.6923,12,2,14,0,2,1,0,0,20/21,A
Steinhauser,Marius,SGF,Ala Destra,36,88,63,25,54,9,0.7159,1,4,4,0,1,6,0,0,20/21,A
Neuhaus,Max,LUD,Centrale,38,96,63,33,46,17,0.6563,20,12,0,0,1,0,0,0,20/21,A
Stutzke,Lukas,BHC,Terzino Sinistro,37,126,62,64,62,0,0.4921,9,8,4,5,4,11,0,0,20/21,A
Pevnov,Evgeni,HAN,Pivot,35,94,61,33,61,0,0.6489,8,11,12,32,15,13,1,0,20/21,A
Vujovic,Milos,BER,Ala Sinistra,21,89,61,28,47,14,0.6854,6,7,6,0,3,2,0,0,20/21,A
Becher,Lukas,TUE,Ala Sinistra,38,83,61,22,61,0,0.7349,5,4,10,2,0,2,0,0,20/21,A
Guardiola,Isaias,TBV,Terzino Destro,37,121,60,61,60,0,0.4959,65,29,26,10,11,11,0,0,20/21,A
Mellegard,Emil,WET,Ala Sinistra,37,91,59,32,57,2,0.6484000000000001,12,1,9,1,1,0,0,0,20/21,A
Stegefelt,Markus,NOL,Terzino Sinistro,33,112,58,54,44,14,0.5179,29,18,3,1,3,7,0,0,20/21,A
Remmlinger,Jan,LUD,Terzino Sinistro,32,91,57,34,57,0,0.6264,12,11,10,1,5,15,0,0,20/21,A
Richtzenhain,Justus Nicolas,GWD,Pivot,38,73,56,17,56,0,0.7670999999999999,2,12,0,1,6,11,1,0,20/21,A
Szczesny,Dennis,TUE,Terzino Sinistro,33,101,54,47,54,0,0.5347,46,29,5,18,7,23,2,0,20/21,A
Terwolbeck,Alexander,NOL,Centrale,38,85,53,32,53,0,0.6235,58,47,0,0,2,1,0,0,20/21,A
Timm,Marcel,TBV,Pivot,36,76,53,23,53,0,0.6973999999999999,10,26,5,17,10,19,0,0,20/21,A
Larsen,Martin,LEI,Terzino Destro,26,96,53,43,53,0,0.5521,28,24,4,0,6,10,0,0,20/21,A
Musa,Zeljko,SCM,Pivot,38,73,52,21,52,0,0.7123,4,12,7,11,8,11,0,0,20/21,A
Klimek,Christian,LUD,Pivot,31,66,50,16,50,0,0.7576,2,7,1,20,10,24,2,0,20/21,A
Weissgerber,Lars,WET,Ala Destra,38,78,50,28,38,12,0.64,7,3,3,0,2,3,0,0,20/21,A
Meister,Lucas,GWD,Pivot,23,74,50,24,50,0,0.6757,7,10,2,5,10,9,3,0,20/21,A
Possehl,Julian,NOL,Terzino Destro,38,95,49,46,49,0,0.5158,45,37,8,3,5,22,1,0,20/21,A
Wiederstein,Fabian,HBW,Pivot,31,70,49,21,49,0,0.7,4,14,1,8,14,20,1,0,20/21,A
Gullerud,Magnus,SCM,Pivot,33,63,49,14,49,0,0.7778,8,13,7,10,12,15,1,0,20/21,A
Zobel,Rene,HBW,Terzino Destro,34,98,49,49,49,0,0.5,11,14,9,2,4,8,2,0,20/21,A
Buhrer,Pascal,LUD,Centrale,35,83,49,34,49,0,0.5904,23,25,2,0,2,6,1,0,20/21,A
Schagen,Bobby,TBV,Ala Destra,37,71,48,23,48,0,0.6761,22,8,8,0,4,1,0,0,20/21,A
von Gruchalla,Florian,HCE,Ala Destra,33,79,46,33,13,33,0.5822999999999999,2,5,0,1,1,0,0,0,20/21,A
Ritterbach,Joscha,GWD,Ala Sinistra,37,62,46,16,46,0,0.7419,3,6,1,0,1,8,1,0,20/21,A
Bagersted,Jacob,FAG,Pivot,38,65,46,19,46,0,0.7077,11,11,7,32,19,30,2,0,20/21,A
Kopljar,Marko,BER,Terzino Destro,35,74,46,28,46,0,0.62,18,18,2,6,4,4,0,0,20/21,A
Haider,Maximilian,LUD,Pivot,37,64,46,18,46,0,0.7188,8,22,5,12,13,22,0,0,20/21,A
Lagarde,Romain,RNL,Terzino Sinistro,33,93,46,47,46,0,0.4946,52,23,8,2,1,7,0,0,20/21,A
Strosack,Moritz,HBW,Ala Destra,36,73,46,27,46,0,0.6301,7,8,5,0,1,3,0,0,20/21,A
Spross,Felix,COB,Ala Sinistra,38,80,45,35,44,1,0.5625,3,6,3,1,0,4,0,0,20/21,A
Falk,Alexander,LUD,Ala Destra,28,73,45,28,45,0,0.62,6,5,14,0,1,4,0,0,20/21,A
Simak,Frederik,TBV,Terzino Sinistro,23,85,45,40,45,0,0.5294,33,21,9,4,5,8,0,0,20/21,A
Bozic-Pavletic,Josip,FAG,Ala Destra,23,64,45,19,45,0,0.7,5,10,12,0,4,9,0,0,20/21,A
Kellner,Benedikt,HCE,Centrale,33,73,44,29,44,0,0.6027,42,48,2,0,5,10,0,0,20/21,A
Suton,Tim,TBV,Centrale,11,75,43,32,43,0,0.5733,26,16,2,2,2,6,1,0,20/21,A
Milosevic,Alen,LEI,Pivot,34,64,43,21,43,0,0.6718999999999999,10,12,10,9,7,16,1,0,20/21,A
Scott,James,HBW,Terzino Sinistro,19,81,43,38,43,0,0.5309,7,23,4,2,4,4,0,0,20/21,A
Koch,Johan,BER,Pivot,35,58,42,16,42,0,0.7241,8,15,2,0,2,8,0,0,20/21,A
Michalczik,Marian,BER,Terzino Sinistro,33,71,42,29,42,0,0.5915,29,22,3,4,4,8,0,0,20/21,A
Srsen,Ivan,WET,Terzino Destro,37,67,42,25,42,0,0.6269,27,19,4,1,7,15,0,0,20/21,A
Schulze,Alexander,TVB,Ala Sinistra,35,57,42,15,39,3,0.7368000000000001,0,2,4,0,1,0,0,0,20/21,A
Ehrig,Sven,THW,Ala Destra,32,65,42,23,42,0,0.6462,2,2,10,1,1,4,0,0,20/21,A
Landin,Magnus,THW,Ala Sinistra,35,60,41,19,38,3,0.6833,9,8,9,2,2,8,0,0,20/21,A
Goller,Axel,FAG,Ala Destra,38,58,41,17,28,13,0.7069,4,2,2,0,2,2,0,0,20/21,A
Mavers,Veit,HAN,Centrale,38,71,41,30,40,1,0.5775,51,32,0,0,0,5,0,0,20/21,A
Pieczkowski,Niclas,LEI,Centrale,23,87,40,47,40,0,0.4598,29,31,3,2,2,11,0,0,20/21,A
Scholz,Jonathan,LUD,Ala Sinistra,30,53,40,13,40,0,0.7547,7,7,1,0,5,9,0,0,20/21,A
Zintel,Bjorn,HBW,Centrale,32,74,40,34,40,0,0.5405,18,10,3,0,1,0,0,0,20/21,A
Steinert,Christoph,SCM,Terzino Destro,38,60,39,21,38,1,0.65,14,10,6,2,10,10,0,0,20/21,A
Preuss,Moritz,SCM,Pivot,38,54,39,15,39,0,0.7222,2,10,0,1,1,1,0,0,20/21,A
Kristjansson,Gisli Thorgeir,SCM,Centrale,21,55,39,16,39,0,0.7091,27,9,1,0,1,1,0,0,20/21,A
Sunnefeldt,Oskar,THW,Terzino Sinistro,36,71,39,32,39,0,0.5493,20,8,10,2,2,10,0,0,20/21,A
de Boer,Luca,NOL,Pivot,29,64,37,27,37,0,0.5781000000000001,9,23,3,16,13,17,1,0,20/21,A
Mikkelsen,Lasse Reinhold,MTM,Centrale,38,65,36,29,30,6,0.5538000000000001,19,9,0,0,1,4,0,0,20/21,A
Klein,Jannek,LUD,Terzino Destro,37,74,36,38,36,0,0.4865,16,29,2,2,1,3,0,0,20/21,A
Nikolaisen,Tom Kare,BHC,Pivot,35,47,36,11,36,0,0.7659999999999999,4,18,3,16,12,18,0,0,20/21,A
Patrail,Mait,RNL,Terzino Sinistro,38,56,35,21,35,0,0.63,28,15,10,12,9,11,0,0,20/21,A
Rozman,Tim,TUE,Terzino Destro,34,81,35,46,35,0,0.4321,43,25,4,2,4,15,0,0,20/21,A
Chrintz,Valter,BER,Ala Destra,36,63,35,28,28,7,0.5556,2,3,6,0,1,2,0,0,20/21,A
Fath,Steffen,HCE,Terzino Sinistro,20,70,34,36,34,0,0.4857,26,12,1,1,4,4,0,0,20/21,A
Gempp,Patrick,WET,Pivot,38,45,34,11,34,0,0.76,4,11,2,0,0,1,0,0,20/21,A
Staar,Max,GWD,Ala Destra,32,50,34,16,34,0,0.68,5,7,9,0,2,7,0,0,20/21,A
Fraatz,Yannick,BHC,Ala Destra,20,36,34,2,29,5,0.9444,0,5,4,1,0,1,0,0,20/21,A
Beciri,Kristian,HBW,Pivot,17,47,34,13,34,0,0.7234,4,5,1,13,4,9,1,0,20/21,A
Mosindi,Daniel,HCE,Terzino Destro,27,69,34,35,34,0,0.4928,22,24,2,4,3,7,0,0,20/21,A
Danner,Felix,MTM,Pivot,35,50,33,17,33,0,0.66,11,8,8,16,8,19,1,0,20/21,A
Dietrich,Gunnar,LUD,Terzino Sinistro,36,74,33,41,33,0,0.4459,38,27,3,37,18,25,1,0,20/21,A
Budel,Nico,HCE,Centrale,26,69,33,36,33,0,0.4783,25,22,5,1,8,13,2,0,20/21,A
Nenadic,Drasko,COB,Terzino Sinistro,34,76,33,43,33,0,0.4342,27,22,14,7,8,14,0,0,20/21,A
Hald Jensen,Simon,SGF,Pivot,36,41,33,8,33,0,0.8049,1,6,5,40,11,20,1,0,20/21,A
Niemeyer,Marcel,HBW,Pivot,12,51,32,19,32,0,0.6275,0,4,0,0,4,9,0,0,20/21,A
Schaffer,Jan,HCE,Pivot,38,41,32,9,32,0,0.7805,11,4,11,12,5,18,1,0,20/21,A
Pettersson,Alexander,SGF,Terzino Destro,26,54,31,23,31,0,0.5740999999999999,18,13,4,2,1,3,0,0,20/21,A
Hangstein,Fynn,TBV,Centrale,38,64,31,33,31,0,0.48,11,5,1,0,1,0,0,0,20/21,A
Schluroff,Miro,GWD,Terzino Sinistro,26,78,31,47,31,0,0.3974,6,11,2,1,1,2,0,0,20/21,A
Thiele,Joshua,GWD,Pivot,33,48,30,18,30,0,0.63,5,9,3,12,9,21,2,0,20/21,A
Mirkulovski,Filip,WET,Centrale,35,42,29,13,29,0,0.6905,19,24,5,1,0,1,0,0,20/21,A
Neuhold,Christoph,COB,Centrale,32,72,29,43,29,0,0.4028,19,19,1,1,0,0,0,0,20/21,A
Henningsson,Philip,WET,Terzino Sinistro,38,47,28,19,28,0,0.5957,20,7,6,13,8,16,0,0,20/21,A
Jondal,Magnus,SGF,Ala Sinistra,38,46,28,18,26,2,0.6087,0,0,3,0,1,2,0,0,20/21,A
Overby,Petter,HCE,Pivot,21,36,28,8,28,0,0.7778,5,8,1,10,7,16,0,0,20/21,A
Majdzinski,Maciej,BHC,Terzino Destro,15,48,27,21,27,0,0.5625,11,10,0,0,1,4,0,0,20/21,A
Feise,Hannes,HAN,Ala Sinistra,36,48,27,21,27,0,0.5625,6,3,7,8,6,19,1,0,20/21,A
Salger,Stefan,MTM,Terzino Destro,38,50,26,24,26,0,0.52,7,8,0,1,1,8,0,0,20/21,A
Hermann,Till,FAG,Ala Sinistra,38,32,25,7,25,0,0.7813,3,6,2,0,1,2,0,0,20/21,A
Jaeger,Max,HCE,Ala Sinistra,26,35,25,10,25,0,0.7143,2,4,4,0,0,5,0,0,20/21,A
Smarason,Janus Dadi,FAG,Centrale,14,51,25,26,25,0,0.4902,32,14,1,1,6,4,0,0,20/21,A
Marschall,Tarek,HCE,Centrale,26,55,25,30,25,0,0.4545,7,14,4,0,0,2,0,0,20/21,A
Meyer-Siebert,Julius,LEI,Terzino Sinistro,26,55,25,30,25,0,0.45,11,16,2,3,0,4,0,0,20/21,A
Allendorf,Michael,MTM,Ala Sinistra,30,40,24,16,24,0,0.6,3,5,3,0,0,6,0,0,20/21,A
Kogut,Andrej,TBV,Centrale,30,48,24,24,24,0,0.5,29,23,6,0,10,3,0,0,20/21,A
Ahouansou,Philipp,RNL,Terzino Sinistro,34,57,24,33,24,0,0.4211,3,5,1,2,1,2,0,0,20/21,A
Theilinger,Nicolai,FAG,Terzino Destro,30,34,23,11,23,0,0.6765000000000001,14,10,4,1,4,15,0,0,20/21,A
Arnarsson,Arnar Freyr,MTM,Pivot,35,33,23,10,23,0,0.6970000000000001,5,10,4,12,15,19,0,0,20/21,A
Kurch,Justin,COB,Pivot,27,35,23,12,23,0,0.6570999999999999,6,5,1,1,9,10,0,0,20/21,A
Sikosek Pelko,Domen,SGF,Pivot,13,33,23,10,23,0,0.6970000000000001,0,3,0,0,0,0,0,0,20/21,A
Uscins,Renars,BHC,Terzino Destro,23,39,22,17,22,0,0.56,8,9,1,0,2,5,0,0,20/21,A
Musche,Matthias,SCM,Ala Sinistra,7,35,21,14,21,0,0.6,3,0,2,0,0,2,0,0,20/21,A
Damm,Sebastian,BHC,Ala Sinistra,31,30,21,9,21,0,0.7,1,9,2,0,0,5,0,0,20/21,A
Faluvegi,Rudolf,TVB,Terzino Sinistro,16,39,21,18,21,0,0.5385,21,11,4,2,1,5,0,0,20/21,A
Wieling,Tim,TVB,Ala Destra,35,35,21,14,21,0,0.6,2,1,4,0,2,3,0,0,20/21,A
Gislason,Ymir Orn,RNL,Pivot,37,32,21,11,21,0,0.6563,11,9,11,17,20,27,1,0,20/21,A
Theuerkauf,Christoph,TBV,Pivot,8,24,20,4,18,2,0.8332999999999999,2,3,1,0,0,1,0,0,20/21,A
Rentschler,Marco,FAG,Ala Destra,18,29,20,9,20,0,0.69,4,2,2,0,1,1,0,0,20/21,A
Semper,Franz,SGF,Terzino Destro,8,33,20,13,20,0,0.6061,7,6,0,2,1,1,0,0,20/21,A
Kelm,Dominic,COB,Pivot,26,27,20,7,20,0,0.7406999999999999,2,4,0,0,1,3,0,0,20/21,A
Rothlisberger,Samuel,TVB,Pivot,38,30,20,10,20,0,0.6667000000000001,12,5,5,34,25,23,0,0,20/21,A
Weck,Alexander,BHC,Terzino Sinistro,16,46,20,26,19,1,0.4347999999999999,6,4,0,0,0,0,0,0,20/21,A
Strakeljahn,Simon,GWD,Centrale,37,48,20,28,20,0,0.4167,11,9,0,0,0,1,0,0,20/21,A
Zeitz,Christian,GWD,Terzino Destro,32,59,19,40,19,0,0.322,12,8,5,1,4,14,2,1,20/21,A
Wernig,Daniel,LUD,Ala Destra,9,31,19,12,5,14,0.61,0,0,1,0,1,2,0,0,20/21,A
Szucs,Csaba,BHC,Centrale,32,33,19,14,19,0,0.58,36,12,6,24,12,14,0,0,20/21,A
Krone,Jannes,HAN,Ala Destra,38,34,19,15,19,0,0.56,2,2,8,0,0,0,0,0,20/21,A
Moller,Lasse,SGF,Terzino Sinistro,5,26,19,7,19,0,0.73,9,3,2,0,0,0,0,0,20/21,A
Esche,Marc,LEI,Ala Sinistra,32,28,19,9,19,0,0.68,0,1,4,0,2,0,0,0,20/21,A
Ernst,Simon,BER,Centrale,38,29,17,12,17,0,0.59,15,5,1,2,2,3,0,0,20/21,A
Padshyvalau,Aliaksandr,GWD,Centrale,23,50,17,33,17,0,0.34,17,10,0,0,3,3,0,0,20/21,A
Heinzelmann,Tobias,HBW,Pivot,26,24,17,7,17,0,0.7082999999999999,3,5,4,2,3,6,0,0,20/21,A
Link,Nikolai,HCE,Terzino Sinistro,19,33,16,17,16,0,0.4847999999999999,13,3,2,12,4,17,1,0,20/21,A
Ellwanger,Jonas,TUE,Centrale,12,30,16,14,16,0,0.5333,12,4,0,4,2,2,0,0,20/21,A
Gojun,Jakov,BER,Terzino Sinistro,34,20,16,4,16,0,0.8,6,2,4,18,11,25,1,0,20/21,A
Durmaz,Tolga,TUE,Pivot,36,28,16,12,16,0,0.57,0,10,1,0,2,3,0,0,20/21,A
Voigt,Malte,THW,Ala Sinistra,25,23,15,8,15,0,0.65,1,1,0,0,0,2,0,0,20/21,A
Torbrugge,Nils,NOL,Pivot,28,22,15,7,15,0,0.68,9,7,3,9,13,21,2,0,20/21,A
Diebel,Niklas,HBW,Terzino Sinistro,24,32,15,17,15,0,0.4688,4,7,0,1,0,1,0,0,20/21,A
Freihofer,Tim,BER,Ala Sinistra,9,19,15,4,15,0,0.7895,0,0,1,0,0,1,0,0,20/21,A
Chrapkowski,Piotr,SCM,Terzino Sinistro,38,24,14,10,14,0,0.58,20,6,14,37,8,17,1,0,20/21,A
Knauer,Jakob,COB,Terzino Destro,6,23,14,9,14,0,0.61,3,6,0,0,2,1,0,0,20/21,A
Kirveliavicius,Romas,HBW,Terzino Sinistro,38,18,13,5,13,0,0.72,13,0,2,25,13,47,6,0,20/21,A
Feld,Alexander,WET,Centrale,22,20,12,8,12,0,0.6,6,4,1,0,0,4,0,0,20/21,A
Leenders,Toon,NOL,Pivot,38,18,11,7,9,2,0.61,1,4,0,4,1,8,0,0,20/21,A
Visser,Sander,NOL,Ala Destra,38,17,11,6,11,0,0.65,0,1,0,0,0,2,0,0,20/21,A
Laurenz Kluth,,TUE,Centrale,27,25,11,14,11,0,0.44,9,14,2,2,2,14,0,0,20/21,A
Meddeb,Yessine,LUD,Terzino Destro,38,24,11,13,11,0,0.46,7,10,0,0,1,2,0,0,20/21,A
Horak,Pavel,THW,Terzino Sinistro,36,16,10,6,10,0,0.63,4,2,4,18,4,11,0,0,20/21,A
Lemke,Finn,MTM,Terzino Sinistro,33,21,10,11,10,0,0.48,11,2,8,38,12,14,0,0,20/21,A
Zare,Levin,NOL,Ala Sinistra,30,15,10,5,9,1,0.67,0,0,0,0,0,1,0,0,20/21,A
Schikora,Paul,COB,Ala Destra,31,14,10,4,10,0,0.71,0,2,1,0,0,1,0,0,20/21,A
Seidel,Lasse,NOL,Ala Sinistra,9,12,9,3,8,1,0.75,2,0,1,0,1,2,0,0,20/21,A
Jonsson,Gunnar Steinn,FAG,Centrale,22,20,9,11,9,0,0.45,6,7,0,1,0,4,0,0,20/21,A
Reimann,Alexander,TBV,Ala Sinistra,28,15,8,7,7,1,0.53,0,2,1,0,0,1,0,0,20/21,A
Nippes,Kristian,BHC,Terzino Destro,12,13,7,6,7,0,0.54,5,3,0,1,1,3,0,0,20/21,A
Seidel,Malte,TUE,Terzino Sinistro,37,13,7,6,7,0,0.54,8,3,1,12,4,13,1,0,20/21,A
Baena Gonzalez,Rafael,RNL,Pivot,11,10,7,3,7,0,0.7,0,1,0,0,0,0,0,0,20/21,A
Kluge,Justus Max,SCM,Ala Sinistra,30,9,7,2,7,0,0.78,0,0,0,0,0,1,0,0,20/21,A
Holpert,Magnus,SGF,Centrale,33,17,7,10,6,1,0.4118,2,2,1,0,0,0,0,0,20/21,A
Ciudad Benitez,Leon,THW,Pivot,17,9,7,2,7,0,0.78,0,2,0,0,0,0,0,0,20/21,A
Grimm,Philipp,LUD,Ala Sinistra,10,9,6,3,3,3,0.6667000000000001,1,0,0,0,0,1,0,0,20/21,A
Janke,Maximilian,GWD,Centrale,26,6,6,0,6,0,1.0,3,2,3,21,6,10,1,0,20/21,A
Donker,Malte,HAN,Terzino Destro,36,9,6,3,6,0,0.6667000000000001,10,1,4,0,4,7,0,0,20/21,A
Roller,Lars,HBW,Pivot,8,7,6,1,6,0,0.8571,0,0,0,0,0,1,0,0,20/21,A
Ingenpass,Niklas,TUE,Pivot,16,8,6,2,6,0,0.75,1,0,0,0,0,1,0,0,20/21,A
Palicka,Andreas,RNL,Portiere,32,8,5,3,5,0,0.625,21,1,0,0,1,1,0,0,20/21,A
Meschke,Benjamin,HCE,Pivot,12,6,5,1,5,0,0.8332999999999999,1,0,0,2,0,4,0,0,20/21,A
Pregler,Ole,MTM,Centrale,33,13,5,8,5,0,0.3846,7,8,0,0,1,3,0,0,20/21,A
Johannesson,Peter,TBV,Portiere,38,5,4,1,4,0,0.8,19,0,0,0,1,1,0,0,20/21,A
Ravensbergen,Bart,NOL,Portiere,38,4,4,0,4,0,1.0,7,4,0,0,0,1,0,0,20/21,A
Bergner,Tom,BHC,Pivot,31,5,4,1,4,0,0.8,0,2,0,0,0,4,0,0,20/21,A
Juric,Petar,HAN,Centrale,13,5,4,1,4,0,0.8,0,1,0,1,1,1,0,0,20/21,A
Schalles,Maxim,TBV,Ala Destra,1,6,4,2,4,0,0.6667000000000001,0,0,0,0,0,0,0,0,20/21,A
Preller,Max,COB,Ala Sinistra,7,8,4,4,3,1,0.5,0,0,0,1,0,0,1,0,20/21,A
Nicolaus,Fynn-Luca,TVB,Terzino Sinistro,29,10,4,6,4,0,0.4,6,2,4,8,6,10,0,0,20/21,A
Keskic,Enes,BER,Ala Sinistra,7,4,4,0,4,0,1.0,0,0,0,0,0,0,0,0,20/21,A
Kranzmann,Florian,GWD,Ala Sinistra,2,5,4,1,4,0,0.8,0,0,0,0,0,0,0,0,20/21,A
Kompenhans,Paul,MTM,Centrale,1,4,4,0,4,0,1.0,0,1,0,0,0,0,0,0,20/21,A
Veigel,Kaspar,RNL,Ala Destra,17,8,4,4,4,0,0.5,0,1,0,0,1,3,0,0,20/21,A
Homscheid,Nils,TUE,Centrale,15,8,4,4,3,1,0.5,1,3,0,0,0,0,0,0,20/21,A
Semisch,Malte,GWD,Portiere,38,6,3,3,3,0,0.5,16,2,0,0,0,0,0,0,20/21,A
Nielsen,Jesper,RNL,Pivot,22,5,3,2,3,0,0.6,2,3,3,4,4,10,0,0,20/21,A
Klimpke,Till,WET,Portiere,34,3,3,0,3,0,1.0,16,0,0,0,0,0,0,0,20/21,A
Ebner,Domenico,HAN,Portiere,38,6,3,3,3,0,0.5,2,1,4,0,0,0,0,0,20/21,A
Pusica,Miljan,GWD,Terzino Sinistro,10,12,3,9,3,0,0.25,9,6,3,4,6,9,1,0,20/21,A
Asgeirsson,Elvar,TVB,Terzino Sinistro,17,3,3,0,3,0,1.0,3,1,1,3,6,6,0,0,20/21,A
Milosavljev,Dejan,BER,Portiere,37,5,3,2,3,0,0.6,9,2,0,0,1,0,0,0,20/21,A
Prakapenia,Anton,NOL,Terzino Sinistro,10,9,3,6,3,0,0.3333,2,3,0,0,3,3,0,0,20/21,A
Bauer,Stefan,HCE,Pivot,12,3,3,0,3,0,1.0,0,0,0,7,2,5,0,0,20/21,A
Calvert,Bevan,THW,Terzino Destro,7,4,3,1,3,0,0.75,0,0,0,0,1,0,0,0,20/21,A
Leun,Finn-Lukas,LEI,Terzino Destro,6,7,3,4,3,0,0.4286,3,2,1,0,1,0,0,0,20/21,A
Klimpke,Ole,WET,Terzino Sinistro,18,5,3,2,3,0,0.6,0,0,0,2,0,1,0,0,20/21,A
Thomas,Julian,BHC,Ala Destra,9,4,3,1,3,0,0.75,0,0,0,0,0,1,0,0,20/21,A
Mrkva,Tomas,BHC,Portiere,36,3,2,1,2,0,0.6667000000000001,3,0,0,0,0,0,0,0,20/21,A
Foth,Christoph,HBW,Pivot,3,2,2,0,2,0,1.0,0,0,0,0,0,2,0,0,20/21,A
Rudeck,Christopher,BHC,Portiere,38,2,2,0,2,0,1.0,5,0,0,0,0,0,0,0,20/21,A
Roscheck,Bastian,LEI,Pivot,30,5,2,3,2,0,0.4,3,1,4,3,7,13,0,0,20/21,A
Poltrum,Konstantin,COB,Portiere,36,3,2,1,2,0,0.6667000000000001,11,1,0,0,0,0,0,0,20/21,A
Johannsson,Ragnar,BHC,Terzino Destro,10,4,2,2,2,0,0.5,0,1,0,0,0,0,0,0,20/21,A
Kastelic,Urh,FAG,Portiere,37,5,2,3,2,0,0.4,6,0,1,0,0,1,0,0,20/21,A
Diedrich,Lukas,TUE,Portiere,31,5,2,3,2,0,0.4,5,0,0,0,0,0,0,0,20/21,A
Ehlers,Matteo,HAN,Centrale,8,3,2,1,2,0,0.6667000000000001,0,0,0,0,0,0,0,0,20/21,A
Bialowas,Yannik,HCE,Ala Sinistra,8,3,2,1,2,0,0.6667000000000001,1,2,0,0,0,1,0,0,20/21,A
Mustafic,Dino,COB,Centrale,18,2,2,0,2,0,1.0,0,1,0,0,0,1,0,0,20/21,A
Neudeck,Oskar,FAG,Terzino Sinistro,31,9,2,7,2,0,0.2221999999999999,2,4,0,0,0,0,0,0,20/21,A
Dettenthaler,Felix,COB,Ala Sinistra,11,3,2,1,2,0,0.6667000000000001,0,1,0,0,0,0,0,0,20/21,A
Beekmann,Ben,MTM,Ala Sinistra,9,2,2,0,2,0,1.0,0,0,0,0,0,0,0,0,20/21,A
Leun,Jakob-Jannis,LEI,Terzino Destro,3,5,2,3,2,0,0.4,0,1,0,0,0,0,0,0,20/21,A
Huber,Elias,HBW,Centrale,4,2,2,0,2,0,1.0,0,1,0,0,0,0,0,0,20/21,A
Schmitz,Tobias,BHC,Ala Sinistra,2,2,2,0,2,0,1.0,0,0,0,0,0,0,0,0,20/21,A
Zacharias,Lion,RNL,Ala Sinistra,3,2,2,0,2,0,1.0,0,0,0,0,0,0,0,0,20/21,A
Ziemer,Martin,HCE,Portiere,38,2,1,1,1,0,0.5,15,4,2,0,0,1,0,0,20/21,A
Quenstedt,Dario,THW,Portiere,37,1,1,0,1,0,1.0,4,0,0,1,0,0,0,0,20/21,A
Heinl,Jacob,SGF,Pivot,11,1,1,0,1,0,1.0,0,1,1,3,1,4,0,0,20/21,A
Lex,Stefan,HCE,Terzino Destro,7,6,1,5,1,0,0.1667,0,1,0,1,0,0,0,0,20/21,A
Fontaine,Daniel,BHC,Terzino Sinistro,12,6,1,5,1,0,0.1667,3,2,2,0,0,1,0,0,20/21,A
Buhrmester,Bjorn,NOL,Portiere,38,2,1,1,1,0,0.5,2,0,0,0,0,0,0,0,20/21,A
Genz,Fredrik,BER,Portiere,38,1,1,0,1,0,1.0,1,0,0,0,0,0,0,0,20/21,A
Zecher,Finn,TBV,Portiere,19,2,1,1,1,0,0.5,0,0,0,0,0,0,0,0,20/21,A
Lesjak,Urban,HAN,Portiere,37,4,1,3,1,0,0.25,3,1,2,0,0,0,0,0,20/21,A
Geis,Linus,TBV,Terzino Sinistro,31,5,1,4,1,0,0.2,1,0,1,1,0,1,0,0,20/21,A
Ruminsky,Mario,HBW,Portiere,38,1,1,0,1,0,1.0,3,0,0,0,0,0,0,0,20/21,A
Damm,Benedikt,LUD,Pivot,5,2,1,1,1,0,0.5,0,1,0,0,0,0,0,0,20/21,A
Heinis,Robin,BER,Terzino Destro,5,1,1,0,0,1,1.0,0,0,0,0,0,0,0,0,20/21,A
Spath,David,RNL,Portiere,26,1,1,0,1,0,1.0,3,1,0,0,0,0,0,0,20/21,A
Reitemann,Michel,TBV,Pivot,2,1,1,0,1,0,1.0,0,0,0,0,0,0,0,0,20/21,A
Fischer,Justus,HAN,Pivot,14,1,1,0,1,0,1.0,0,0,1,0,0,3,1,0,20/21,A
Heitkamp,Niclas,LEI,Terzino Sinistro,7,1,1,0,1,0,1.0,0,0,0,0,0,0,0,0,20/21,A
Holzhacker,Paul,GWD,Ala Destra,6,1,1,0,0,1,1.0,0,0,0,0,0,0,0,0,20/21,A
Fuchs,Julian,MTM,Ala Destra,5,2,1,1,0,1,0.5,0,0,0,0,0,0,0,0,20/21,A
Gansau,Elias,LEI,Terzino Sinistro,13,5,1,4,1,0,0.2,0,1,0,0,0,0,0,0,20/21,A
Heinevetter,Silvio,MTM,Portiere,38,0,0,0,0,0,0.0,10,0,2,0,1,1,0,0,20/21,A
Bult,Mark,SGF,Terzino Destro,2,0,0,0,0,0,0.0,0,0,0,0,3,0,0,0,20/21,A
Muller,Philipp,LEI,Terzino Sinistro,8,0,0,0,0,0,0.0,0,0,0,0,0,1,0,0,20/21,A
Bitter,Johannes,TVB,Portiere,24,0,0,0,0,0,0.0,9,4,0,0,0,0,0,0,20/21,A
Fritz,Henning,SGF,Portiere,8,0,0,0,0,0,0.0,0,0,0,0,0,0,0,0,20/21,A
Lichtlein,Carsten,GWD,Portiere,38,0,0,0,0,0,0.0,0,0,0,0,0,0,0,0,20/21,A
Katsigiannis,Nikolas,RNL,Portiere,30,0,0,0,0,0,0.0,4,2,0,0,0,0,0,0,20/21,A
Putera,Milos,LEI,Portiere,7,0,0,0,0,0,0.0,0,0,0,0,1,0,0,0,20/21,A
Andersson,Mattias,THW,Portiere,8,0,0,0,0,0,0.0,0,0,0,0,0,0,0,0,20/21,A
Bozic,Vladimir,HBW,Portiere,21,0,0,0,0,0,0.0,0,0,0,0,1,0,0,0,20/21,A
Ritschel,Matthias,HCE,Portiere,2,0,0,0,0,0,0.0,0,0,0,0,0,0,0,0,20/21,A
Kulhanek,Jan,COB,Portiere,37,0,0,0,0,0,0.0,5,2,0,0,0,0,0,0,20/21,A
Bliss,Sebastian,TUE,Portiere,38,0,0,0,0,0,0.0,11,6,0,0,0,0,0,0,20/21,A
Rebmann,Daniel,FAG,Portiere,38,0,0,0,0,0,0.0,9,0,0,0,0,0,0,0,20/21,A
Appelgren,Mikael,RNL,Portiere,1,0,0,0,0,0,0.0,0,0,0,0,0,0,0,0,20/21,A
Landin,Niklas,THW,Portiere,31,0,0,0,0,0,0.0,2,0,0,0,0,0,0,0,20/21,A
Prost,Primoz,TVB,Portiere,38,0,0,0,0,0,0.0,11,1,0,0,0,0,0,0,20/21,A
Green,Jannick,SCM,Portiere,35,0,0,0,0,0,0.0,4,2,0,0,0,0,0,0,20/21,A
Skof,Gorazd,LUD,Portiere,38,0,0,0,0,0,0.0,6,2,1,0,0,0,0,0,20/21,A
Hofmann,Jannik,LUD,Ala Sinistra,5,0,0,0,0,0,0.0,0,0,0,0,0,0,0,0,20/21,A
Honicke,Jonas,LEI,Centrale,2,0,0,0,0,0,0.0,0,0,0,0,0,0,0,0,20/21,A
Simic,Nebojsa,MTM,Portiere,38,0,0,0,0,0,0.0,13,4,0,0,0,0,0,0,20/21,A
Thulin,Tobias,SCM,Portiere,38,0,0,0,0,0,0.0,3,0,0,0,0,0,0,0,20/21,A
Birlehm,Joel,LEI,Portiere,38,0,0,0,0,0,0.0,13,2,0,0,0,0,0,0,20/21,A
Apfel,Fabian,COB,Portiere,11,0,0,0,0,0,0.0,1,0,0,0,0,0,0,0,20/21,A
Van den Beucken,Mark,TBV,Portiere,21,0,0,0,0,0,0.0,0,0,0,0,0,0,0,0,20/21,A
Buric,Benjamin,SGF,Portiere,28,0,0,0,0,0,0.0,6,0,0,0,0,0,0,0,20/21,A
Bilyk,Nikola,THW,Terzino Sinistro,1,0,0,0,0,0,0.0,0,0,0,0,0,0,0,0,20/21,A
Wolf,Christopher,TUE,Terzino Sinistro,8,0,0,0,0,0,0.0,0,0,0,0,0,1,0,0,20/21,A
Fuchs,Arne,TUE,Portiere,13,0,0,0,0,0,0.0,0,0,0,0,0,0,0,0,20/21,A
Lehmann,Nick,TVB,Portiere,8,0,0,0,0,0,0.0,0,0,0,0,0,0,0,0,20/21,A
Lemke,Jari,TBV,Terzino Sinistro,1,0,0,0,0,0,0.0,0,0,0,0,0,0,0,0,20/21,A
Boieck,Janis,HCE,Portiere,16,0,0,0,0,0,0.0,0,0,0,0,0,0,0,0,20/21,A
Abutovic,Ilija,RNL,Terzino Sinistro,27,0,0,0,0,0,0.0,3,0,4,2,3,7,1,0,20/21,A
Ferlin,Klemen,HCE,Portiere,22,0,0,0,0,0,0.0,11,5,1,0,0,0,0,0,20/21,A
Ivanisevic,Tibor,WET,Portiere,38,0,0,0,0,0,0.0,6,1,0,0,0,0,0,0,20/21,A
Tomovski,Martin,LUD,Portiere,37,0,0,0,0,0,0.0,3,3,0,0,0,0,0,0,20/21,A
Trost,Sebastian,RNL,Centrale,3,0,0,0,0,0,0.0,0,0,0,0,0,0,0,0,20/21,A
Sittrup Bergerud,Torbjorn,SGF,Portiere,38,0,0,0,0,0,0.0,9,0,0,0,0,0,0,0,20/21,A
Saeveraas,Kristian,LEI,Portiere,34,0,0,0,0,0,0.0,2,0,0,0,0,1,0,0,20/21,A
Simonsen,Christian Ole,LEI,Portiere,4,0,0,0,0,0,0.0,0,0,0,0,0,0,0,0,20/21,A
Rica-Kovac,Sebastian,TVB,Portiere,4,0,0,0,0,0,0.0,0,0,0,0,0,0,0,0,20/21,A
Bitzer,Jan,HBW,Centrale,3,0,0,0,0,0,0.0,0,0,0,0,0,0,0,0,20/21,A
Hoblaj,Leon,LUD,Portiere,15,0,0,0,0,0,0.0,0,0,0,0,0,0,0,0,20/21,A
Weber,Ian,WET,Centrale,1,0,0,0,0,0,0.0,0,0,0,0,0,0,0,0,20/21,A
Erifopoulos,Christos,FAG,Centrale,3,0,0,0,0,0,0.0,0,0,0,0,0,0,0,0,20/21,A
Brand,Tim,GWD,Centrale,10,0,0,0,0,0,0.0,0,1,0,0,0,0,0,0,20/21,A
Szeles,Akos,LEI,Terzino Destro,7,0,0,0,0,0,0.0,1,0,0,0,0,0,0,0,20/21,A
Foege,Luis Plymford,TVB,Terzino Destro,4,0,0,0,0,0,0.0,0,0,0,0,0,0,0,0,20/21,A
Dreyer,Paul,COB,Portiere,9,0,0,0,0,0,0.0,0,0,0,0,0,0,0,0,20/21,A
Neumann,Nicolas,LEI,Ala Sinistra,9,0,0,0,0,0,0.0,0,0,0,0,0,2,0,0,20/21,A
Wernlein,Felix,HAN,Portiere,1,0,0,0,0,0,0.0,0,0,0,0,0,0,0,0,20/21,A
Grabenstein,Leon,GWD,Portiere,1,0,0,0,0,0,0.0,0,0,0,0,0,0,0,0,20/21,A
Klama,Joonas,BHC,Portiere,2,0,0,0,0,0,0.0,0,0,0,0,0,0,0,0,20/21,A
Hummel,Finn,TVB,Portiere,2,0,0,0,0,0,0.0,0,0,0,0,0,0,0,0,20/21,A
Molz,Jonas,GWD,Terzino Sinistro,2,0,0,0,0,0,0.0,0,0,0,0,0,0,0,0,20/21,A
Jensen,Mike,HBW,Portiere,38,0,0,0,0,0,0.0,5,4,0,1,0,0,0,0,20/21,A
Suljakovic,Anadin,WET,Portiere,12,0,0,0,0,0,0.0,0,0,0,0,0,0,0,0,20/21,A
Lichtlein,Nils,BER,Centrale,5,0,0,0,0,0,0.0,0,3,0,0,0,0,0,0,20/21,A
Ludwig,Lasse,BER,Portiere,2,0,0,0,0,0,0.0,0,0,0,0,0,0,0,0,20/21,A
Patzwaldt,Janik,SCM,Portiere,2,0,0,0,0,0,0.0,0,0,0,0,0,0,0,0,20/21,A
Leppich,Jonas,BHC,Pivot,2,0,0,0,0,0,0.0,0,0,0,0,0,0,0,0,20/21,A
Muhlenstadt,Timon,TBV,Portiere,1,0,0,0,0,0,0.0,0,0,0,0,0,0,0,0,20/21,A
Orlov,Maxim,BER,Centrale,3,0,0,0,0,0,0.0,0,0,0,0,0,0,0,0,20/21,A
Kuntscher,David,MTM,Terzino Destro,4,0,0,0,0,0,0.0,0,0,0,0,0,0,0,0,20/21,A
Kirschberger,Leon,SGF,Ala Destra,1,0,0,0,0,0,0.0,0,0,0,0,0,0,0,0,20/21,A
Nowak,Marcel,BER,Ala Destra,5,0,0,0,0,0,0.0,0,0,0,0,0,1,0,0,20/21,A
Schmidt,Jesper,THW,Ala Sinistra,2,0,0,0,0,0,0.0,0,0,0,0,0,0,0,0,20/21,A
Wager,Philipp Maximilian,THW,Terzino Sinistro,8,0,0,0,0,0,0.0,1,0,0,0,0,1,0,0,20/21,A
Saggau,Philip Hartwig,THW,Portiere,4,0,0,0,0,0,0.0,0,0,0,0,0,0,0,0,20/21,A
Blaauw,Niko,TBV,Centrale,9,0,0,0,0,0,0.0,0,1,0,0,0,0,0,0,20/21,A
Sajenev,Mika Laurin,LEI,Pivot,1,0,0,0,0,0,0.0,0,0,0,0,0,0,0,0,20/21,A
Hejny,Maximilian,FAG,Terzino Destro,4,0,0,0,0,0,0.0,0,0,0,0,0,0,0,0,20/21,A
Gorpishin,Sergey,LUD,Pivot,3,0,0,0,0,0,0.0,0,0,0,2,0,0,0,0,20/21,A
Demerza,Alexej,GWD,Terzino Sinistro,1,0,0,0,0,0,0.0,0,0,0,0,0,0,0,0,20/21,A
Oetjen,Thore,TBV,Pivot,3,0,0,0,0,0,0.0,0,0,0,0,0,0,0,0,20/21,A
Kassing,Jakob,COB,Terzino Sinistro,7,0,0,0,0,0,0.0,0,0,0,0,0,0,0,0,20/21,A
Scheiner,Joshua,TVB,Portiere,1,0,0,0,0,0,0.0,0,0,0,0,0,0,0,0,20/21,A
Ayar,Koray,HAN,Pivot,2,0,0,0,0,0,0.0,0,0,0,0,0,0,0,0,20/21,A
Hollstein,Maximilian,TBV,Ala Sinistra,1,0,0,0,0,0,0.0,0,0,0,0,0,0,0,0,20/21,A
Herz,Christian,TBV,Terzino Sinistro,1,0,0,0,0,0,0.0,0,0,0,0,0,0,0,0,20/21,A
Buchele,Julian,FAG,Portiere,1,0,0,0,0,0,0.0,0,0,0,0,0,0,0,0,20/21,A
Reidegeld,Jona,TUE,Ala Destra,1,0,0,0,0,0,0.0,0,0,0,0,0,0,0,0,20/21,A
Behrendt,Niclas,SCM,Portiere,5,0,0,0,0,0,0.0,0,0,0,0,0,0,0,0,20/21,A
Backhaus,Theodor Felix,SGF,Portiere,7,0,0,0,0,0,0.0,0,0,0,0,0,0,0,0,20/21,A
Hopfmann,Luca,LEI,Terzino Destro,5,0,0,0,0,0,0.0,0,0,0,0,0,0,0,0,20/21,A
Grupe,Mats,RNL,Portiere,1,0,0,0,0,0,0.0,0,0,0,0,0,0,0,0,20/21,A
Hansen,Hark,TBV,Terzino Destro,2,0,0,0,0,0,0.0,0,0,0,0,0,0,0,0,20/21,A
Lindberg,Hans,BER,Ala Destra,34,288,242,46,118,124,0.8403,9,9,13,0,0,4,0,0,21/22,A
Magnusson,Omar Ingi,SCM,Terzino Destro,33,339,237,102,124,113,0.6990999999999999,124,55,12,2,3,10,0,0,21/22,A
Elisson,Bjarki Mar,TBV,Ala Sinistra,34,319,234,85,155,79,0.7334999999999999,2,18,12,2,2,1,1,0,21/22,A
Mortensen,Casper,HSV,Ala Sinistra,34,288,206,82,113,93,0.7153,9,18,13,0,0,5,0,0,21/22,A
Ekberg,Niclas,THW,Ala Destra,34,245,189,56,90,99,0.7714,11,6,14,1,0,3,0,0,21/22,A
Schiller,Marcel,FAG,Ala Sinistra,32,259,186,73,95,91,0.7181000000000001,16,12,11,0,0,4,0,0,21/22,A
Lipovina,Vladan,HBW,Terzino Destro,34,345,177,168,115,62,0.513,67,48,1,3,2,11,0,0,21/22,A
Jeppsson,Simon,HCE,Terzino Sinistro,33,302,176,126,154,22,0.5828,137,61,4,4,4,5,0,0,21/22,A
Skroblien,Tom,NLB,Ala Sinistra,33,251,172,79,121,51,0.6853,12,16,11,0,1,6,0,0,21/22,A
Hansen,Johan,HAN,Ala Destra,33,250,162,88,107,55,0.648,7,8,9,0,1,2,0,0,21/22,A
Urban,Tomas,GWD,Ala Destra,34,247,160,87,103,57,0.6478,16,24,8,1,2,13,0,0,21/22,A
Schmid,Andy,RNL,Centrale,34,286,159,127,107,52,0.5559000000000001,73,38,5,0,0,3,0,0,21/22,A
Wanne,Hampus,SGF,Ala Sinistra,27,204,158,46,85,73,0.7745000000000001,7,9,7,0,0,3,0,0,21/22,A
Kuhn,Julius,MTM,Terzino Sinistro,34,298,157,141,156,1,0.5268,51,44,15,8,7,9,2,0,21/22,A
Rubin,Lenny,WET,Terzino Sinistro,33,294,154,140,154,0,0.5238,43,33,17,7,8,13,0,0,21/22,A
Darmoul,Mohamed Amine,GWD,Centrale,33,228,150,78,135,15,0.6579,47,57,7,3,0,3,0,0,21/22,A
Martinovic,Ivan,HAN,Terzino Destro,30,245,143,102,139,4,0.5837,69,27,6,0,1,5,0,0,21/22,A
Hafner,Kai,MTM,Terzino Destro,32,252,139,113,139,0,0.5516,105,42,3,1,4,7,0,0,21/22,A
Steinert,Christoph,HCE,Terzino Destro,27,221,137,84,67,70,0.6199,29,29,3,2,4,13,1,0,21/22,A
Weller,Niklas,HSV,Pivot,32,184,137,47,117,20,0.7445999999999999,8,33,3,5,3,17,0,0,21/22,A
Holm,Jacob,BER,Centrale,33,217,134,83,134,0,0.6175,74,28,3,1,1,3,0,0,21/22,A
Lonn,Adam,TVB,Terzino Sinistro,31,239,131,108,128,3,0.5481,61,33,6,5,1,16,0,0,21/22,A
Carlsbogard,Jonathan,TBV,Terzino Sinistro,33,249,128,121,128,0,0.5141,121,46,8,16,3,9,0,0,21/22,A
Ivic,Sime,LEI,Terzino Destro,34,223,127,96,99,28,0.5695,80,47,11,4,5,22,1,0,21/22,A
Andersson,Lasse Bredekjaer,BER,Terzino Sinistro,34,249,127,122,127,0,0.51,73,37,15,11,5,12,0,0,21/22,A
Binder,Lukas,LEI,Ala Sinistra,34,174,125,49,125,0,0.7184,27,14,6,3,5,6,0,0,21/22,A
Zieker,Patrick,TVB,Ala Sinistra,33,168,123,45,78,45,0.7321,16,13,7,1,2,15,0,0,21/22,A
Kristjansson,Viggo,TVB,Terzino Destro,24,184,123,61,79,44,0.6685,72,49,2,0,1,2,0,0,21/22,A
Arnesson,Linus,BHC,Centrale,29,227,122,105,71,51,0.5374,78,36,15,1,3,1,1,0,21/22,A
Gulliksen,Kevin Maageroe,FAG,Ala Destra,30,175,122,53,105,17,0.6970999999999999,9,12,6,0,0,3,0,0,21/22,A
Golla,Johannes,SGF,Pivot,34,154,121,33,121,0,0.7857,12,26,10,27,10,13,0,0,21/22,A
Sagosen,Sander,THW,Centrale,29,206,121,85,108,13,0.5874,102,26,5,1,3,12,0,0,21/22,A
Kohlbacher,Jannik,RNL,Pivot,32,163,120,43,120,0,0.7362000000000001,6,21,2,6,5,13,0,0,21/22,A
Reinkind,Harald,THW,Terzino Destro,34,201,116,85,115,1,0.5771000000000001,59,25,3,2,0,3,0,0,21/22,A
Gottfridsson,Jim,SGF,Centrale,32,172,115,57,112,3,0.6686,149,58,5,6,3,11,0,0,21/22,A
Marsenic,Mijajlo,BER,Pivot,33,144,113,31,113,0,0.7847,3,24,11,32,10,27,1,0,21/22,A
Mertens,Lukas,SCM,Ala Sinistra,34,154,111,43,111,0,0.7208,22,2,14,0,1,1,0,0,21/22,A
Duvnjak,Domagoj,THW,Centrale,34,195,110,85,110,0,0.5640999999999999,77,13,11,6,5,15,0,0,21/22,A
Cavor,Stefan,WET,Terzino Destro,31,204,110,94,110,0,0.5392,91,44,10,8,7,5,0,0,21/22,A
Suton,Tim,TBV,Centrale,30,199,107,92,107,0,0.5377000000000001,36,24,6,1,2,11,1,0,21/22,A
Mensah Larsen,Mads,SGF,Centrale,34,198,106,92,106,0,0.5354,123,34,5,5,3,3,0,0,21/22,A
Kirkelokke,Niclas,RNL,Terzino Destro,34,203,106,97,106,0,0.5222,100,33,7,2,4,13,0,0,21/22,A
Groetzki,Patrick,RNL,Ala Destra,32,144,105,39,103,2,0.7292000000000001,20,6,9,1,1,2,0,0,21/22,A
Wiencek,Patrick,THW,Pivot,34,135,103,32,103,0,0.763,11,17,11,20,6,11,0,0,21/22,A
Svan,Lasse,SGF,Ala Destra,33,144,102,42,102,0,0.7082999999999999,3,8,5,1,3,9,1,0,21/22,A
Lindenchrone Andersen,Jon,FAG,Terzino Destro,34,179,102,77,102,0,0.5698,77,50,10,4,12,18,0,0,21/22,A
Wiesmach,Patrick,LEI,Ala Destra,33,141,99,42,84,15,0.7021,5,6,10,0,0,4,0,0,21/22,A
Holst,Maximilian,WET,Ala Sinistra,34,117,97,20,9,88,0.8291,3,3,0,0,0,1,0,0,21/22,A
Heymann,Sebastian,FAG,Terzino Sinistro,25,151,97,54,97,0,0.6424,56,35,8,21,7,8,0,0,21/22,A
Kozina,Kresimir,FAG,Pivot,34,127,97,30,97,0,0.7637999999999999,20,42,3,8,4,23,0,0,21/22,A
Hanusz,Egon,TVB,Centrale,32,125,96,29,96,0,0.768,68,51,15,0,0,1,0,0,21/22,A
Krzikalla,Lucas,LEI,Ala Destra,34,131,95,36,56,39,0.7252,4,5,4,0,1,1,0,0,21/22,A
Witzke,Luca,LEI,Centrale,30,168,95,73,95,0,0.5655,95,37,3,2,0,3,0,0,21/22,A
Mavers,Veit,HAN,Centrale,32,176,95,81,83,12,0.5398,56,38,5,3,1,0,0,0,21/22,A
Nyfjall,Adam,WET,Pivot,34,125,95,30,95,0,0.76,9,24,9,9,14,17,2,0,21/22,A
Kuzmanovski,Filip,HAN,Terzino Sinistro,34,141,94,47,94,0,0.6667000000000001,47,42,10,1,6,12,1,0,21/22,A
Zerbe,Lukas,TBV,Ala Destra,34,126,93,33,85,8,0.7381,10,3,11,1,2,7,0,0,21/22,A
Pfattheicher,Sascha,TVB,Ala Destra,32,125,92,33,92,0,0.736,3,9,7,0,0,3,1,0,21/22,A
Schoch,Jona,HBW,Terzino Sinistro,32,180,91,89,91,0,0.5056,71,34,3,14,3,19,2,0,21/22,A
Nothdurft,Tim,HBW,Ala Sinistra,29,129,91,38,91,0,0.7054,6,4,8,0,1,3,0,0,21/22,A
Schmidt,David,BHC,Terzino Destro,29,190,90,100,90,0,0.4736999999999999,38,36,4,3,5,9,0,0,21/22,A
Gunnarsson,Arnor Thor,BHC,Ala Destra,33,124,90,34,78,12,0.7258,7,11,5,0,0,2,0,0,21/22,A
Forsell Schefvert,Olle,WET,Terzino Sinistro,32,152,89,63,89,0,0.5855,75,29,5,13,5,13,0,0,21/22,A
Saugstrup,Magnus,SCM,Pivot,34,111,89,22,89,0,0.8018000000000001,8,12,10,14,3,7,0,0,21/22,A
Mellegard,Emil,WET,Ala Sinistra,34,122,88,34,88,0,0.7212999999999999,7,7,7,0,3,3,0,0,21/22,A
Forstbauer,Jan,HSV,Terzino Destro,33,176,87,89,87,0,0.4943,66,49,2,2,1,6,0,0,21/22,A
Knorr,Juri,RNL,Centrale,34,169,87,82,75,12,0.5147999999999999,58,39,14,1,1,6,0,0,21/22,A
Jakobsen,Emil,SGF,Ala Sinistra,31,116,86,30,56,30,0.7414000000000001,1,6,1,0,0,3,0,0,21/22,A
Sellin,Johannes,HCE,Ala Destra,31,119,85,34,84,1,0.7143,8,12,2,0,0,8,0,0,21/22,A
Pieczkowski,Niclas,GWD,Centrale,31,160,85,75,85,0,0.5313,61,47,4,3,5,13,0,0,21/22,A
Strosack,Peter,NLB,Ala Destra,34,123,85,38,84,1,0.6911,22,27,4,2,3,3,0,0,21/22,A
Reichmann,Tobias,MTM,Ala Destra,24,110,84,26,28,56,0.7636,1,3,0,0,1,4,0,0,21/22,A
Kristjansson,Gisli Thorgeir,SCM,Centrale,34,136,84,52,84,0,0.6175999999999999,62,34,0,0,0,0,0,0,21/22,A
Kastening,Timo,MTM,Ala Destra,24,129,83,46,60,23,0.6434000000000001,7,10,5,1,0,3,0,0,21/22,A
Damgaard,Michael,SCM,Terzino Sinistro,32,146,83,63,83,0,0.5685,16,10,0,0,0,1,1,0,21/22,A
Zintel,Bjorn,HBW,Centrale,34,149,82,67,82,0,0.5503,64,42,1,2,0,4,0,0,21/22,A
Bissel,Christopher,HCE,Ala Sinistra,33,114,82,32,82,0,0.72,10,7,24,0,2,14,0,0,21/22,A
Metzner,Antonio,HCE,Terzino Destro,29,165,81,84,81,0,0.49,28,30,9,1,1,7,0,0,21/22,A
Petreikis,Benas,NLB,Centrale,34,149,81,68,80,1,0.5436,69,59,1,1,1,4,0,0,21/22,A
Strosack,Moritz,HBW,Ala Destra,26,102,81,21,81,0,0.7940999999999999,5,9,5,0,0,6,0,0,21/22,A
Wiede,Fabian,BER,Terzino Destro,28,148,80,68,80,0,0.5405,93,35,9,4,1,7,1,0,21/22,A
Muller,Jerome,TVB,Terzino Destro,24,155,80,75,80,0,0.5161,48,27,10,1,4,8,1,0,21/22,A
Peshevski,Zarko,TVB,Pivot,34,118,80,38,80,0,0.6779999999999999,3,26,0,0,0,1,0,0,21/22,A
Tissier,Leif,HSV,Centrale,27,122,78,44,78,0,0.6393,71,35,5,1,1,5,0,0,21/22,A
Korte,Mats,GWD,Ala Sinistra,32,106,77,29,77,0,0.7264,5,5,8,1,1,4,0,0,21/22,A
Landin,Magnus,THW,Ala Sinistra,34,108,77,31,65,12,0.713,9,10,4,2,5,13,1,0,21/22,A
Budel,Nico,HCE,Centrale,33,130,76,54,75,1,0.5846,52,28,11,3,5,15,0,0,21/22,A
Weber,Philipp,SCM,Centrale,34,129,75,54,74,1,0.5814,28,17,0,1,0,3,0,0,21/22,A
Boomhouwer,Jeffrey,BHC,Ala Sinistra,34,108,75,33,73,2,0.6944,6,10,1,1,3,3,0,0,21/22,A
Hornke,Tim,SCM,Ala Destra,30,105,74,31,66,8,0.7048000000000001,6,5,6,0,0,4,0,0,21/22,A
Gebala,Maciej,LEI,Pivot,31,108,74,34,74,0,0.6851999999999999,4,26,13,24,4,14,0,0,21/22,A
Jonsson,Elvar Orn,MTM,Centrale,25,115,74,41,74,0,0.6435,44,31,7,9,3,7,0,0,21/22,A
Firnhaber,Sebastian,HCE,Pivot,29,99,73,26,73,0,0.7373999999999999,13,18,9,18,6,14,1,0,21/22,A
Vujovic,Milos,BER,Ala Sinistra,34,103,73,30,68,5,0.7087,3,7,8,0,0,2,0,0,21/22,A
Bauer,Philipp,HSV,Centrale,30,133,71,62,71,0,0.5338,31,25,0,0,0,3,0,0,21/22,A
Einarsson,Teitur Orn,SGF,Terzino Destro,25,121,71,50,71,0,0.5868,46,25,3,0,1,2,0,0,21/22,A
Kunkel,Yves,MTM,Ala Sinistra,31,105,70,35,55,15,0.6667000000000001,7,14,3,0,1,2,0,0,21/22,A
Kneule,Tim,FAG,Centrale,31,124,69,55,69,0,0.56,62,23,4,7,5,9,0,0,21/22,A
Weinhold,Steffen,THW,Terzino Destro,32,103,69,34,69,0,0.67,44,16,8,0,7,18,0,0,21/22,A
Zechel,Tim,HCE,Pivot,34,83,69,14,68,1,0.8312999999999999,20,13,7,4,1,14,0,0,21/22,A
Stutzke,Lukas,BHC,Terzino Sinistro,29,134,69,65,69,0,0.5149,26,21,4,2,2,7,0,0,21/22,A
Jukic,Nikola,GWD,Terzino Destro,29,158,69,89,69,0,0.4367,48,25,6,4,1,7,0,0,21/22,A
Cederholm,Andreas,TBV,Terzino Destro,22,122,68,54,68,0,0.5574,24,21,1,0,0,2,0,0,21/22,A
Buchner,Vincent,HAN,Ala Sinistra,34,101,68,33,68,0,0.6733,4,12,20,0,1,7,1,0,21/22,A
Mamic,Marko,LEI,Terzino Sinistro,33,138,66,72,66,0,0.4783,74,39,22,32,7,16,0,0,21/22,A
Weck,Alexander,BHC,Terzino Sinistro,33,159,66,93,66,0,0.4150999999999999,40,22,2,3,1,1,0,0,21/22,A
Helander,Benjamin,RNL,Ala Sinistra,23,95,66,29,58,8,0.6947,5,7,3,0,2,4,0,0,21/22,A
Schluroff,Miro,GWD,Terzino Sinistro,30,118,66,52,66,0,0.5593,19,18,1,0,0,8,0,0,21/22,A
Novak,Domen,WET,Ala Destra,34,98,65,33,64,1,0.6633,1,8,3,0,0,2,0,0,21/22,A
Weiss,Dominik,TVB,Terzino Sinistro,33,134,64,70,64,0,0.48,38,20,11,34,6,20,2,0,21/22,A
Heinzelmann,Tobias,HBW,Pivot,31,87,64,23,64,0,0.7356,8,9,5,5,5,14,1,0,21/22,A
Heiny,Lutz,NLB,Terzino Sinistro,23,137,63,74,63,0,0.4599,46,27,0,2,4,10,1,0,21/22,A
Gensheimer,Uwe,RNL,Ala Sinistra,12,85,62,23,38,24,0.7293999999999999,3,4,4,0,1,1,0,0,21/22,A
Darj,Max,BHC,Pivot,27,84,61,23,61,0,0.7262000000000001,7,16,1,10,6,19,1,0,21/22,A
Gullerud,Magnus,SCM,Pivot,34,76,61,15,61,0,0.8026000000000001,13,10,5,14,7,10,0,0,21/22,A
Schagen,Bobby,TBV,Ala Destra,31,89,60,29,59,1,0.6742,29,17,7,2,1,1,0,0,21/22,A
Brozovic,Ilija,HAN,Pivot,34,89,60,29,60,0,0.6742,6,17,3,20,4,33,1,0,21/22,A
Nikolaisen,Tom Kare,BHC,Pivot,32,78,59,19,59,0,0.7564,9,15,1,9,10,17,2,0,21/22,A
Pekeler,Hendrik,THW,Pivot,27,80,58,22,58,0,0.725,12,8,9,16,5,4,0,0,21/22,A
Weissgerber,Lars,WET,Ala Destra,33,85,58,27,57,1,0.6823999999999999,6,7,3,1,1,4,0,0,21/22,A
Babak,Tomas,BHC,Centrale,27,105,58,47,58,0,0.5524,60,29,5,0,0,0,0,0,21/22,A
Guardiola,Gedeon,TBV,Pivot,30,97,57,40,57,0,0.5876,13,16,19,26,4,8,0,0,21/22,A
Nilsson,Lukas,RNL,Terzino Sinistro,23,102,57,45,57,0,0.5588000000000001,41,14,4,0,2,3,0,0,21/22,A
Smits,Kay,SCM,Terzino Destro,34,82,57,25,48,9,0.6951,18,5,0,0,0,2,0,0,21/22,A
Matthes,Tim,BER,Ala Sinistra,33,80,57,23,57,0,0.7125,3,10,12,1,0,4,0,0,21/22,A
Fredriksen,Magnus,WET,Centrale,33,97,57,40,57,0,0.5876,82,45,2,1,1,1,0,0,21/22,A
Mrakovcic,Luka,NLB,Centrale,33,109,57,52,57,0,0.5229,52,55,8,0,2,12,4,0,21/22,A
Cehte,Nejc,HAN,Terzino Destro,32,121,57,64,57,0,0.4711,53,26,5,4,4,10,0,0,21/22,A
Gomes,Andre,MTM,Terzino Sinistro,20,111,57,54,57,0,0.5135000000000001,10,18,2,0,0,5,0,0,21/22,A
Zarabec,Miha,THW,Centrale,34,91,55,36,52,3,0.6043999999999999,40,23,2,0,0,1,0,0,21/22,A
Pavlovic,Domagoj,MTM,Centrale,22,74,55,19,55,0,0.7432,22,16,5,3,2,4,0,0,21/22,A
Pettersson,Daniel,SCM,Ala Destra,34,75,54,21,54,0,0.72,10,6,2,1,1,1,0,0,21/22,A
Staar,Max,GWD,Ala Destra,28,92,54,38,54,0,0.5870000000000001,15,4,18,2,4,13,1,0,21/22,A
Simak,Frederik,TBV,Terzino Sinistro,32,90,54,36,52,2,0.6,24,15,7,9,5,18,0,0,21/22,A
Drux,Paul,BER,Terzino Sinistro,29,83,53,30,53,0,0.6386,51,17,1,3,1,7,0,0,21/22,A
Bagersted,Jacob,FAG,Pivot,33,67,53,14,53,0,0.7909999999999999,13,15,6,18,4,21,0,0,21/22,A
Spohn,Valentin,NLB,Terzino Sinistro,21,107,53,54,53,0,0.5,23,19,3,3,4,2,0,0,21/22,A
Baumgartner,Florian,NLB,Terzino Destro,19,138,52,86,52,0,0.3768,26,25,0,1,1,3,0,0,21/22,A
Valiullin,Azat,HSV,Terzino Sinistro,27,102,52,50,52,0,0.5097999999999999,24,22,5,10,5,15,0,0,21/22,A
Lagergren,Albin,RNL,Terzino Destro,29,79,52,27,50,2,0.6581999999999999,48,30,5,6,0,7,0,0,21/22,A
Bohm,Fabian,HAN,Terzino Sinistro,26,117,51,66,51,0,0.4359,21,20,2,2,5,10,1,0,21/22,A
Bilyk,Nikola,THW,Terzino Sinistro,34,86,50,36,50,0,0.5814,28,15,4,0,0,6,0,0,21/22,A
Jotic,Lovro,LEI,Centrale,27,103,50,53,50,0,0.4854,67,31,1,1,1,5,0,0,21/22,A
Ellebaek,Tobias,FAG,Terzino Sinistro,26,90,50,40,50,0,0.5556,60,22,1,0,1,4,0,0,21/22,A
Smarason,Janus Dadi,FAG,Centrale,24,84,49,35,49,0,0.5832999999999999,45,26,1,0,0,10,0,0,21/22,A
Andersen,Frederik Bo,HSV,Ala Destra,32,79,49,30,49,0,0.6203,0,9,7,0,0,1,0,0,21/22,A
Hermann,Till,FAG,Ala Sinistra,33,69,48,21,48,0,0.6957,1,4,3,0,1,0,0,0,21/22,A
O'Sullivan,Christian,SCM,Centrale,33,58,48,10,48,0,0.8276,50,14,13,13,4,6,0,0,21/22,A
Nissen,Marek,NLB,Terzino Sinistro,34,86,47,39,47,0,0.5465,10,21,2,15,1,16,0,0,21/22,A
Wiederstein,Fabian,HBW,Pivot,29,66,46,20,46,0,0.6970000000000001,3,14,1,4,12,15,1,0,21/22,A
Zelenovic,Nemanja,FAG,Terzino Destro,29,87,46,41,46,0,0.5287,19,14,2,1,1,5,0,0,21/22,A
Sunnefeldt,Oskar,LEI,Terzino Sinistro,34,98,46,52,46,0,0.4694,20,13,3,8,1,3,0,0,21/22,A
Hutecek,Lukas,TBV,Centrale,29,89,46,43,46,0,0.5169,58,17,11,0,3,7,0,0,21/22,A
Bezjak,Marko,SCM,Centrale,34,59,45,14,45,0,0.7626999999999999,45,29,12,4,3,15,1,0,21/22,A
Ahouansou,Philipp,RNL,Terzino Sinistro,22,68,45,23,45,0,0.6618,11,10,1,5,0,4,1,0,21/22,A
Steinhauser,Marius,SGF,Ala Destra,31,61,44,17,43,1,0.72,0,4,4,0,2,1,0,0,21/22,A
Wullenweber,Finn,HSV,Terzino Sinistro,24,89,44,45,44,0,0.4943999999999999,14,20,1,1,3,11,1,0,21/22,A
Meister,Lucas,GWD,Pivot,33,75,44,31,44,0,0.5867,6,13,7,11,7,30,2,0,21/22,A
Schulze,Alexander,TVB,Ala Sinistra,34,58,44,14,44,0,0.7585999999999999,0,4,6,0,1,5,0,0,21/22,A
Pevnov,Evgeni,HAN,Pivot,25,56,43,13,43,0,0.7679,4,5,6,17,6,6,1,0,21/22,A
Milosevic,Alen,LEI,Pivot,32,58,43,15,43,0,0.7414000000000001,13,13,9,9,3,12,1,0,21/22,A
Olsson,Hampus,HCE,Ala Destra,32,60,43,17,39,4,0.7167,4,5,3,0,0,4,0,0,21/22,A
Danner,Felix,WET,Pivot,32,53,42,11,42,0,0.7925,9,7,4,17,4,21,2,0,21/22,A
Bergemann,Thies,HSV,Ala Destra,29,61,42,19,42,0,0.6884999999999999,2,5,1,0,2,4,0,0,21/22,A
Mensing,Hans Aaron,SGF,Terzino Sinistro,24,81,41,40,41,0,0.5062,22,6,0,0,0,3,0,0,21/22,A
Grebenc,Jan,GWD,Terzino Sinistro,30,79,40,39,40,0,0.5063,21,25,3,2,3,9,0,0,21/22,A
Sogard,Goran,SGF,Terzino Sinistro,21,63,40,23,40,0,0.63,27,15,1,2,1,1,0,0,21/22,A
Edvardsson,Jonathan,HAN,Centrale,28,59,39,20,39,0,0.6609999999999999,48,26,8,1,0,7,0,0,21/22,A
Arnarsson,Arnar Freyr,MTM,Pivot,34,53,39,14,39,0,0.7358,3,20,6,23,9,20,2,0,21/22,A
Scott,James,HBW,Terzino Sinistro,30,79,39,40,39,0,0.4936999999999999,5,22,2,0,0,1,1,0,21/22,A
Kontrec,Tin,NLB,Pivot,25,55,39,16,39,0,0.7091,6,18,1,9,9,30,0,0,21/22,A
Gutbrod,Fabian,BHC,Terzino Sinistro,17,74,38,36,38,0,0.51,4,9,0,0,0,1,0,0,21/22,A
Dahmke,Rune,THW,Ala Sinistra,31,49,38,11,38,0,0.7755,5,2,4,0,0,5,0,0,21/22,A
Petrovsky,Leos,NLB,Pivot,33,52,37,15,37,0,0.71,8,11,4,19,11,24,1,0,21/22,A
Schonningsen,Simen,BHC,Terzino Destro,28,69,37,32,37,0,0.5362,29,22,0,1,2,7,0,0,21/22,A
Horzen,Kristjan,RNL,Pivot,34,55,37,18,37,0,0.6727,7,16,2,2,2,6,0,0,21/22,A
Guardiola,Isaias,TBV,Terzino Destro,21,65,36,29,36,0,0.5538000000000001,28,14,6,5,0,5,0,0,21/22,A
Hald Jensen,Simon,SGF,Pivot,33,46,36,10,36,0,0.7826000000000001,4,8,0,34,15,15,0,0,21/22,A
Pettersson,Alexander,MTM,Terzino Destro,33,63,35,28,35,0,0.5556,20,12,6,3,2,13,0,0,21/22,A
Augustinussen,Sebastian,TVB,Ala Destra,32,67,35,32,35,0,0.5224,6,6,4,3,5,11,0,0,21/22,A
Axmann,Dominik,HSV,Terzino Sinistro,14,51,34,17,34,0,0.6667000000000001,17,13,4,1,1,2,0,0,21/22,A
Beciri,Kristian,HBW,Pivot,26,50,32,18,32,0,0.64,3,20,2,8,4,14,0,0,21/22,A
Allendorf,Michael,MTM,Ala Sinistra,31,48,31,17,31,0,0.6457999999999999,1,8,2,1,0,3,0,0,21/22,A
Feise,Hannes,HAN,Ala Sinistra,34,42,31,11,31,0,0.7381,3,4,6,2,1,11,1,0,21/22,A
Ingason,Daniel Thor,HBW,Terzino Sinistro,34,65,30,35,30,0,0.4614999999999999,23,23,8,12,7,20,0,0,21/22,A
Kalarash,Gleb,MTM,Pivot,32,40,29,11,29,0,0.725,5,18,4,24,1,18,2,0,21/22,A
Theilinger,Nicolai,HSV,Terzino Destro,23,47,28,19,28,0,0.5957,15,20,3,0,4,7,0,0,21/22,A
Ehrig,Sven,THW,Ala Destra,33,47,27,20,27,0,0.5745,1,2,3,0,0,3,0,0,21/22,A
Runarsson,Andri Mar,TVB,Centrale,34,43,27,16,27,0,0.6279,10,11,1,0,0,2,0,0,21/22,A
Zeitz,Christian,GWD,Terzino Destro,30,54,25,29,25,0,0.4629999999999999,13,10,1,1,2,9,0,0,21/22,A
Thomann,Gregor,HBW,Ala Destra,26,43,25,18,15,10,0.5814,0,4,0,0,0,1,0,0,21/22,A
Semper,Franz,SGF,Terzino Destro,16,59,25,34,25,0,0.4236999999999999,20,8,0,0,1,0,0,0,21/22,A
Speckmann,Jan-Eric,NLB,Ala Sinistra,16,37,25,12,13,12,0.6757,2,1,1,0,1,0,0,0,21/22,A
Kogut,Andrej,TBV,Centrale,19,43,24,19,24,0,0.5581,18,3,2,1,2,2,0,0,21/22,A
Musche,Matthias,SCM,Ala Sinistra,22,33,24,9,24,0,0.7273000000000001,3,2,3,0,0,0,0,0,21/22,A
Janke,Maximilian,GWD,Centrale,26,33,24,9,24,0,0.7273000000000001,13,5,6,13,2,11,0,0,21/22,A
Drager,Yannick,NLB,Pivot,32,36,24,12,24,0,0.6667000000000001,13,10,5,24,3,24,6,0,21/22,A
Remke,Gregor,LEI,Terzino Destro,32,43,24,19,24,0,0.56,24,19,5,2,1,2,0,0,21/22,A
Kopljar,Marko,BER,Terzino Destro,29,40,24,16,24,0,0.6,14,7,3,18,7,12,1,0,21/22,A
Overby,Petter,HCE,Pivot,30,29,24,5,24,0,0.8276,4,7,5,7,4,18,3,0,21/22,A
Zacharias,Lion,RNL,Ala Sinistra,21,35,24,11,23,1,0.6857,3,1,8,0,0,3,0,0,21/22,A
Fath,Steffen,HCE,Terzino Sinistro,20,54,23,31,23,0,0.43,25,15,2,2,3,3,0,0,21/22,A
Schimmelbauer,Tobias,HSV,Ala Sinistra,31,27,23,4,23,0,0.85,7,4,0,2,7,33,3,0,21/22,A
Saueressig,Lukas,HBW,Centrale,16,39,23,16,23,0,0.5897,44,19,3,2,2,5,0,0,21/22,A
Srsen,Ivan,WET,Terzino Destro,34,45,23,22,23,0,0.5111,14,13,2,1,2,6,0,0,21/22,A
Mundus,Marvin,NLB,Centrale,34,42,23,19,23,0,0.5476,8,8,0,0,1,4,0,0,21/22,A
Koch,Johan,BER,Pivot,21,32,22,10,22,0,0.6875,0,9,0,0,1,5,0,0,21/22,A
Ernst,Simon,LEI,Centrale,34,46,22,24,22,0,0.4783,21,16,7,21,3,17,1,0,21/22,A
Spath,Manuel,HSV,Pivot,33,38,21,17,21,0,0.5526,3,20,2,9,6,19,0,0,21/22,A
Nicolaus,Fynn-Luca,TVB,Terzino Sinistro,14,27,21,6,21,0,0.7778,7,2,4,2,4,3,0,0,21/22,A
Richtzenhain,Justus Nicolas,GWD,Pivot,33,27,20,7,20,0,0.7406999999999999,3,11,0,2,2,10,0,0,21/22,A
Hafner,Max,TVB,Centrale,15,37,20,17,20,0,0.5405,19,10,1,0,0,2,0,0,21/22,A
Hanne,Martin,HAN,Terzino Sinistro,16,47,20,27,20,0,0.4255,11,10,1,0,0,1,0,0,21/22,A
Kleineidam,Jan,HSV,Centrale,22,34,19,15,19,0,0.5588000000000001,10,14,0,1,1,4,0,0,21/22,A
Goller,Axel,FAG,Ala Destra,33,30,19,11,12,7,0.63,0,0,1,0,0,0,0,0,21/22,A
Maric,Marino,MTM,Pivot,31,21,18,3,18,0,0.8571,2,5,1,1,0,2,0,0,21/22,A
Damm,Sebastian,BHC,Ala Sinistra,28,24,18,6,18,0,0.75,2,7,2,0,0,0,0,0,21/22,A
Rothlisberger,Samuel,TVB,Pivot,31,28,18,10,18,0,0.6429,8,6,6,20,10,17,1,0,21/22,A
Kusan,Tomislav,WET,Pivot,18,22,18,4,18,0,0.8181999999999999,2,7,1,5,1,6,0,0,21/22,A
Sarac,Josip,FAG,Terzino Sinistro,13,28,18,10,18,0,0.6429,7,2,6,1,1,7,0,0,21/22,A
Ossenkopp,Lukas,HSV,Terzino Sinistro,28,28,17,11,17,0,0.6071,11,9,2,6,5,12,1,0,21/22,A
Hansson,Emil,BHC,Ala Destra,32,26,17,9,17,0,0.6537999999999999,1,1,1,0,0,0,0,0,21/22,A
Michalczik,Marian,BER,Terzino Sinistro,12,24,17,7,17,0,0.7082999999999999,21,6,2,0,2,2,0,0,21/22,A
Fraatz,Yannick,BHC,Ala Destra,14,28,17,11,17,0,0.6071,1,1,1,1,0,0,0,0,21/22,A
Bergner,Tom,BHC,Pivot,29,27,17,10,17,0,0.6296,0,2,0,0,0,2,0,0,21/22,A
Kranzmann,Florian,GWD,Ala Sinistra,34,31,17,14,15,2,0.5484,2,3,4,0,0,0,0,0,21/22,A
Beneke,Max Christoph,BER,Terzino Destro,17,25,17,8,17,0,0.68,2,13,0,0,3,1,0,0,21/22,A
Fischer,Justus,HAN,Pivot,19,20,17,3,17,0,0.85,0,3,0,3,1,2,0,0,21/22,A
Esche,Marc,LEI,Ala Sinistra,33,27,16,11,16,0,0.5926,1,3,1,0,0,1,0,0,21/22,A
Mirkulovski,Filip,WET,Centrale,30,26,15,11,15,0,0.58,6,17,0,0,0,0,0,0,21/22,A
Chrapkowski,Piotr,SCM,Terzino Sinistro,34,18,15,3,15,0,0.83,10,2,10,13,1,22,1,0,21/22,A
Leban,Patrik,HCE,Centrale,34,25,15,10,15,0,0.6,15,11,2,0,0,2,0,0,21/22,A
Reitemann,Michel,TBV,Pivot,33,22,15,7,15,0,0.6818000000000001,1,6,0,0,0,1,0,0,21/22,A
Ebner,Dominik,NLB,Terzino Destro,6,26,14,12,14,0,0.5385,5,4,0,1,0,3,1,0,21/22,A
Jaeger,Max,HCE,Ala Sinistra,31,20,14,6,14,0,0.7,1,0,2,0,0,1,0,0,21/22,A
Thiele,Joshua,GWD,Pivot,30,22,14,8,14,0,0.6364,1,6,2,2,7,15,1,0,21/22,A
Volz,Patrick,HBW,Ala Sinistra,20,18,13,5,13,0,0.7222,2,1,0,0,1,1,0,0,21/22,A
Schwarzer,Kian,TBV,Ala Sinistra,33,20,13,7,13,0,0.65,2,0,0,0,1,0,0,0,21/22,A
Feld,Alexander,WET,Centrale,12,30,12,18,11,1,0.4,1,6,0,0,0,3,0,0,21/22,A
Lindskog,Anton,SGF,Pivot,34,17,12,5,12,0,0.71,2,3,3,21,3,16,0,0,21/22,A
Chrintz,Valter,BER,Ala Destra,29,13,12,1,12,0,0.9231,0,2,3,0,0,1,1,0,21/22,A
Diocou Soumare,Mamadou,RNL,Terzino Destro,14,25,12,13,12,0,0.48,0,3,3,0,0,2,0,0,21/22,A
Krone,Jannes,HAN,Ala Destra,29,23,11,12,11,0,0.4783,1,4,2,0,0,2,0,0,21/22,A
Rod,Magnus,SGF,Terzino Destro,8,17,11,6,11,0,0.6470999999999999,10,1,1,1,2,4,0,0,21/22,A
Gislason,Ymir Orn,RNL,Pivot,33,18,11,7,11,0,0.61,6,11,12,11,9,23,0,0,21/22,A
Langhoff,Matthes,BER,Terzino Sinistro,28,21,11,10,11,0,0.5238,2,8,4,0,0,2,0,0,21/22,A
Ciudad Benitez,Leon,THW,Pivot,30,14,11,3,11,0,0.7857,0,2,0,0,0,1,0,0,21/22,A
Horak,Pavel,THW,Terzino Sinistro,34,14,10,4,10,0,0.7143,1,1,1,4,2,6,0,0,21/22,A
Link,Nikolai,HCE,Terzino Sinistro,33,14,10,4,10,0,0.7143,5,0,4,12,7,22,1,0,21/22,A
Szucs,Csaba,BHC,Centrale,21,21,10,11,10,0,0.4761999999999999,22,10,2,9,4,9,2,0,21/22,A
Gretarsson,Oddur,HBW,Ala Sinistra,4,13,10,3,3,7,0.7692,1,1,1,0,0,0,0,0,21/22,A
More,David,RNL,Ala Sinistra,7,14,9,5,9,0,0.64,0,1,0,0,0,0,0,0,21/22,A
Hildenbrand,Tim,HBW,Ala Destra,5,18,9,9,9,0,0.5,1,2,0,0,0,1,0,0,21/22,A
Franke,Marten,NLB,Ala Destra,7,20,8,12,8,0,0.4,0,1,0,0,0,1,0,0,21/22,A
Timm,Marcel,TBV,Pivot,8,11,8,3,8,0,0.73,0,1,0,1,0,0,0,0,21/22,A
Neudeck,Oskar,FAG,Terzino Sinistro,27,17,8,9,8,0,0.47,6,8,2,1,0,3,0,0,21/22,A
Todorovic,Uros,HBW,Terzino Destro,16,19,7,12,7,0,0.37,4,11,1,0,1,5,0,0,21/22,A
Lichtlein,Nils,BER,Centrale,11,12,7,5,7,0,0.58,4,5,1,0,0,0,0,0,21/22,A
Tokuda,Rennosuke,NLB,Terzino Destro,15,12,7,5,7,0,0.5832999999999999,8,17,0,0,0,0,0,0,21/22,A
Niemann,Max,HSV,Centrale,4,10,7,3,7,0,0.7,5,6,0,0,0,1,0,0,21/22,A
Faust,Jarnes,THW,Ala Destra,1,7,7,0,7,0,1.0,0,0,1,0,0,0,0,0,21/22,A
Stevanovic,Nikola,HBW,Terzino Destro,15,13,6,7,6,0,0.4614999999999999,6,6,2,0,0,0,0,0,21/22,A
Marcher Petersen,Mark Strandgaard,FAG,Ala Destra,3,8,6,2,6,0,0.75,0,1,1,0,0,0,0,0,21/22,A
Vignjevic,Marko,GWD,Terzino Sinistro,11,14,6,8,6,0,0.43,2,1,1,2,0,2,0,0,21/22,A
Fuchs,Julian,MTM,Ala Destra,17,13,6,7,4,2,0.46,0,1,3,0,1,0,0,0,21/22,A
Klimpke,Ole,WET,Terzino Sinistro,16,10,6,4,6,0,0.6,4,1,2,0,0,0,0,0,21/22,A
Huber,Elias,HBW,Centrale,12,9,6,3,6,0,0.6667000000000001,4,2,0,0,0,0,0,0,21/22,A
Wente,Till,HBW,Terzino Sinistro,15,11,6,5,6,0,0.55,2,1,0,1,0,3,0,0,21/22,A
Semisch,Malte,GWD,Portiere,32,8,5,3,5,0,0.63,17,1,0,0,1,0,0,0,21/22,A
Preuss,Moritz,SCM,Pivot,11,6,5,1,5,0,0.83,0,2,0,1,0,2,0,0,21/22,A
Roscheck,Bastian,HAN,Pivot,32,9,5,4,5,0,0.56,5,0,4,10,6,19,0,0,21/22,A
Schottle,Nico,TVB,Terzino Sinistro,9,11,5,6,5,0,0.45,0,0,0,0,0,0,0,0,21/22,A
Morros de Argila,Viran,BER,Terzino Sinistro,27,4,4,0,4,0,1.0,2,0,2,8,3,9,1,0,21/22,A
Simic,Nebojsa,MTM,Portiere,34,5,4,1,4,0,0.8,6,0,0,0,0,0,0,0,21/22,A
Milosavljev,Dejan,BER,Portiere,34,6,4,2,4,0,0.67,18,0,0,0,1,0,0,0,21/22,A
Ruminsky,Mario,HBW,Portiere,33,7,4,3,4,0,0.57,15,3,0,0,0,1,0,0,21/22,A
Meyer-Siebert,Julius,SGF,Terzino Sinistro,19,9,4,5,4,0,0.44,1,1,0,0,1,0,0,0,21/22,A
Hanemann,Hendrik,LEI,Pivot,15,5,4,1,4,0,0.8,0,0,0,0,0,1,0,0,21/22,A
Fugel,Elias,HBW,Ala Destra,8,5,4,1,4,0,0.8,0,0,0,0,0,0,0,0,21/22,A
Patrail,Mait,RNL,Terzino Sinistro,28,5,3,2,3,0,0.6,8,0,6,17,2,6,0,0,21/22,A
Rudeck,Christopher,BHC,Portiere,33,4,3,1,3,0,0.75,2,1,0,0,1,1,0,0,21/22,A
Jensen,Mike,SCM,Portiere,34,4,3,1,3,0,0.75,5,0,0,0,0,1,0,0,21/22,A
Sauter,Moritz,BER,Centrale,5,4,3,1,3,0,0.75,0,1,0,0,0,0,0,0,21/22,A
Schmitz,Tobias,BHC,Ala Sinistra,7,6,3,3,3,0,0.5,0,0,0,0,0,2,0,0,21/22,A
Van Oettingen,Oscar,SGF,Terzino Destro,8,4,3,1,3,0,0.75,2,3,0,0,0,0,0,0,21/22,A
Horr,Manuel,MTM,Centrale,13,3,3,0,3,0,1.0,1,4,0,0,0,0,0,0,21/22,A
Drosten,Florian,MTM,Ala Sinistra,8,4,3,1,2,1,0.75,0,1,0,0,0,0,0,0,21/22,A
Jacobs,Jann Keno,BER,Pivot,3,4,3,1,3,0,0.75,1,0,1,0,0,2,0,0,21/22,A
Green,Jannick,SCM,Portiere,34,3,2,1,2,0,0.6667000000000001,2,0,0,0,0,2,0,0,21/22,A
Johannesson,Peter,TBV,Portiere,29,4,2,2,2,0,0.5,7,0,0,0,0,1,0,0,21/22,A
Klimpke,Till,WET,Portiere,31,3,2,1,2,0,0.6667000000000001,10,2,0,0,0,1,0,0,21/22,A
Myrhol,Bjarte Hakon,THW,Pivot,3,5,2,3,2,0,0.4,0,1,0,0,0,0,0,0,21/22,A
Kuntscher,David,MTM,Terzino Destro,17,4,2,2,2,0,0.5,0,0,0,0,0,0,0,0,21/22,A
Seitz,Stephan,HCE,Terzino Destro,8,6,2,4,2,0,0.3333,0,1,0,0,0,0,0,0,21/22,A
Michalski,Niklas,RNL,Ala Destra,6,5,2,3,2,0,0.4,0,0,0,0,0,0,0,0,21/22,A
Finn-Jannes,Gernus,NLB,Ala Sinistra,15,4,2,2,2,0,0.5,2,0,0,0,0,0,0,0,21/22,A
Weber,Daniel,HAN,Ala Destra,1,2,2,0,2,0,1.0,0,0,0,0,0,0,0,0,21/22,A
Quardfasel,Mats Ove,HSV,Ala Destra,1,4,2,2,2,0,0.5,0,1,1,0,0,0,0,0,21/22,A
Hasenkamp,Fynn Jarik,SGF,Terzino Sinistro,8,3,2,1,2,0,0.6667000000000001,0,0,0,1,0,0,0,0,21/22,A
Schwormstede,Luca Alexander,THW,Terzino Sinistro,1,2,2,0,2,0,1.0,0,0,0,0,0,1,0,0,21/22,A
Mrkva,Tomas,BHC,Portiere,33,2,1,1,1,0,0.5,2,1,0,0,0,0,0,0,21/22,A
Bitter,Johannes,HSV,Portiere,33,1,1,0,1,0,1.0,10,3,0,0,1,2,0,0,21/22,A
Vori,Igor,BER,Pivot,4,3,1,2,1,0,0.3333,0,2,0,0,0,3,0,0,21/22,A
Muller,Michael,SGF,Terzino Destro,12,1,1,0,1,0,1.0,0,0,0,0,0,1,0,0,21/22,A
Palicka,Andreas,RNL,Portiere,11,1,1,0,1,0,1.0,6,1,0,0,0,0,0,0,21/22,A
Katsigiannis,Nikolas,RNL,Portiere,23,1,1,0,1,0,1.0,5,2,0,0,0,0,0,0,21/22,A
Meschke,Benjamin,TVB,Pivot,14,3,1,2,1,0,0.3333,0,1,0,0,0,1,0,0,21/22,A
Rebmann,Daniel,FAG,Portiere,32,2,1,1,1,0,0.5,4,2,0,0,0,0,0,0,21/22,A
Møller,Kevin,SGF,Portiere,33,2,1,1,1,0,0.5,11,1,0,0,0,0,0,0,21/22,A
Honicke,Jonas,LEI,Centrale,3,2,1,1,1,0,0.5,2,2,0,0,0,1,0,0,21/22,A
Ebner,Domenico,HAN,Portiere,27,2,1,1,1,0,0.5,4,1,0,0,0,0,0,0,21/22,A
Kastelic,Urh,FAG,Portiere,28,3,1,2,1,0,0.3333,5,1,0,0,0,0,0,0,21/22,A
Pesic,Ivan,TVB,Portiere,22,1,1,0,1,0,1.0,1,0,0,0,0,0,0,0,21/22,A
Kessler,Maximilian,RNL,Ala Sinistra,1,3,1,2,1,0,0.3333,0,0,0,0,0,0,0,0,21/22,A
Saeveraas,Kristian,LEI,Portiere,34,1,1,0,1,0,1.0,11,1,1,0,0,0,0,0,21/22,A
Gertges,Jonas,HSV,Ala Sinistra,24,1,1,0,1,0,1.0,0,0,0,0,0,0,0,0,21/22,A
Moller,Lasse,SGF,Terzino Sinistro,1,2,1,1,0,1,0.5,0,0,0,0,0,0,0,0,21/22,A
Marschall,Tarek,HCE,Centrale,19,8,1,7,1,0,0.125,1,5,1,0,0,0,0,0,21/22,A
Juric,Petar,HAN,Centrale,1,1,1,0,1,0,1.0,0,0,1,0,0,1,0,0,21/22,A
Sejr Jensen,Simon,HBW,Portiere,33,3,1,2,1,0,0.3333,5,3,0,0,0,0,0,0,21/22,A
Suljakovic,Anadin,WET,Portiere,28,3,1,2,1,0,0.3333,4,0,0,0,0,0,0,0,21/22,A
Heinis,Robin,BER,Terzino Destro,4,1,1,0,1,0,1.0,0,0,0,0,0,0,0,0,21/22,A
Kompenhans,Paul,MTM,Centrale,5,2,1,1,1,0,0.5,0,2,1,0,0,0,0,0,21/22,A
Hejny,Maximilian,FAG,Terzino Destro,5,1,1,0,1,0,1.0,0,0,0,0,0,0,0,0,21/22,A
Holzhacker,Paul,GWD,Ala Destra,5,2,1,1,1,0,0.5,0,1,0,0,0,0,0,0,21/22,A
Lets,Vladislav,BER,Pivot,1,1,1,0,1,0,1.0,0,0,0,0,0,0,0,0,21/22,A
El-Tayar,Mohamed Essam Moustafa,LEI,Portiere,16,1,1,0,1,0,1.0,1,0,0,0,0,0,0,0,21/22,A
Eisele,Felix,FAG,Ala Destra,2,1,1,0,1,0,1.0,0,0,0,0,0,0,0,0,21/22,A
Bacani,Nico,TVB,Ala Destra,2,1,1,0,1,0,1.0,0,0,0,0,0,0,0,0,21/22,A
Heinevetter,Silvio,MTM,Portiere,34,0,0,0,0,0,0.0,4,4,0,0,0,0,0,0,21/22,A
Bult,Mark,SGF,Terzino Destro,3,0,0,0,0,0,0.0,0,0,0,0,3,0,0,0,21/22,A
Vortmann,Jens,HSV,Portiere,30,0,0,0,0,0,0.0,3,0,0,0,1,0,0,0,21/22,A
Ziemer,Martin,HCE,Portiere,28,0,0,0,0,0,0.0,5,1,0,0,1,0,0,0,21/22,A
Lackovic,Blazenko,HSV,Terzino Sinistro,1,0,0,0,0,0,0.0,0,0,0,0,2,0,0,0,21/22,A
Quenstedt,Dario,THW,Portiere,33,0,0,0,0,0,0.0,1,0,0,0,0,0,0,0,21/22,A
Lichtlein,Carsten,GWD,Portiere,34,0,0,0,0,0,0.0,0,0,0,0,0,0,0,0,21/22,A
Ritschel,Matthias,HAN,Portiere,7,0,0,0,0,0,0.0,0,0,0,0,0,0,0,0,21/22,A
Rezar,Aljosa,NLB,Portiere,34,0,0,0,0,0,0.0,4,2,0,0,0,0,0,0,21/22,A
Lemke,Finn,MTM,Terzino Sinistro,4,0,0,0,0,0,0.0,0,0,1,3,0,1,0,0,21/22,A
Maier,Jonas,HSV,Portiere,3,0,0,0,0,0,0.0,2,0,0,0,0,0,0,0,21/22,A
Appelgren,Mikael,RNL,Portiere,13,0,0,0,0,0,0.0,5,1,0,0,0,0,0,0,21/22,A
Landin,Niklas,THW,Portiere,31,0,0,0,0,0,0.0,6,0,1,0,0,1,0,0,21/22,A
von Gruchalla,Florian,HCE,Ala Destra,2,0,0,0,0,0,0.0,0,0,0,0,0,0,0,0,21/22,A
Prost,Primoz,TVB,Portiere,12,0,0,0,0,0,0.0,4,0,0,0,0,0,0,0,21/22,A
Sonne-Hansen,Kim,HCE,Portiere,9,0,0,0,0,0,0.0,0,0,0,0,0,0,0,0,21/22,A
Oehlrich,Thomas,BER,Pivot,1,0,0,0,0,0,0.0,0,0,0,0,1,1,0,0,21/22,A
Gempp,Patrick,WET,Pivot,3,0,0,0,0,0,0.0,0,0,0,0,0,0,0,0,21/22,A
Wolf,Tom,NLB,Terzino Sinistro,7,0,0,0,0,0,0.0,0,4,0,0,0,1,0,0,21/22,A
Genz,Fredrik,BER,Portiere,31,0,0,0,0,0,0.0,1,0,0,0,0,0,0,0,21/22,A
Thulin,Tobias,TVB,Portiere,28,0,0,0,0,0,0.0,4,0,0,0,0,0,0,0,21/22,A
Birlehm,Joel,RNL,Portiere,34,0,0,0,0,0,0.0,10,1,0,0,0,0,0,0,21/22,A
Hassferter,Michael,HCE,Portiere,3,0,0,0,0,0,0.0,0,0,0,0,0,0,0,0,21/22,A
Kellner,Benedikt,HCE,Centrale,6,0,0,0,0,0,0.0,0,0,0,0,0,0,0,0,21/22,A
Buric,Benjamin,SGF,Portiere,32,0,0,0,0,0,0.0,3,0,0,0,0,0,0,0,21/22,A
Zecher,Finn,TBV,Portiere,34,0,0,0,0,0,0.0,3,0,0,0,0,0,0,0,21/22,A
Boieck,Janis,HCE,Portiere,1,0,0,0,0,0,0.0,0,0,0,0,0,0,0,0,21/22,A
Ende,Moritz,BER,Ala Destra,4,0,0,0,0,0,0.0,0,1,0,0,0,0,0,0,21/22,A
Pusica,Miljan,GWD,Terzino Sinistro,3,0,0,0,0,0,0.0,0,0,0,0,0,0,0,0,21/22,A
Abutovic,Ilija,RNL,Terzino Sinistro,32,0,0,0,0,0,0.0,1,0,2,12,9,19,3,0,21/22,A
Lesjak,Urban,HAN,Portiere,31,0,0,0,0,0,0.0,3,1,0,0,0,0,0,0,21/22,A
Komok,Gennadiy,WET,Portiere,9,0,0,0,0,0,0.0,0,0,0,0,0,0,0,0,21/22,A
Ferlin,Klemen,HCE,Portiere,28,0,0,0,0,0,0.0,7,2,0,0,0,0,0,0,21/22,A
Vujovic,Miljan,TVB,Portiere,13,0,0,0,0,0,0.0,4,0,0,0,0,0,1,0,21/22,A
Simonsen,Christian Ole,LEI,Portiere,1,0,0,0,0,0,0.0,0,0,0,0,0,0,0,0,21/22,A
Geis,Linus,TBV,Terzino Sinistro,11,0,0,0,0,0,0.0,0,0,0,0,0,0,0,0,21/22,A
Ehlers,Matteo,HAN,Centrale,6,0,0,0,0,0,0.0,1,0,0,0,0,0,0,0,21/22,A
Klein,Sebastian,FAG,Portiere,8,0,0,0,0,0,0.0,0,0,0,0,0,0,0,0,21/22,A
Baranasic,Filip,HBW,Portiere,2,0,0,0,0,0,0.0,0,0,0,0,0,0,0,0,21/22,A
Baumgart,Luka,SCM,Centrale,1,0,0,0,0,0,0.0,0,0,0,0,0,0,0,0,21/22,A
Foege,Luis Plymford,TVB,Terzino Destro,5,0,0,0,0,0,0.0,0,0,0,0,0,0,0,0,21/22,A
Bialowas,Yannik,HCE,Ala Sinistra,1,0,0,0,0,0,0.0,0,0,0,0,0,0,0,0,21/22,A
Wernlein,Felix,HAN,Portiere,3,0,0,0,0,0,0.0,0,0,0,0,0,0,0,0,21/22,A
Kraus,Dustin,BER,Terzino Sinistro,1,0,0,0,0,0,0.0,0,0,0,0,0,0,0,0,21/22,A
Klama,Joonas,BHC,Portiere,4,0,0,0,0,0,0.0,0,0,0,0,0,0,0,0,21/22,A
Munzinger,Luca,HBW,Terzino Destro,7,0,0,0,0,0,0.0,0,0,0,0,0,0,0,0,21/22,A
Ludwig,Lasse,BER,Portiere,3,0,0,0,0,0,0.0,0,0,0,0,0,0,0,0,21/22,A
Freihofer,Tim,BER,Ala Sinistra,1,0,0,0,0,0,0.0,0,0,0,0,0,0,0,0,21/22,A
Eissing,Felix,SCM,Ala Destra,2,0,0,0,0,0,0.0,0,0,0,0,0,0,0,0,21/22,A
Uscins,Renars,SCM,Terzino Destro,1,0,0,0,0,0,0.0,0,0,0,0,0,0,0,0,21/22,A
Leppich,Jonas,BHC,Pivot,2,0,0,0,0,0,0.0,0,0,0,0,0,0,0,0,21/22,A
Muhlenstadt,Timon,TBV,Portiere,5,0,0,0,0,0,0.0,0,0,0,0,0,0,0,0,21/22,A
Kaulitz,Tim,FAG,Ala Sinistra,2,0,0,0,0,0,0.0,0,0,0,0,0,0,0,0,21/22,A
Beekmann,Ben,MTM,Ala Sinistra,4,0,0,0,0,0,0.0,0,0,0,0,0,0,0,0,21/22,A
Spath,David,RNL,Portiere,9,0,0,0,0,0,0.0,0,1,0,0,0,0,0,0,21/22,A
Carstensen,Leve,TBV,Ala Sinistra,1,0,0,0,0,0,0.0,0,0,0,0,0,0,0,0,21/22,A
Hubke,Torben,SGF,Pivot,1,0,0,0,0,0,0.0,0,0,0,0,0,0,0,0,21/22,A
Holpert,Magnus,GWD,Centrale,2,0,0,0,0,0,0.0,0,0,0,0,0,0,0,0,21/22,A
Wager,Philipp Maximilian,THW,Terzino Sinistro,1,0,0,0,0,0,0.0,0,0,0,0,0,0,0,0,21/22,A
Saggau,Philip Hartwig,THW,Portiere,5,0,0,0,0,0,0.0,0,0,0,0,0,0,0,0,21/22,A
Blum,Matthis,RNL,Centrale,1,0,0,0,0,0,0.0,2,1,0,0,0,0,0,0,21/22,A
Feit,Thore,HSV,Pivot,3,0,0,0,0,0,0.0,0,2,0,0,0,0,0,0,21/22,A
Blaauw,Niko,TBV,Centrale,27,0,0,0,0,0,0.0,8,5,0,1,0,1,0,0,21/22,A
Leun,Finn-Lukas,LEI,Terzino Destro,2,0,0,0,0,0,0.0,0,0,0,0,0,0,0,0,21/22,A
Sajenev,Mika Laurin,LEI,Pivot,1,0,0,0,0,0,0.0,0,0,0,0,0,0,0,0,21/22,A
Demerza,Alexej,GWD,Terzino Sinistro,1,0,0,0,0,0,0.0,0,0,0,0,0,0,0,0,21/22,A
Scholtes,Elias,RNL,Terzino Destro,2,0,0,0,0,0,0.0,0,0,0,0,0,0,0,0,21/22,A
Oetjen,Thore,TBV,Pivot,1,0,0,0,0,0,0.0,0,1,0,0,0,0,0,0,21/22,A
Scheiner,Joshua,TVB,Portiere,1,0,0,0,0,0,0.0,0,0,0,0,0,0,0,0,21/22,A
Ayar,Koray,HAN,Pivot,10,0,0,0,0,0,0.0,0,1,0,0,0,0,0,0,21/22,A
Herz,Christian,TBV,Terzino Sinistro,1,0,0,0,0,0,0.0,0,0,0,0,0,0,0,0,21/22,A
Buchele,Julian,FAG,Portiere,3,0,0,0,0,0,0.0,0,0,0,0,0,0,0,0,21/22,A
Backhaus,Theodor Felix,SGF,Portiere,5,0,0,0,0,0,0.0,0,0,0,0,0,0,0,0,21/22,A
Grupe,Mats,RNL,Portiere,5,0,0,0,0,0,0.0,0,0,0,0,0,0,0,0,21/22,A
Hansen,Hark,TBV,Terzino Destro,3,0,0,0,0,0,0.0,0,0,0,0,0,0,0,0,21/22,A
Bauder,Tim,HCE,Ala Sinistra,1,0,0,0,0,0,0.0,0,0,0,0,0,0,0,0,21/22,A
Okpara,Maduwuike,WET,Pivot,5,0,0,0,0,0,0.0,0,0,0,0,0,0,0,0,21/22,A
Stoyke,Timo,GWD,Pivot,2,0,0,0,0,0,0.0,0,0,0,0,0,1,0,0,21/22,A
Grabitz,Lucas,GWD,Portiere,2,0,0,0,0,0,0.0,0,0,0,0,0,0,0,0,21/22,A
Sahin,Rohat,MTM,Pivot,10,0,0,0,0,0,0.0,0,0,0,0,0,0,0,0,21/22,A
Helmersson,Mikael,SGF,Terzino Sinistro,2,0,0,0,0,0,0.0,0,0,0,0,0,0,0,0,21/22,A
Gunther,Ole,GWD,Terzino Destro,1,0,0,0,0,0,0.0,0,0,0,0,0,0,0,0,21/22,A
Timmermeister,Robert,RNL,Terzino Sinistro,2,0,0,0,0,0,0.0,0,0,0,0,0,0,0,0,21/22,A
Asheim,Havard,NLB,Portiere,32,0,0,0,0,0,0.0,3,0,0,0,0,0,0,0,21/22,A
Boczkowski,Leon,WET,Centrale,6,0,0,0,0,0,0.0,0,0,0,0,0,0,0,0,21/22,A
Ruddat,Elias,SCM,Ala Sinistra,2,0,0,0,0,0,0.0,0,0,0,0,0,0,0,0,21/22,A
Wollert,Ben,NLB,Portiere,2,0,0,0,0,0,0.0,0,0,0,0,0,0,0,0,21/22,A
Knuttel,Niklas,NLB,Pivot,1,0,0,0,0,0,0.0,0,0,0,0,0,0,0,0,21/22,A
Adam,Frederik,SGF,Ala Sinistra,3,0,0,0,0,0,0.0,0,0,0,0,0,0,0,0,21/22,A
Pereira,Francisco,BER,Ala Destra,1,0,0,0,0,0,0.0,0,0,0,0,0,0,0,0,21/22,A
Depping,Luc,HAN,Ala Destra,5,0,0,0,0,0,0.0,2,0,0,0,0,0,0,0,21/22,A
Mauch,Jan Luca,TVB,Terzino Destro,2,0,0,0,0,0,0.0,0,0,0,0,0,0,0,0,21/22,A
Greilich,Nils,LEI,Ala Sinistra,1,0,0,0,0,0,0.0,0,0,0,0,0,0,0,0,21/22,A
Widmaier,Maurice,TVB,Centrale,1,0,0,0,0,0,0.0,0,0,0,0,0,0,0,0,21/22,A
Grundel,Finn Luca,HSV,Portiere,1,0,0,0,0,0,0.0,0,0,0,0,0,0,0,0,21/22,A
Meinking,Marvin,NLB,Ala Destra,1,0,0,0,0,0,0.0,0,0,0,0,0,0,0,0,21/22,A
Wunsch,Joel,HAN,Ala Sinistra,2,0,0,0,0,0,0.0,0,0,0,0,0,0,0,0,21/22,A
Siebel,Lasse,TVB,Ala Destra,1,0,0,0,0,0,0.0,0,0,0,0,0,0,0,0,21/22,A
Wuzella,Daniel,SGF,Centrale,1,0,0,0,0,0,0.0,0,0,0,0,0,0,0,0,21/22,A
Bones,Paul,LEI,Centrale,1,0,0,0,0,0,0.0,0,0,0,0,0,0,0,0,21/22,A
Hacker,Franz,LEI,Terzino Sinistro,1,0,0,0,0,0,0.0,0,0,0,0,0,0,0,0,21/22,A
Schroder,Nils,HAN,Terzino Sinistro,2,0,0,0,0,0,0.0,0,0,0,0,0,0,0,0,21/22,A
Peter,Staffan,LEI,Ala Destra,1,0,0,0,0,0,0.0,0,0,0,0,0,0,0,0,21/22,A
Dieffenbacher,Ron Yunis,BER,Pivot,4,0,0,0,0,0,0.0,0,0,0,0,0,0,0,0,21/22,A
Pinski,Alexander,HSV,Portiere,1,0,0,0,0,0,0.0,0,0,0,0,0,0,0,0,21/22,A
Most,Alex Wolfgang,HSV,Pivot,3,0,0,0,0,0,0.0,0,0,0,0,0,0,0,0,21/22,A
Schnitter,Jannis,HSV,Terzino Sinistro,1,0,0,0,0,0,0.0,0,0,0,0,0,0,0,0,21/22,A
Battermann,Ben Connar,THW,Terzino Sinistro,1,0,0,0,0,0,0.0,0,1,1,0,0,0,0,0,21/22,A
Bendiks,Bo Asmuss,SGF,Portiere,1,0,0,0,0,0,0.0,0,0,0,0,0,0,0,0,21/22,A
Mortensen,Casper,HSV,Ala Sinistra,32,334,234,100,162,72,0.7006,9,24,18,0,1,6,0,0,22/23,A
Knorr,Juri,RNL,Centrale,34,329,213,116,130,83,0.6474,126,90,4,3,1,3,1,0,22/23,A
Blohme,Lukas,GUM,Ala Destra,34,268,192,76,179,13,0.7164,15,18,12,1,2,11,2,0,22/23,A
Smits,Kay,SCM,Terzino Destro,34,270,190,80,116,74,0.7037,58,32,4,2,0,5,0,0,22/23,A
Jakobsen,Emil,SGF,Ala Sinistra,34,223,168,55,115,53,0.7534000000000001,6,14,2,0,2,4,0,0,22/23,A
Steinert,Christoph,HCE,Terzino Destro,31,249,166,83,81,85,0.6667000000000001,42,34,6,5,1,4,0,0,22/23,A
Lindberg,Hans,BER,Ala Destra,28,199,156,43,74,82,0.7839,3,9,7,0,0,2,1,0,22/23,A
Zehnder,Samuel,TBV,Ala Sinistra,27,203,155,48,88,67,0.7635,3,8,8,0,0,2,0,0,22/23,A
Kristjansson,Gisli Thorgeir,SCM,Centrale,31,217,152,65,152,0,0.7005,107,69,1,3,1,5,0,0,22/23,A
Rubin,Lenny,WET,Terzino Sinistro,33,286,152,134,152,0,0.5315,56,47,9,18,2,18,0,0,22/23,A
Schiller,Marcel,FAG,Ala Sinistra,27,207,146,61,66,80,0.7053,5,5,9,0,0,1,0,0,22/23,A
Mappes,Dominik,GUM,Centrale,24,228,141,87,95,46,0.6184000000000001,85,32,2,0,0,1,0,0,22/23,A
Koster,Julian,GUM,Terzino Sinistro,34,246,140,106,140,0,0.5690999999999999,157,89,10,26,2,16,0,0,22/23,A
Versteijnen,Niels Gerardus,TBV,Terzino Destro,34,253,140,113,139,1,0.5534,72,66,4,4,2,10,1,0,22/23,A
Groetzki,Patrick,RNL,Ala Destra,33,182,139,43,139,0,0.7637,25,17,14,1,1,8,0,0,22/23,A
Golla,Johannes,SGF,Pivot,33,182,139,43,139,0,0.7637,24,18,13,21,5,17,0,0,22/23,A
Gidsel,Mathias,BER,Terzino Destro,27,203,139,64,139,0,0.6847,79,49,14,0,3,3,0,0,22/23,A
Ekberg,Niclas,THW,Ala Destra,32,181,137,44,64,73,0.7569,7,8,9,1,0,2,0,0,22/23,A
Huesmann,Fabian,ASV,Ala Sinistra,32,204,137,67,69,68,0.6716,1,14,8,1,2,8,0,0,22/23,A
Holm,Jacob,BER,Centrale,34,226,137,89,137,0,0.6062,65,43,3,0,1,2,0,0,22/23,A
Andersen,Frederik Bo,HSV,Ala Destra,33,177,137,40,120,17,0.774,9,9,10,0,0,5,0,0,22/23,A
Darmoul,Mohamed Amine,GWD,Centrale,26,202,137,65,123,14,0.6781999999999999,31,48,6,0,0,8,0,0,22/23,A
Baijens,Dani,HSV,Centrale,34,249,136,113,136,0,0.5462,104,73,4,0,5,12,1,0,22/23,A
Pfattheicher,Sascha,TVB,Ala Destra,33,192,135,57,114,21,0.7031000000000001,3,16,8,0,2,2,0,0,22/23,A
Kristjansson,Viggo,LEI,Terzino Destro,23,209,135,74,78,57,0.6459,72,59,5,1,1,10,0,0,22/23,A
Arnesson,Linus,BHC,Centrale,30,207,130,77,82,48,0.628,121,58,13,2,4,11,0,0,22/23,A
Hutecek,Lukas,TBV,Centrale,34,197,127,70,127,0,0.6446999999999999,136,60,10,6,1,4,0,0,22/23,A
Lonn,Adam,TVB,Terzino Sinistro,34,228,124,104,124,0,0.5439,57,60,3,10,6,23,3,0,22/23,A
Bilyk,Nikola,THW,Terzino Sinistro,33,199,124,75,124,0,0.6231,50,34,3,1,1,1,0,0,22/23,A
Ladefoged,Frederik,BHC,Pivot,34,164,122,42,122,0,0.7439,8,39,4,15,7,30,2,0,22/23,A
Ahouansou,Philipp,RNL,Terzino Sinistro,31,229,122,107,122,0,0.5328,33,46,8,4,4,8,0,0,22/23,A
Kohlbacher,Jannik,RNL,Pivot,32,168,121,47,121,0,0.7202,15,29,9,11,5,16,1,0,22/23,A
Vidarsson,Ellidi Snaer,GUM,Pivot,34,177,121,56,121,0,0.6836,18,28,6,26,3,23,1,0,22/23,A
Sarac,Josip,FAG,Terzino Sinistro,34,205,121,84,121,0,0.5902000000000001,49,43,16,19,4,13,1,0,22/23,A
Hafner,Kai,MTM,Terzino Destro,31,199,118,81,118,0,0.593,67,47,3,0,0,3,0,0,22/23,A
Jeppsson,Simon,HCE,Terzino Sinistro,33,233,118,115,112,6,0.5064,87,74,3,1,1,0,0,0,22/23,A
Zerbe,Lukas,TBV,Ala Destra,33,162,118,44,103,15,0.7284,4,10,8,2,2,5,0,0,22/23,A
Gerbl,Maximilian,HAN,Ala Destra,34,156,117,39,56,61,0.75,6,6,9,1,3,4,0,0,22/23,A
Steinhauser,Marius,HAN,Ala Destra,29,155,114,41,80,34,0.7354999999999999,0,7,8,0,4,7,0,0,22/23,A
Wiesmach,Patrick,LEI,Ala Destra,33,159,114,45,114,0,0.7170000000000001,11,15,20,0,1,7,0,0,22/23,A
Reinkind,Harald,THW,Terzino Destro,34,206,113,93,113,0,0.5485,86,43,4,1,1,5,0,0,22/23,A
Savvas,Savvas,ASV,Terzino Sinistro,34,225,112,113,97,15,0.4978,45,55,3,1,2,2,1,0,22/23,A
Lassen,Jacob Arenth,HSV,Terzino Destro,23,199,112,87,112,0,0.5628,107,55,4,3,2,7,0,0,22/23,A
Casado Marcelo,Agustin,MTM,Terzino Sinistro,33,215,112,103,108,4,0.5209,116,95,16,4,0,7,1,0,22/23,A
Suton,Tim,TBV,Centrale,33,172,111,61,108,3,0.6453,78,37,4,6,4,16,1,0,22/23,A
Andersson,Lasse Bredekjaer,BER,Terzino Sinistro,28,193,111,82,111,0,0.5751,69,31,23,2,5,10,0,0,22/23,A
Damgaard,Michael,SCM,Terzino Sinistro,34,192,108,84,108,0,0.5625,28,18,3,0,0,2,0,0,22/23,A
Ivic,Sime,LEI,Terzino Destro,33,206,108,98,94,14,0.5243,41,37,8,5,5,18,0,0,22/23,A
Witzke,Luca,LEI,Centrale,27,187,108,79,108,0,0.5775,98,50,7,2,1,4,0,0,22/23,A
Marsenic,Mijajlo,BER,Pivot,33,151,108,43,108,0,0.7152,5,23,11,25,6,27,1,0,22/23,A
Gensheimer,Uwe,RNL,Ala Sinistra,23,164,107,57,60,47,0.6524,7,6,3,0,0,6,0,0,22/23,A
Beyer,Noah,BHC,Ala Sinistra,30,153,107,46,88,19,0.6993,4,13,3,1,0,6,0,0,22/23,A
Hansen,Johan,SGF,Ala Destra,32,174,107,67,93,14,0.6149,1,9,9,0,0,2,0,0,22/23,A
Vujovic,Branko,HAN,Terzino Destro,31,197,105,92,97,8,0.5329999999999999,81,50,16,1,2,3,0,0,22/23,A
Von Boenigk,Jan,ASV,Terzino Destro,32,176,104,72,104,0,0.5909,73,71,10,2,2,6,0,0,22/23,A
Schmidt,David,FAG,Terzino Destro,32,191,103,88,103,0,0.5393,30,17,1,1,7,15,1,0,22/23,A
Korte,Mats,GWD,Ala Sinistra,34,144,103,41,72,31,0.7153,10,6,15,3,0,5,0,0,22/23,A
Mensing,Hans Aaron,SGF,Terzino Sinistro,27,172,103,69,103,0,0.5988,55,18,0,0,2,1,0,0,22/23,A
Magnusson,Omar Ingi,SCM,Terzino Destro,15,141,102,39,52,50,0.7234,59,30,5,1,0,4,0,0,22/23,A
Hornke,Tim,SCM,Ala Destra,32,134,101,33,95,6,0.7537,7,9,5,0,1,6,0,0,22/23,A
Kulesh,Uladzislau,HAN,Terzino Sinistro,31,199,101,98,101,0,0.5075,39,34,9,1,1,6,0,0,22/23,A
Hanusz,Egon,TVB,Centrale,34,155,98,57,88,10,0.6323,57,63,3,0,1,2,0,0,22/23,A
Fernandez Jimenez,Daniel,TVB,Ala Sinistra,32,132,98,34,63,35,0.7424,1,10,14,1,0,0,1,0,22/23,A
Budel,Nico,HCE,Centrale,34,147,97,50,97,0,0.6598999999999999,77,48,8,1,4,28,3,0,22/23,A
Bissel,Christopher,HCE,Ala Sinistra,33,149,97,52,97,0,0.6509999999999999,23,26,25,2,2,15,0,0,22/23,A
Rod,Magnus,SGF,Terzino Destro,31,168,97,71,97,0,0.5774,70,32,7,17,1,16,1,0,22/23,A
Stutzke,Lukas,BHC,Terzino Sinistro,28,175,95,80,95,0,0.5428999999999999,40,34,1,7,5,16,0,0,22/23,A
Wiencek,Patrick,THW,Pivot,34,131,94,37,94,0,0.7176,5,19,9,12,5,22,1,0,22/23,A
Brozovic,Ilija,HAN,Pivot,34,129,94,35,94,0,0.7287,9,19,4,9,2,13,2,0,22/23,A
Lagergren,Albin,RNL,Terzino Destro,33,156,94,62,92,2,0.6026,107,42,5,2,0,1,0,0,22/23,A
Novak,Domen,WET,Ala Destra,31,136,93,43,52,41,0.6838,4,10,5,1,1,11,0,0,22/23,A
Binder,Lukas,LEI,Ala Sinistra,33,126,92,34,92,0,0.7302,11,10,14,1,0,8,0,0,22/23,A
Olsson,Hampus,HCE,Ala Destra,28,123,92,31,83,9,0.748,2,12,10,0,1,1,0,0,22/23,A
Babak,Tomas,BHC,Centrale,31,146,91,55,91,0,0.6233,80,60,5,0,0,4,0,0,22/23,A
Weller,Niklas,HSV,Pivot,33,127,91,36,91,0,0.7165,11,29,3,14,1,21,3,1,22/23,A
Urban,Tomas,GWD,Ala Destra,33,164,90,74,85,5,0.5488000000000001,32,33,13,0,0,7,0,0,22/23,A
Johansson,Eric,THW,Terzino Sinistro,23,143,89,54,89,0,0.6224000000000001,55,30,3,3,1,6,0,0,22/23,A
Sagosen,Sander,THW,Centrale,21,137,88,49,86,2,0.6423000000000001,60,23,1,0,1,7,0,0,22/23,A
Kirkelokke,Niclas,RNL,Terzino Destro,33,148,88,60,88,0,0.5946,58,36,5,3,1,9,0,0,22/23,A
Wiede,Fabian,BER,Terzino Destro,32,138,84,54,84,0,0.6087,86,52,5,3,4,8,1,0,22/23,A
Zechel,Tim,HCE,Pivot,33,112,84,28,84,0,0.75,18,18,1,9,5,16,0,0,22/23,A
Saugstrup,Magnus,SCM,Pivot,20,111,84,27,83,1,0.7568,9,12,10,13,8,9,0,0,22/23,A
Orlowski,Marian,ASV,Terzino Sinistro,30,160,83,77,76,7,0.5188,40,41,3,3,0,6,0,0,22/23,A
Firnhaber,Sebastian,HCE,Pivot,34,113,83,30,83,0,0.7345,13,21,12,17,6,21,2,0,22/23,A
Bornemann,Andreas,ASV,Terzino Destro,34,178,83,95,83,0,0.4663,23,33,2,2,5,11,1,0,22/23,A
Moller,Lasse,SGF,Terzino Sinistro,33,141,83,58,73,10,0.5887,46,30,3,1,0,3,0,0,22/23,A
Klima,Matej,LEI,Terzino Sinistro,25,137,83,54,83,0,0.6058,46,35,3,7,1,9,2,0,22/23,A
Kodrin,Tilen,GUM,Ala Sinistra,32,120,82,38,82,0,0.6833,2,10,6,2,4,8,1,0,22/23,A
Jansen,Tom,GUM,Terzino Destro,33,167,80,87,80,0,0.479,82,42,6,7,0,6,0,0,22/23,A
Gomes,Andre,MTM,Terzino Sinistro,34,161,80,81,80,0,0.4968999999999999,20,27,3,0,0,4,0,0,22/23,A
Lindenchrone Andersen,Jon,FAG,Terzino Destro,34,141,79,62,79,0,0.5603,53,63,3,4,1,6,0,0,22/23,A
Kneule,Tim,FAG,Centrale,34,146,77,69,77,0,0.5274,42,48,3,1,4,10,1,0,22/23,A
Guardiola,Gedeon,TBV,Pivot,33,116,77,39,77,0,0.6638,9,19,9,15,2,4,0,0,22/23,A
Vujovic,Milos,BER,Ala Sinistra,34,100,77,23,66,11,0.77,8,7,6,0,0,4,1,0,22/23,A
Axmann,Dominik,HSV,Terzino Sinistro,32,132,76,56,76,0,0.5758,57,30,8,10,6,17,1,0,22/23,A
Valiullin,Azat,HSV,Terzino Sinistro,34,151,75,76,75,0,0.4967,33,31,6,6,2,18,0,0,22/23,A
Kozina,Kresimir,FAG,Pivot,34,110,75,35,75,0,0.6818000000000001,7,30,2,6,5,26,2,0,22/23,A
Sunnefeldt,Oskar,LEI,Terzino Sinistro,26,138,75,63,75,0,0.5435,38,30,5,7,3,11,1,0,22/23,A
Freihofer,Tim,BER,Ala Sinistra,33,107,74,33,74,0,0.6916,1,0,6,0,0,2,0,0,22/23,A
Zieker,Patrick,TVB,Ala Sinistra,33,108,73,35,59,14,0.6759000000000001,7,11,1,0,0,5,1,0,22/23,A
Mensah Larsen,Mads,SGF,Centrale,34,135,73,62,73,0,0.5407,80,44,4,4,3,8,1,0,22/23,A
Arnarsson,Arnar Freyr,MTM,Pivot,34,93,73,20,73,0,0.7848999999999999,4,23,2,9,5,10,0,0,22/23,A
Sogard,Goran,SGF,Terzino Sinistro,34,123,72,51,72,0,0.5854,40,44,2,0,3,8,0,0,22/23,A
Laerke,Emil Buhl,TBV,Terzino Sinistro,32,164,72,92,72,0,0.439,34,33,0,0,1,3,0,0,22/23,A
Heiny,Lutz,HCE,Terzino Sinistro,34,130,71,59,71,0,0.5462,43,33,2,2,0,4,1,0,22/23,A
Forsell Schefvert,Olle,RNL,Terzino Sinistro,32,95,71,24,71,0,0.7474,67,31,13,25,6,15,1,0,22/23,A
Gulliksen,Kevin Maageroe,FAG,Ala Destra,23,110,71,39,56,15,0.6455,6,3,2,0,3,1,0,0,22/23,A
Pieczkowski,Niclas,GWD,Centrale,27,145,70,75,70,0,0.4828,53,66,6,2,2,5,1,0,22/23,A
Mertens,Lukas,SCM,Ala Sinistra,34,98,70,28,70,0,0.7143,18,8,7,0,0,1,0,0,22/23,A
Jonsson,Elvar Orn,MTM,Centrale,23,130,70,60,70,0,0.5385,36,29,8,14,0,6,1,0,22/23,A
Duvnjak,Domagoj,THW,Centrale,34,102,68,34,68,0,0.6667000000000001,48,14,20,2,2,8,0,0,22/23,A
Mellegard,Emil,WET,Ala Sinistra,33,114,68,46,68,0,0.5965,8,7,5,1,2,11,0,0,22/23,A
Bitsch,Mathias,GWD,Terzino Destro,32,158,68,90,68,0,0.4304,44,44,11,1,0,1,0,0,22/23,A
Helander,Benjamin,RNL,Ala Sinistra,33,98,68,30,68,0,0.6939,3,7,2,0,1,3,0,0,22/23,A
Nyfjall,Adam,WET,Pivot,32,95,68,27,68,0,0.7158,6,10,4,4,3,12,1,0,22/23,A
Drux,Paul,BER,Terzino Sinistro,26,98,67,31,67,0,0.6837000000000001,46,26,7,3,2,8,0,0,22/23,A
Kastening,Timo,MTM,Ala Destra,16,96,67,29,35,32,0.6979000000000001,7,5,5,0,0,1,0,0,22/23,A
Hafner,Max,TVB,Centrale,34,139,67,72,67,0,0.482,60,38,3,1,1,3,0,0,22/23,A
Landin,Magnus,THW,Ala Sinistra,29,99,67,32,52,15,0.6768000000000001,6,11,6,2,2,13,0,0,22/23,A
Weber,Philipp,SCM,Centrale,32,112,65,47,63,2,0.5804,34,28,1,1,1,3,0,0,22/23,A
Brosch,Jan,TBV,Pivot,33,88,65,23,65,0,0.7386,8,24,3,11,1,18,2,0,22/23,A
Nilsson,Lukas,RNL,Terzino Sinistro,25,106,65,41,65,0,0.6132,33,30,3,0,2,1,0,0,22/23,A
Weissgerber,Lars,WET,Ala Destra,34,95,64,31,42,22,0.6737000000000001,2,8,4,0,0,3,0,0,22/23,A
Michalczik,Marian,HAN,Terzino Sinistro,34,106,64,42,64,0,0.6038,168,85,8,11,4,20,0,0,22/23,A
Uscins,Renars,HAN,Terzino Destro,27,113,64,49,64,0,0.5664,35,36,2,1,0,6,0,0,22/23,A
Gebala,Maciej,LEI,Pivot,29,81,63,18,63,0,0.7778,8,11,7,14,3,9,0,0,22/23,A
Wieling,Tim,ASV,Ala Destra,31,96,63,33,61,2,0.6563,5,8,5,0,0,4,0,0,22/23,A
Maric,Marino,LEI,Pivot,34,91,62,29,62,0,0.6812999999999999,4,37,2,1,0,4,0,0,22/23,A
Zintel,Bjorn,ASV,Centrale,20,119,61,58,61,0,0.5126,39,35,3,2,1,5,0,0,22/23,A
Cavor,Stefan,WET,Terzino Destro,16,122,61,61,61,0,0.5,28,33,5,2,2,2,0,0,22/23,A
Pregler,Ole,GUM,Centrale,34,119,61,58,61,0,0.5126,54,46,2,0,1,4,0,0,22/23,A
Mandic,David,MTM,Ala Sinistra,27,92,60,32,60,0,0.6522,6,15,8,1,0,9,0,0,22/23,A
Dayan,Yonatan,ASV,Centrale,34,101,60,41,60,0,0.5941,34,40,6,0,0,2,0,0,22/23,A
Feise,Hannes,HAN,Ala Sinistra,34,94,59,35,59,0,0.6277,10,10,5,3,7,9,2,0,22/23,A
Malus,Jaka,FAG,Centrale,33,111,59,52,59,0,0.5315,22,26,2,0,0,2,1,0,22/23,A
Persson,Isak,BHC,Ala Destra,32,82,59,23,53,6,0.7195,3,8,1,0,0,3,0,0,22/23,A
Wagner,Hendrik,WET,Terzino Sinistro,32,114,59,55,58,1,0.5175,25,19,4,9,6,10,0,0,22/23,A
Lipovina,Vladan,SCM,Terzino Destro,35,133,58,75,58,0,0.4361,35,20,2,2,3,6,1,0,22/23,A
Buchner,Vincent,HAN,Ala Sinistra,28,81,58,23,58,0,0.716,4,7,19,0,0,3,0,0,22/23,A
Jaganjac,Halil,RNL,Terzino Sinistro,13,87,58,29,58,0,0.6667000000000001,25,15,3,5,1,10,0,0,22/23,A
Styrmisson,Hakon Dadi,GUM,Ala Sinistra,31,96,58,38,46,12,0.6042000000000001,3,7,2,0,0,2,0,0,22/23,A
Ernst,Simon,LEI,Centrale,34,97,57,40,57,0,0.5876,74,39,8,26,8,21,4,0,22/23,A
Ellebaek,Tobias,FAG,Terzino Sinistro,28,128,57,71,57,0,0.4453,48,33,1,1,0,7,0,0,22/23,A
Weber,Robert,BER,Ala Destra,15,76,56,20,32,24,0.7368000000000001,2,2,2,0,0,0,0,0,22/23,A
Schmidt,Erik,WET,Pivot,32,73,56,17,56,0,0.7670999999999999,8,24,3,19,3,25,1,0,22/23,A
Martinovic,Ivan,MTM,Terzino Destro,15,97,56,41,28,28,0.5772999999999999,24,8,2,0,1,3,0,0,22/23,A
Sebetic,Luka,GWD,Terzino Destro,25,108,54,54,54,0,0.5,20,29,1,4,2,19,1,0,22/23,A
Mavers,Veit,HAN,Centrale,31,89,54,35,53,1,0.6067,31,29,0,2,0,3,0,0,22/23,A
Sellin,Johannes,HCE,Ala Destra,33,81,53,28,53,0,0.6543000000000001,7,9,5,0,0,3,0,0,22/23,A
Weck,Alexander,BHC,Terzino Sinistro,33,106,53,53,53,0,0.5,51,29,0,1,0,3,0,0,22/23,A
Forstbauer,Jan,TVB,Terzino Destro,30,116,52,64,52,0,0.4483,26,38,2,1,4,11,0,0,22/23,A
Hald Jensen,Simon,SGF,Pivot,32,68,52,16,52,0,0.7646999999999999,6,11,5,49,5,20,0,0,22/23,A
Tissier,Leif,HSV,Centrale,20,82,51,31,51,0,0.622,54,24,2,0,0,4,1,0,22/23,A
Horzen,Kristjan,RNL,Pivot,34,71,51,20,51,0,0.7182999999999999,6,11,1,2,1,9,0,0,22/23,A
Pevnov,Evgeni,HAN,Pivot,27,67,50,17,50,0,0.7463,7,10,8,12,1,8,1,0,22/23,A
Musche,Matthias,SCM,Ala Sinistra,30,71,50,21,50,0,0.7042,5,6,5,0,0,4,0,0,22/23,A
Pekeler,Hendrik,THW,Pivot,23,74,50,24,50,0,0.6757,10,8,3,6,3,6,1,0,22/23,A
Blagotinsek,Blaz,FAG,Pivot,32,65,50,15,50,0,0.7692,8,15,5,30,8,26,1,0,22/23,A
Metzner,Antonio,HCE,Terzino Destro,23,86,50,36,50,0,0.5814,29,32,5,2,2,9,1,0,22/23,A
Muller,Jerome,TVB,Terzino Destro,22,114,50,64,50,0,0.4386,30,32,3,0,0,4,0,0,22/23,A
Staar,Max,GWD,Ala Destra,31,93,50,43,50,0,0.5376,13,13,25,2,3,9,1,0,22/23,A
Nothdurft,Tim,BHC,Ala Sinistra,20,65,50,15,50,0,0.7692,1,8,2,2,0,5,0,0,22/23,A
Ignatow,Dimitri,MTM,Ala Destra,33,68,50,18,50,0,0.7353000000000001,5,5,6,1,0,3,0,0,22/23,A
Overby,Petter,THW,Pivot,34,63,50,13,50,0,0.7937000000000001,8,6,3,7,4,20,1,0,22/23,A
Bergendahl,Oscar,TVB,Pivot,27,69,49,20,49,0,0.7101000000000001,0,13,1,4,6,16,0,0,22/23,A
Nikolaisen,Tom Kare,BHC,Pivot,32,70,49,21,49,0,0.7,7,15,3,25,9,23,0,0,22/23,A
Fischer,Justus,HAN,Pivot,29,63,49,14,49,0,0.7778,9,9,8,6,2,10,0,0,22/23,A
Meister,Lucas,SCM,Pivot,33,68,48,20,48,0,0.7059000000000001,2,12,1,3,5,13,0,0,22/23,A
Magaard,Andreas,HSV,Pivot,26,63,48,15,48,0,0.7619,4,8,0,1,0,5,0,0,22/23,A
Zehnder,Manuel,HCE,Centrale,34,93,48,45,48,0,0.5161,21,32,1,0,0,1,0,0,22/23,A
Gottfridsson,Jim,SGF,Centrale,18,59,47,12,46,1,0.7966,66,25,3,0,0,5,0,0,22/23,A
Bauer,Stefan,ASV,Pivot,30,82,47,35,47,0,0.5732,8,22,4,14,7,25,1,0,22/23,A
Goller,Axel,FAG,Ala Destra,34,76,46,30,36,10,0.6053000000000001,4,7,2,0,1,6,0,0,22/23,A
Schulze,Alexander,ASV,Ala Sinistra,34,81,46,35,46,0,0.5679,6,12,5,5,1,6,0,0,22/23,A
Schagen,Bobby,TBV,Ala Destra,32,63,45,18,43,2,0.7143,15,14,3,0,0,1,0,0,22/23,A
Gunnarsson,Arnor Thor,BHC,Ala Destra,33,63,45,18,42,3,0.7143,0,5,2,0,0,1,1,0,22/23,A
Pettersson,Daniel,SCM,Ala Destra,28,62,45,17,45,0,0.7258,1,4,1,2,0,1,0,0,22/23,A
Kalarash,Gleb,MTM,Pivot,34,64,45,19,45,0,0.7031000000000001,4,9,10,21,4,30,2,0,22/23,A
Scholtes,Elias,RNL,Terzino Destro,21,96,45,51,45,0,0.4688,19,20,1,0,1,3,0,0,22/23,A
Weinhold,Steffen,THW,Terzino Destro,15,71,44,27,44,0,0.6197,28,12,2,0,1,9,1,0,22/23,A
M'Bengue,Djibril,BHC,Terzino Destro,31,99,44,55,44,0,0.4443999999999999,20,33,1,5,2,23,2,0,22/23,A
Malasinskas,Aidenas,MTM,Centrale,34,82,44,38,22,22,0.5366,40,38,2,0,0,3,0,0,22/23,A
Schelker,Jonas,WET,Terzino Destro,33,88,44,44,44,0,0.5,26,47,2,1,1,1,0,0,22/23,A
O'Sullivan,Christian,SCM,Centrale,33,67,43,24,43,0,0.6418,51,16,6,14,3,15,0,0,22/23,A
Becher,Lukas,WET,Ala Sinistra,32,65,43,22,23,20,0.6615000000000001,1,5,1,0,0,2,0,0,22/23,A
Kranzmann,Florian,GWD,Ala Sinistra,27,59,43,16,32,11,0.7288,3,3,3,0,1,2,0,0,22/23,A
Fraatz,Yannick,BHC,Ala Destra,35,60,42,18,41,1,0.7,2,4,4,0,0,0,0,0,22/23,A
Zarabec,Miha,THW,Centrale,34,82,42,40,42,0,0.5122,18,25,1,0,1,0,0,0,22/23,A
Wallinius,Karl,THW,Terzino Sinistro,26,76,42,34,42,0,0.5526,23,13,1,1,0,2,0,0,22/23,A
Moraes Ferreira,Rogerio,MTM,Pivot,16,55,41,14,41,0,0.7454999999999999,3,20,2,11,1,4,0,0,22/23,A
Sliskovic,Ivan,TVB,Terzino Sinistro,24,88,41,47,41,0,0.4659,13,22,2,5,1,7,0,0,22/23,A
Fredriksen,Magnus,WET,Centrale,26,90,41,49,41,0,0.4556,60,45,4,3,0,2,0,0,22/23,A
Pedersen,August Baskar,SGF,Ala Sinistra,34,55,41,14,41,0,0.7454999999999999,0,0,3,0,0,1,0,0,22/23,A
Kuhn,Julius,MTM,Terzino Sinistro,21,83,40,43,40,0,0.4819,15,17,0,5,2,9,0,0,22/23,A
Dahmke,Rune,THW,Ala Sinistra,32,54,40,14,40,0,0.7406999999999999,7,7,3,2,0,2,0,0,22/23,A
Krzikalla,Lucas,LEI,Ala Destra,33,59,40,19,29,11,0.6779999999999999,0,3,1,0,0,1,0,0,22/23,A
Nikolic,Jovica,WET,Terzino Destro,22,64,40,24,40,0,0.625,16,26,0,0,3,11,0,0,22/23,A
Hermann,Till,FAG,Ala Sinistra,33,59,39,20,39,0,0.6609999999999999,2,4,1,0,1,1,0,0,22/23,A
Schluroff,Miro,GUM,Terzino Sinistro,29,74,39,35,39,0,0.527,27,16,1,1,0,8,1,0,22/23,A
Darj,Max,BER,Pivot,34,62,37,25,37,0,0.5968,6,23,2,7,2,16,0,0,22/23,A
Schwarzer,Kian,TBV,Ala Sinistra,32,48,36,12,36,0,0.75,6,2,7,0,0,2,0,0,22/23,A
Semper,Franz,SGF,Terzino Destro,31,63,35,28,35,0,0.5556,16,11,1,2,0,3,0,0,22/23,A
Zeman,Stepan,GUM,Pivot,34,49,35,14,35,0,0.7143,1,19,1,17,9,26,5,0,22/23,A
Nicolaus,Fynn-Luca,TVB,Terzino Sinistro,34,46,35,11,35,0,0.7609,9,13,3,5,3,11,0,0,22/23,A
Pretzewofsky,Jan,ASV,Ala Destra,33,65,34,31,34,0,0.5231,2,5,4,0,0,2,0,0,22/23,A
Matthes,Tim,LEI,Ala Sinistra,34,50,34,16,34,0,0.68,0,6,4,0,0,5,0,0,22/23,A
Einarsson,Teitur Orn,SGF,Terzino Destro,32,71,34,37,34,0,0.4789,16,15,4,1,1,2,0,0,22/23,A
Simak,Frederik,TBV,Terzino Sinistro,27,45,32,13,31,1,0.7111,31,13,3,19,0,14,0,0,22/23,A
Serrano Villalobos,Jorge,TVB,Ala Destra,31,53,32,21,28,4,0.6038,4,4,1,0,0,2,0,0,22/23,A
Edvardsson,Jonathan,HAN,Centrale,15,57,31,26,31,0,0.5439,22,23,4,1,2,2,0,0,22/23,A
Lichtlein,Nils,BER,Centrale,33,48,31,17,31,0,0.6457999999999999,10,17,0,0,0,1,0,0,22/23,A
Johannsson,Sveinn,GWD,Pivot,16,46,30,16,30,0,0.6522,2,13,2,4,3,14,2,0,22/23,A
Gutbrod,Fabian,BHC,Terzino Sinistro,24,56,28,28,28,0,0.5,16,16,0,0,0,3,0,0,22/23,A
Haseler,Mathis,GUM,Ala Destra,22,36,28,8,28,0,0.7778,1,1,1,1,0,0,0,0,22/23,A
Bergemann,Thies,HSV,Ala Destra,31,34,27,7,27,0,0.7940999999999999,1,3,0,0,0,2,0,0,22/23,A
Pehlivan,Doruk,GWD,Terzino Sinistro,19,46,26,20,26,0,0.5652,19,15,4,4,1,7,0,0,22/23,A
Hakaj,Besard,GWD,Pivot,15,35,26,9,26,0,0.7429000000000001,2,10,2,6,1,19,2,0,22/23,A
Patrail,Mait,ASV,Terzino Sinistro,33,46,25,21,25,0,0.5435,17,7,11,11,5,7,0,0,22/23,A
Kuzmanovski,Filip,HAN,Terzino Sinistro,24,46,25,21,24,1,0.5435,16,21,3,2,1,6,1,0,22/23,A
Holpert,Magnus,GWD,Centrale,25,43,25,18,25,0,0.5814,6,23,2,0,0,0,0,0,22/23,A
Asensio Cambra,Carles,GWD,Pivot,9,41,25,16,25,0,0.6098,2,8,3,6,1,4,0,0,22/23,A
Schroven,Finn,GUM,Ala Destra,30,47,24,23,23,1,0.5106,37,20,0,0,0,0,0,0,22/23,A
Preuss,Moritz,LEI,Pivot,16,33,22,11,22,0,0.6667000000000001,1,3,1,1,1,3,0,0,22/23,A
Meschke,Benjamin,ASV,Pivot,23,29,21,8,21,0,0.7241,0,12,1,2,1,9,1,0,22/23,A
Guardiola,Isaias,TBV,Terzino Destro,27,50,21,29,21,0,0.42,22,10,1,3,1,5,3,0,22/23,A
Theilinger,Nicolai,HSV,Terzino Destro,29,46,19,27,19,0,0.413,16,19,1,1,2,10,0,0,22/23,A
Bezjak,Marko,SCM,Centrale,33,26,19,7,19,0,0.7308,27,22,18,2,1,5,0,0,22/23,A
Hanne,Martin,HAN,Terzino Sinistro,13,41,19,22,19,0,0.4634,11,17,0,0,0,3,0,0,22/23,A
Fuchs,Julian,MTM,Ala Destra,22,27,19,8,19,0,0.7037,0,1,3,0,0,0,0,0,22/23,A
Drosten,Florian,MTM,Ala Sinistra,32,29,19,10,19,0,0.6552,0,5,5,2,0,0,0,0,22/23,A
Truchanovicius,Jonas,TVB,Terzino Sinistro,8,28,18,10,18,0,0.6429,14,14,0,2,1,3,0,0,22/23,A
Gislason,Ymir Orn,RNL,Pivot,33,26,18,8,18,0,0.6923,4,8,7,11,3,18,0,0,22/23,A
Duarte Brito,Gilberto,FAG,Terzino Sinistro,27,33,18,15,18,0,0.5455,35,13,3,9,1,10,0,0,22/23,A
Stuber,Jonas,GUM,Pivot,29,25,18,7,18,0,0.72,0,4,0,0,0,1,0,0,22/23,A
Richtzenhain,Justus Nicolas,GWD,Pivot,12,23,17,6,17,0,0.7391,2,9,0,2,3,12,2,0,22/23,A
Fath,Steffen,HCE,Terzino Sinistro,16,31,14,17,14,0,0.4515999999999999,7,9,2,0,0,4,0,0,22/23,A
Janke,Maximilian,GWD,Centrale,30,34,14,20,14,0,0.4118,23,13,7,8,5,10,1,0,22/23,A
Bialowas,Yannik,HCE,Ala Sinistra,34,22,14,8,14,0,0.6364,0,2,0,0,0,1,0,0,22/23,A
Cepic,Radojica,WET,Centrale,19,22,14,8,14,0,0.6364,11,12,2,3,0,0,0,0,22/23,A
Schonningsen,Simen,BHC,Terzino Destro,16,25,13,12,13,0,0.52,14,12,1,0,0,1,0,0,22/23,A
Rothlisberger,Samuel,TVB,Pivot,34,17,12,5,12,0,0.7059000000000001,7,5,5,25,5,14,0,0,22/23,A
Kopljar,Marko,BER,Terzino Destro,34,27,11,16,11,0,0.4074,15,5,4,20,7,17,0,0,22/23,A
Mamic,Marko,LEI,Terzino Sinistro,12,22,11,11,11,0,0.5,9,11,5,7,3,8,0,0,22/23,A
Leventoux,Remi,ASV,Pivot,9,16,10,6,10,0,0.625,1,3,0,5,0,8,0,0,22/23,A
Schottle,Nico,TVB,Terzino Sinistro,19,30,10,20,10,0,0.3333,4,7,1,0,0,1,0,0,22/23,A
Carstensen,Leve,TBV,Ala Sinistra,7,17,9,8,9,0,0.5294,0,2,0,0,0,3,0,0,22/23,A
Kiesler,Tom,GUM,Terzino Sinistro,34,11,8,3,8,0,0.7273000000000001,3,4,21,8,4,20,1,0,22/23,A
Leun,Finn-Lukas,LEI,Terzino Destro,9,13,8,5,8,0,0.6154,1,4,0,0,0,0,0,0,22/23,A
Sajenev,Mika Laurin,LEI,Pivot,32,11,8,3,8,0,0.7273000000000001,1,3,0,3,1,0,0,0,22/23,A
Stoyke,Timo,GWD,Pivot,15,14,8,6,8,0,0.5714,2,2,0,2,4,5,0,0,22/23,A
Hermeling,Fynn Lukas,GWD,Terzino Sinistro,4,12,8,4,8,0,0.6667000000000001,0,1,0,0,0,0,0,0,22/23,A
Jungmann,Jonah,GWD,Centrale,7,11,8,3,8,0,0.7273000000000001,4,9,0,0,0,0,0,0,22/23,A
Schimmelbauer,Tobias,HSV,Ala Sinistra,32,11,7,4,7,0,0.6364,3,1,1,6,2,14,2,1,22/23,A
Jotic,Lovro,LEI,Centrale,6,16,7,9,7,0,0.4375,2,3,2,0,0,1,0,0,22/23,A
Pavlovic,Domagoj,MTM,Centrale,14,20,7,13,7,0,0.35,4,5,2,0,0,2,0,0,22/23,A
Kurch,Justin,HCE,Pivot,21,8,7,1,7,0,0.875,0,0,0,1,0,3,0,0,22/23,A
Ehrig,Sven,THW,Ala Destra,4,12,7,5,7,0,0.5832999999999999,0,0,1,0,0,0,0,0,22/23,A
Neudeck,Oskar,FAG,Terzino Sinistro,12,9,7,2,6,1,0.7778,1,3,0,0,0,1,0,0,22/23,A
Seitz,Stephan,HCE,Terzino Destro,15,16,7,9,7,0,0.4375,2,10,0,0,0,2,1,0,22/23,A
Michalski,Niklas,RNL,Ala Destra,29,10,7,3,7,0,0.7,0,1,3,0,0,0,0,0,22/23,A
More,David,RNL,Ala Sinistra,6,7,7,0,7,0,1.0,0,0,0,0,0,0,0,0,22/23,A
Link,Nikolai,HCE,Terzino Sinistro,33,10,6,4,6,0,0.6,7,1,5,12,1,24,2,0,22/23,A
Lindskog,Anton,SGF,Pivot,26,8,6,2,6,0,0.75,3,2,3,7,1,9,0,0,22/23,A
Bergner,Tom,BHC,Pivot,18,9,6,3,6,0,0.6667000000000001,3,2,0,0,0,1,0,0,22/23,A
Pliuto,Nikita,WET,Pivot,14,7,6,1,6,0,0.8571,0,0,0,0,0,0,0,0,22/23,A
Vignjevic,Marko,GWD,Terzino Sinistro,4,18,6,12,6,0,0.3333,5,2,0,0,0,2,0,0,22/23,A
Feit,Thore,HSV,Pivot,22,6,6,0,6,0,1.0,0,1,0,0,0,0,0,0,22/23,A
Schmitz,Tobias,BHC,Ala Sinistra,16,9,6,3,6,0,0.6667000000000001,0,2,0,0,0,0,0,0,22/23,A
Portner,Nikola,SCM,Portiere,34,8,5,3,5,0,0.625,7,3,1,0,0,2,0,0,22/23,A
Blaauw,Niko,TBV,Centrale,33,10,5,5,5,0,0.5,6,9,0,0,0,1,0,0,22/23,A
Ohl,Paul,GUM,Terzino Sinistro,6,8,5,3,5,0,0.625,0,0,0,0,0,0,0,0,22/23,A
Ossenkopp,Lukas,HSV,Terzino Sinistro,17,6,4,2,4,0,0.6667000000000001,0,2,0,0,1,1,0,0,22/23,A
Chrintz,Valter,BER,Ala Destra,11,11,4,7,4,0,0.3636,0,0,0,0,0,0,0,0,22/23,A
Jensen,Mike,SCM,Portiere,32,5,4,1,4,0,0.8,3,3,0,0,0,0,0,0,22/23,A
Langhoff,Matthes,BER,Terzino Sinistro,21,10,4,6,4,0,0.4,3,1,0,0,0,0,0,0,22/23,A
Spath,David,RNL,Portiere,25,4,4,0,4,0,1.0,1,4,0,0,0,0,0,0,22/23,A
Laube,Lukas,TVB,Pivot,15,8,4,4,4,0,0.5,5,5,0,0,1,4,0,0,22/23,A
Heitkamp,Niclas,LEI,Terzino Sinistro,18,8,4,4,4,0,0.5,4,1,0,0,0,0,0,0,22/23,A
Klimpke,Ole,WET,Terzino Sinistro,9,13,4,9,4,0,0.3077,6,3,0,2,1,0,0,0,22/23,A
Zacharias,Lion,RNL,Ala Sinistra,11,12,4,8,4,0,0.3333,0,0,1,0,0,0,0,0,22/23,A
Susser,Lukas,TVB,Pivot,8,6,4,2,4,0,0.6667000000000001,1,2,0,0,0,0,0,0,22/23,A
Timmermeister,Robert,RNL,Terzino Sinistro,21,8,4,4,4,0,0.5,0,5,2,2,0,4,0,0,22/23,A
Straub,Theo,RNL,Ala Destra,2,11,4,7,4,0,0.3636,0,0,1,0,1,1,0,0,22/23,A
Bozic,Vladimir,ASV,Portiere,34,3,3,0,3,0,1.0,10,0,0,0,0,1,0,0,22/23,A
Rudeck,Christopher,BHC,Portiere,33,6,3,3,3,0,0.5,8,3,0,0,0,1,0,0,22/23,A
Ivanisevic,Tibor,GUM,Portiere,34,5,3,2,3,0,0.6,4,3,0,0,0,0,0,0,22/23,A
Beneke,Max Christoph,BER,Terzino Destro,3,4,3,1,3,0,0.75,2,2,0,0,0,0,0,0,22/23,A
Beekmann,Ben,MTM,Ala Sinistra,17,9,3,6,3,0,0.3333,0,1,1,1,0,1,0,0,22/23,A
Waldgenbach,Jan,MTM,Terzino Destro,7,6,3,3,3,0,0.5,0,1,0,0,0,0,0,0,22/23,A
Vortmann,Jens,HSV,Portiere,15,3,2,1,2,0,0.6667000000000001,1,0,0,0,0,0,0,0,22/23,A
Mrkva,Tomas,THW,Portiere,34,3,2,1,2,0,0.6667000000000001,1,0,0,0,0,0,0,0,22/23,A
Quenstedt,Dario,HAN,Portiere,32,3,2,1,2,0,0.6667000000000001,5,0,1,0,0,1,0,0,22/23,A
Appelgren,Mikael,RNL,Portiere,29,2,2,0,2,0,1.0,13,7,0,0,0,0,0,0,22/23,A
Møller,Kevin,SGF,Portiere,31,3,2,1,2,0,0.6667000000000001,9,0,0,0,0,0,0,0,22/23,A
Sego,Marin,FAG,Portiere,34,3,2,1,2,0,0.6667000000000001,5,1,0,0,0,1,0,0,22/23,A
Heymann,Sebastian,FAG,Terzino Sinistro,9,6,2,4,2,0,0.3333,5,2,0,2,0,1,0,0,22/23,A
Simic,Nebojsa,MTM,Portiere,34,4,2,2,2,0,0.5,5,3,0,0,0,0,0,0,22/23,A
Ebner,Domenico,HAN,Portiere,34,4,2,2,2,0,0.5,5,3,0,0,1,1,0,0,22/23,A
Buric,Benjamin,SGF,Portiere,34,4,2,2,2,0,0.5,7,4,0,0,0,1,0,0,22/23,A
Chrapkowski,Piotr,SCM,Terzino Sinistro,34,4,2,2,2,0,0.5,9,0,5,19,2,13,2,0,22/23,A
Ferlin,Klemen,HCE,Portiere,34,2,2,0,2,0,1.0,6,3,0,0,0,0,0,0,22/23,A
Vujovic,Miljan,TVB,Portiere,33,5,2,3,2,0,0.4,7,1,0,0,0,0,0,0,22/23,A
Roller,Nils,FAG,Pivot,10,3,2,1,2,0,0.6667000000000001,0,1,0,0,0,0,0,0,22/23,A
Bratzke,Niko,ASV,Centrale,6,3,2,1,2,0,0.6667000000000001,0,1,0,0,0,0,0,0,22/23,A
Hein,Paul Lukas,GWD,Centrale,14,4,2,2,2,0,0.5,0,0,1,0,0,0,0,0,22/23,A
Peter,Staffan,LEI,Ala Destra,2,2,2,0,2,0,1.0,0,0,1,0,0,0,0,0,22/23,A
Battermann,Ben Connar,THW,Terzino Sinistro,5,2,2,0,2,0,1.0,0,0,0,0,0,0,0,0,22/23,A
Schwormstede,Luca Alexander,THW,Terzino Sinistro,13,2,2,0,2,0,1.0,0,0,1,0,0,0,0,0,22/23,A
Machner,Ole,BER,Ala Sinistra,1,2,2,0,2,0,1.0,0,0,0,0,0,0,0,0,22/23,A
Wollny,Justin,HAN,Ala Sinistra,4,4,2,2,2,0,0.5,0,0,0,0,0,0,0,0,22/23,A
Giesselmann,Paul,BHC,Ala Sinistra,4,2,2,0,2,0,1.0,0,0,0,0,0,0,0,0,22/23,A
Heinevetter,Silvio,TVB,Portiere,33,2,1,1,1,0,0.5,13,6,1,0,1,1,0,0,22/23,A
Bitter,Johannes,HSV,Portiere,26,1,1,0,1,0,1.0,6,3,0,0,0,1,0,0,22/23,A
Voigt,Malte,THW,Ala Sinistra,3,4,1,3,1,0,0.25,0,0,0,0,0,0,0,0,22/23,A
Landin,Niklas,THW,Portiere,34,2,1,1,1,0,0.5,4,0,3,0,1,1,0,0,22/23,A
Johannesson,Peter,BHC,Portiere,34,3,1,2,1,0,0.3333,4,0,0,0,0,0,0,0,22/23,A
Zelenovic,Nemanja,GUM,Terzino Destro,4,7,1,6,1,0,0.1429,1,2,0,1,0,0,0,0,22/23,A
Klimpke,Till,WET,Portiere,33,3,1,2,1,0,0.3333,2,3,0,0,0,0,0,0,22/23,A
Rudiger,Tim,WET,Ala Destra,3,1,1,0,0,1,1.0,0,1,0,0,0,0,0,0,22/23,A
Milosavljev,Dejan,BER,Portiere,29,5,1,4,1,0,0.2,5,5,2,0,1,1,0,0,22/23,A
Meyer-Siebert,Julius,LEI,Terzino Sinistro,7,6,1,5,1,0,0.1667,1,1,0,0,0,0,0,0,22/23,A
Suljakovic,Anadin,WET,Portiere,31,1,1,0,1,0,1.0,0,0,1,0,0,0,0,0,22/23,A
Budalic,Ivan,HSV,Portiere,18,1,1,0,1,0,1.0,1,0,0,0,0,0,0,0,22/23,A
Kirschberger,Leon,SGF,Ala Destra,15,2,1,1,1,0,0.5,0,0,0,0,0,0,0,0,22/23,A
Ayar,Koray,HAN,Pivot,17,1,1,0,1,0,1.0,0,0,0,0,0,0,0,0,22/23,A
Hanemann,Hendrik,LEI,Pivot,2,1,1,0,1,0,1.0,0,0,0,0,0,0,0,0,22/23,A
Mauch,Jan Luca,TVB,Terzino Destro,1,5,1,4,1,0,0.2,0,1,0,0,0,0,0,0,22/23,A
Schwarzer,Fabian,RNL,Ala Destra,3,2,1,1,1,0,0.5,0,0,2,0,0,0,0,0,22/23,A
Reshoft,Jorit,GWD,Centrale,2,2,1,1,1,0,0.5,0,1,0,0,0,0,0,0,22/23,A
Weber,Daniel,HAN,Ala Destra,3,2,1,1,1,0,0.5,0,0,0,0,0,0,0,0,22/23,A
Grupe,Magnus,RNL,Centrale,3,3,1,2,1,0,0.3333,0,1,0,0,0,0,0,0,22/23,A
Jacobs,Jann Keno,BER,Pivot,1,1,1,0,1,0,1.0,0,0,0,0,0,0,0,0,22/23,A
Pabst,Henri,THW,Terzino Destro,16,5,1,4,1,0,0.2,2,0,1,0,0,0,0,0,22/23,A
Diekmann,Jan Malte,GWD,Ala Destra,1,4,1,3,1,0,0.25,1,1,0,0,0,0,0,0,22/23,A
Kunkel,Gil,GWD,Terzino Destro,2,1,1,0,1,0,1.0,0,0,0,0,0,0,0,0,22/23,A
Ohl,Lasse,MTM,Pivot,10,2,1,1,1,0,0.5,0,0,0,0,0,0,0,0,22/23,A
Hartwig,Alexander,HSV,Ala Sinistra,4,1,1,0,1,0,1.0,0,0,0,0,0,0,0,0,22/23,A
Exner,Aaron,BHC,Centrale,1,1,1,0,0,1,1.0,0,0,0,0,0,0,0,0,22/23,A
Gossner,Tim,FAG,Ala Destra,1,3,1,2,1,0,0.3333,0,0,0,0,0,0,0,0,22/23,A
Semisch,Malte,GWD,Portiere,34,0,0,0,0,0,0.0,16,8,0,0,0,0,0,0,22/23,A
Szucs,Csaba,BHC,Centrale,13,0,0,0,0,0,0.0,3,1,1,0,0,1,0,0,22/23,A
Ristovski,Borko,TBV,Portiere,9,0,0,0,0,0,0.0,0,1,0,0,0,0,0,0,22/23,A
Rebmann,Daniel,FAG,Portiere,34,0,0,0,0,0,0.0,6,2,0,0,0,0,0,0,22/23,A
Fuchs,Markus,ASV,Terzino Sinistro,28,0,0,0,0,0,0.0,2,1,1,18,1,15,0,0,22/23,A
Hertlein,Felix,ASV,Portiere,33,0,0,0,0,0,0.0,2,2,1,0,0,0,0,0,22/23,A
Roscheck,Bastian,HAN,Pivot,8,0,0,0,0,0,0.0,2,0,0,1,0,2,1,0,22/23,A
Honicke,Jonas,LEI,Centrale,3,0,0,0,0,0,0.0,0,0,0,0,0,0,0,0,22/23,A
Wolf,Tom,MTM,Terzino Sinistro,1,0,0,0,0,0,0.0,0,0,0,0,0,0,0,0,22/23,A
Birlehm,Joel,RNL,Portiere,27,0,0,0,0,0,0.0,6,1,0,0,0,0,0,0,22/23,A
Hassferter,Michael,HCE,Portiere,1,0,0,0,0,0,0.0,0,0,0,0,0,0,0,0,22/23,A
Wesemann,Jan,ASV,Portiere,2,0,0,0,0,0,0.0,0,0,0,0,0,0,0,0,22/23,A
Kellner,Benedikt,HCE,Centrale,2,0,0,0,0,0,0.0,0,0,0,0,0,0,0,0,22/23,A
Lehmann,Nick,TVB,Portiere,2,0,0,0,0,0,0.0,0,0,0,0,0,0,0,0,22/23,A
Zecher,Finn,TBV,Portiere,34,0,0,0,0,0,0.0,1,0,0,0,0,0,0,0,22/23,A
Ende,Moritz,BER,Ala Destra,14,0,0,0,0,0,0.0,0,0,0,0,0,0,0,0,22/23,A
Kastelic,Urh,TBV,Portiere,23,0,0,0,0,0,0.0,2,4,0,0,0,0,0,0,22/23,A
Kireev,Victor,BER,Portiere,31,0,0,0,0,0,0.0,1,0,0,0,0,0,1,0,22/23,A
Morawski,Adam,MTM,Portiere,34,0,0,0,0,0,0.0,1,0,0,0,0,0,0,0,22/23,A
Saeveraas,Kristian,LEI,Portiere,34,0,0,0,0,0,0.0,15,5,0,0,0,0,0,0,22/23,A
Shamir,Yahav,GWD,Portiere,33,0,0,0,0,0,0.0,4,0,0,0,0,0,0,0,22/23,A
Ehlers,Matteo,HAN,Centrale,2,0,0,0,0,0,0.0,0,0,0,0,0,0,0,0,22/23,A
Norsten,Fabian,GUM,Portiere,34,0,0,0,0,0,0.0,1,2,0,0,0,0,0,0,22/23,A
Kloor,Tim,SCM,Ala Destra,7,0,0,0,0,0,0.0,0,0,0,0,0,0,0,0,22/23,A
Juric,Petar,HAN,Centrale,7,0,0,0,0,0,0.0,1,0,1,0,0,0,0,0,22/23,A
Wissmann,Yannick,TVB,Ala Sinistra,2,0,0,0,0,0,0.0,0,0,0,0,0,0,0,0,22/23,A
Gores,Tom,BER,Portiere,2,0,0,0,0,0,0.0,0,0,0,0,0,0,0,0,22/23,A
Kix,Marvin,BER,Ala Destra,1,0,0,0,0,0,0.0,0,0,0,0,0,0,0,0,22/23,A
Fanger,Julius,GUM,Centrale,6,0,0,0,0,0,0.0,0,0,0,0,0,0,0,0,22/23,A
Obling,Bertram,HCE,Portiere,33,0,0,0,0,0,0.0,4,2,0,0,0,0,0,0,22/23,A
Walter,Marc,BER,Pivot,1,0,0,0,0,0,0.0,0,0,0,0,0,0,0,0,22/23,A
Ludwig,Lasse,BER,Portiere,7,0,0,0,0,0,0.0,1,0,0,0,0,0,0,0,22/23,A
Grazioli,Leonard,WET,Portiere,4,0,0,0,0,0,0.0,0,0,0,0,0,0,0,0,22/23,A
Bochmann,Pascal,LEI,Portiere,3,0,0,0,0,0,0.0,0,0,0,0,0,0,0,0,22/23,A
Muhlenstadt,Timon,TBV,Portiere,1,0,0,0,0,0,0.0,0,0,0,0,0,0,0,0,22/23,A
Orlov,Maxim,BER,Centrale,1,0,0,0,0,0,0.0,0,0,0,0,0,0,0,0,22/23,A
Oberosler,Louis,BHC,Portiere,1,0,0,0,0,0,0.0,0,0,0,0,0,0,0,0,22/23,A
Kooij,Lars Mitchell,ASV,Pivot,4,0,0,0,0,0,0.0,0,0,0,0,0,0,0,0,22/23,A
Oetjen,Thore,TBV,Pivot,2,0,0,0,0,0,0.0,0,0,0,0,0,0,0,0,22/23,A
Buchele,Julian,FAG,Portiere,3,0,0,0,0,0,0.0,0,0,0,0,0,0,0,0,22/23,A
Behrendt,Niclas,SCM,Portiere,2,0,0,0,0,0,0.0,0,0,0,0,0,0,0,0,22/23,A
Backhaus,Theodor Felix,HAN,Portiere,2,0,0,0,0,0,0.0,0,0,0,0,0,0,0,0,22/23,A
Grupe,Mats,RNL,Portiere,1,0,0,0,0,0,0.0,0,0,0,0,0,0,0,0,22/23,A
Houtepen,Thomas,TBV,Centrale,14,0,0,0,0,0,0.0,0,1,0,0,0,0,0,0,22/23,A
Okpara,Maduwuike,WET,Pivot,5,0,0,0,0,0,0.0,0,0,0,0,0,0,0,0,22/23,A
Mattausch,Patrick,GWD,Ala Sinistra,5,0,0,0,0,0,0.0,0,0,0,0,0,0,0,0,22/23,A
Grabitz,Lucas,GWD,Portiere,7,0,0,0,0,0,0.0,0,0,0,0,0,0,0,0,22/23,A
Moussa,Noah,ASV,Terzino Sinistro,2,0,0,0,0,0,0.0,0,0,0,0,0,0,0,0,22/23,A
Goldbecker,Leon,TBV,Portiere,1,0,0,0,0,0,0.0,0,0,0,0,0,0,0,0,22/23,A
Runge,Malte,TBV,Ala Destra,2,0,0,0,0,0,0.0,0,0,0,0,0,0,0,0,22/23,A
Fenske,Fabio Justin,GWD,Pivot,2,0,0,0,0,0,0.0,0,1,0,0,0,0,0,0,22/23,A
Ruddat,Elias,SCM,Ala Sinistra,3,0,0,0,0,0,0.0,0,0,0,0,0,0,0,0,22/23,A
Adam,Frederik,SGF,Ala Sinistra,2,0,0,0,0,0,0.0,0,0,0,0,0,0,0,0,22/23,A
Pereira,Francisco,BER,Ala Destra,1,0,0,0,0,0,0.0,0,0,0,0,0,0,0,0,22/23,A
Depping,Luc,HAN,Ala Destra,3,0,0,0,0,0,0.0,1,0,0,0,0,0,0,0,22/23,A
Koster,Moritz,GUM,Terzino Sinistro,3,0,0,0,0,0,0.0,0,0,0,0,0,0,0,0,22/23,A
Martyn,Mateusz,LEI,Pivot,1,0,0,0,0,0,0.0,0,0,0,0,0,0,0,0,22/23,A
Greilich,Nils,LEI,Ala Sinistra,1,0,0,0,0,0,0.0,0,0,0,0,0,0,0,0,22/23,A
Grundel,Finn Luca,HSV,Portiere,1,0,0,0,0,0,0.0,0,0,0,0,0,0,0,0,22/23,A
Hertzfeld,Tim Maximilian,SCM,Pivot,1,0,0,0,0,0,0.0,0,0,0,0,0,0,0,0,22/23,A
Bredemeier,Heinrich,GWD,Ala Destra,1,0,0,0,0,0,0.0,0,0,0,0,0,0,0,0,22/23,A
Horr,Manuel,MTM,Centrale,6,0,0,0,0,0,0.0,0,0,0,0,0,0,0,0,22/23,A
Bones,Paul,LEI,Centrale,4,0,0,0,0,0,0.0,0,1,0,0,0,0,0,0,22/23,A
El-Tayar,Mohamed Essam Moustafa,LEI,Portiere,31,0,0,0,0,0,0.0,2,2,0,0,0,0,0,0,22/23,A
Pinski,Alexander,HSV,Portiere,10,0,0,0,0,0,0.0,0,0,0,0,0,0,0,0,22/23,A
Niemann,Max,HSV,Centrale,10,0,0,0,0,0,0.0,3,3,0,0,0,0,0,0,22/23,A
Quardfasel,Mats Ove,HSV,Ala Destra,1,0,0,0,0,0,0.0,0,0,0,0,0,0,0,0,22/23,A
Eisele,Felix,FAG,Ala Destra,2,0,0,0,0,0,0.0,0,0,0,0,0,0,0,0,22/23,A
Bacani,Nico,TVB,Ala Destra,4,0,0,0,0,0,0.0,0,0,0,0,0,0,0,0,22/23,A
Bendiks,Bo Asmuss,SGF,Portiere,1,0,0,0,0,0,0.0,0,0,0,0,0,0,0,0,22/23,A
Gautsch,Niklas,HAN,Terzino Sinistro,7,0,0,0,0,0,0.0,0,0,0,0,0,0,0,0,22/23,A
Teuteberg,Theodor,GWD,Terzino Destro,4,0,0,0,0,0,0.0,0,0,0,0,0,0,0,0,22/23,A
Kuhn,Benedikt,BER,Terzino Destro,1,0,0,0,0,0,0.0,0,0,0,0,0,0,0,0,22/23,A
Overby,Silas,BER,Terzino Sinistro,5,0,0,0,0,0,0.0,1,0,0,0,0,0,0,0,22/23,A
Unbehaun,Levin,HSV,Ala Destra,4,0,0,0,0,0,0.0,0,0,0,0,0,0,0,0,22/23,A
Schmitt,Ben Kjell,SGF,Portiere,2,0,0,0,0,0,0.0,0,0,0,0,0,0,0,0,22/23,A
Abt,Valentin,FAG,Ala Sinistra,2,0,0,0,0,0,0.0,0,0,0,0,0,0,0,0,22/23,A
Kollmeier,Henrik,HAN,Terzino Destro,3,0,0,0,0,0,0.0,0,0,0,0,0,0,0,0,22/23,A
Buscher,Ben,BHC,Terzino Sinistro,1,0,0,0,0,0,0.0,0,0,0,0,0,0,0,0,22/23,A
Lucas,Fabian,TVB,Terzino Sinistro,1,0,0,0,0,0,0.0,0,0,0,0,0,0,0,0,22/23,A
Lieke,Gregor,HSV,Ala Sinistra,1,0,0,0,0,0,0.0,0,0,0,0,0,0,0,0,22/23,A
Czertowicz,Oskar,SGF,Centrale,3,0,0,0,0,0,0.0,0,0,0,0,0,0,0,0,22/23,A
Stegemeyer,Dennis,TVB,Portiere,1,0,0,0,0,0,0.0,0,0,0,0,0,0,0,0,22/23,A
Gidsel,Mathias,BER,Terzino Destro,31,342,248,94,248,0,0.7251000000000001,118,83,26,1,3,5,0,0,23/24,A
Zehnder,Manuel,EIS,Centrale,31,410,245,165,160,85,0.5976,54,80,4,1,3,6,0,0,23/24,A
Mortensen,Casper,HSV,Ala Sinistra,29,296,203,93,122,81,0.6858,9,11,18,0,0,1,0,0,23/24,A
Andersson,Lasse Bredekjaer,BER,Terzino Sinistro,31,348,199,149,199,0,0.5718,97,74,22,1,1,6,1,0,23/24,A
Magnusson,Omar Ingi,SCM,Terzino Destro,29,280,191,89,79,112,0.6820999999999999,85,32,6,1,2,6,0,0,23/24,A
Kristjansson,Viggo,LEI,Terzino Destro,28,265,179,86,120,59,0.6755,55,72,10,0,2,9,0,0,23/24,A
Lindberg,Hans,BER,Ala Destra,31,215,176,39,65,111,0.8186,9,6,7,0,0,0,0,0,23/24,A
Jakobsen,Emil,SGF,Ala Sinistra,29,239,173,66,110,63,0.7238,5,14,14,0,0,7,0,0,23/24,A
Hafner,Kai,TVB,Terzino Destro,31,309,170,139,170,0,0.5502,99,59,6,3,1,8,0,0,23/24,A
Novak,Domen,WET,Ala Destra,31,230,170,60,100,70,0.7391,7,10,16,0,1,6,0,0,23/24,A
Schiller,Marcel,FAG,Ala Sinistra,29,216,155,61,79,76,0.7176,10,8,12,0,0,4,0,0,23/24,A
Rubin,Lenny,WET,Terzino Sinistro,31,279,155,124,155,0,0.5556,74,73,13,6,0,7,0,0,23/24,A
Claar,Felix,SCM,Centrale,29,217,152,65,152,0,0.7005,78,38,11,2,5,10,0,0,23/24,A
Kirkelokke,Niclas,RNL,Terzino Destro,30,276,148,128,147,1,0.5362,80,64,10,5,0,6,0,0,23/24,A
Zehnder,Samuel,TBV,Ala Sinistra,31,207,146,61,54,92,0.7053,3,7,8,1,0,3,0,0,23/24,A
Vujovic,Milos,GUM,Ala Sinistra,30,193,145,48,67,78,0.7513,5,11,2,0,0,4,2,0,23/24,A
Steinhauser,Marius,HAN,Ala Destra,29,180,140,40,97,43,0.7778,3,5,6,0,0,12,0,0,23/24,A
Kastening,Timo,MTM,Ala Destra,31,189,133,56,94,39,0.7037,5,11,14,0,0,1,0,0,23/24,A
Ekberg,Niclas,THW,Ala Destra,29,179,132,47,77,55,0.7373999999999999,14,4,15,0,0,1,0,0,23/24,A
Baijens,Dani,HSV,Centrale,23,224,132,92,132,0,0.5893,48,47,6,0,2,11,2,0,23/24,A
Knorr,Juri,RNL,Centrale,27,234,130,104,110,20,0.5556,90,85,7,0,1,6,0,0,23/24,A
Fernandez Jimenez,Daniel,TVB,Ala Sinistra,31,168,129,39,72,57,0.7679,4,5,11,0,0,1,0,0,23/24,A
Jonsson,Elvar Orn,MTM,Centrale,25,208,129,79,129,0,0.6202000000000001,41,36,0,10,4,11,0,0,23/24,A
Martinovic,Ivan,MTM,Terzino Destro,26,197,128,69,89,39,0.6496999999999999,41,18,1,1,0,4,0,0,23/24,A
Koster,Julian,GUM,Terzino Sinistro,30,227,127,100,126,1,0.5595,127,53,15,24,1,11,1,0,23/24,A
Kohlbacher,Jannik,RNL,Pivot,30,170,126,44,126,0,0.7412000000000001,15,27,2,12,4,16,0,0,23/24,A
Klima,Matej,LEI,Terzino Sinistro,30,217,125,92,125,0,0.5760000000000001,60,53,3,1,3,10,0,0,23/24,A
Lonn,Adam,TVB,Terzino Sinistro,30,223,120,103,120,0,0.5381,72,42,3,12,4,20,2,0,23/24,A
Hutecek,Lukas,TBV,Centrale,31,190,120,70,120,0,0.6315999999999999,92,56,2,9,1,4,0,0,23/24,A
Johansson,Eric,THW,Terzino Sinistro,29,200,120,80,115,5,0.6,87,40,4,4,2,2,0,0,23/24,A
Semper,Franz,LEI,Terzino Destro,29,209,117,92,117,0,0.5598,43,33,3,0,0,6,1,0,23/24,A
Sarac,Josip,FAG,Terzino Sinistro,28,180,116,64,116,0,0.6444,45,33,17,21,1,9,3,0,23/24,A
Moller,Lasse,SGF,Terzino Sinistro,30,195,115,80,113,2,0.5897,63,36,5,1,2,5,0,0,23/24,A
Kristopans,Dainis,MTM,Terzino Destro,31,186,113,73,113,0,0.6075,96,42,3,12,1,23,0,0,23/24,A
Kulesh,Uladzislau,HAN,Terzino Sinistro,31,196,111,85,111,0,0.5663,20,20,4,0,0,3,0,0,23/24,A
Ladefoged,Frederik,BHC,Pivot,30,155,111,44,111,0,0.7161,16,38,0,13,2,23,1,0,23/24,A
Versteijnen,Niels Gerardus,TBV,Terzino Destro,31,194,111,83,109,2,0.5722,66,55,1,0,0,5,0,0,23/24,A
Beyer,Noah,BHC,Ala Sinistra,28,151,110,41,66,44,0.7284999999999999,1,5,7,0,0,3,0,0,23/24,A
Golla,Johannes,SGF,Pivot,30,145,106,39,106,0,0.731,9,19,7,29,4,11,1,0,23/24,A
Fischer,Justus,HAN,Pivot,25,145,104,41,104,0,0.7172,17,22,10,10,1,5,0,0,23/24,A
Pytlick,Simon,SGF,Centrale,24,174,101,73,101,0,0.5805,70,49,7,5,0,3,0,0,23/24,A
Marsenic,Mijajlo,BER,Pivot,30,132,100,32,100,0,0.7576,5,23,7,29,5,29,4,0,23/24,A
Vidarsson,Ellidi Snaer,GUM,Pivot,30,139,99,40,99,0,0.7121999999999999,8,21,1,7,2,7,2,0,23/24,A
Andersen,Frederik Bo,HSV,Ala Destra,30,142,99,43,85,14,0.6972,8,11,6,1,0,1,0,0,23/24,A
Schmidt,David,FAG,Terzino Destro,29,190,98,92,98,0,0.5158,38,33,4,4,4,17,0,0,23/24,A
Tissier,Leif,HSV,Centrale,30,143,94,49,94,0,0.6573,77,44,6,3,2,8,0,0,23/24,A
Saugstrup,Magnus,SCM,Pivot,28,104,94,10,93,1,0.9038,16,14,22,25,2,12,0,0,23/24,A
Bilyk,Nikola,THW,Terzino Sinistro,29,154,93,61,93,0,0.6039,54,34,4,2,0,2,0,0,23/24,A
Vistorop,Filip,HBW,Terzino Sinistro,27,192,93,99,87,6,0.4844,89,81,1,2,0,9,0,0,23/24,A
Jorgensen,Lukas,SGF,Pivot,30,108,93,15,93,0,0.8611,10,12,10,8,0,9,0,0,23/24,A
Jeppsson,Simon,HCE,Terzino Sinistro,31,170,91,79,84,7,0.5353,53,50,1,0,1,0,0,0,23/24,A
Buchner,Vincent,HAN,Ala Sinistra,31,120,90,30,90,0,0.75,8,5,24,0,2,3,1,0,23/24,A
Andersen,Mads Kjeldgaard,BHC,Terzino Sinistro,31,187,90,97,90,0,0.4813,85,43,7,0,1,2,0,0,23/24,A
Hornke,Tim,SCM,Ala Destra,29,119,89,30,76,13,0.7479,3,4,2,0,1,3,0,0,23/24,A
Olsson,Hampus,HCE,Ala Destra,29,129,89,40,88,1,0.6899,4,9,4,0,0,3,0,0,23/24,A
Stutzke,Lukas,BHC,Terzino Sinistro,30,177,89,88,89,0,0.5028,66,43,3,17,1,26,1,0,23/24,A
Blohme,Lukas,GUM,Ala Destra,27,126,87,39,87,0,0.6905,16,10,3,0,1,3,0,0,23/24,A
Gretarsson,Oddur,HBW,Ala Sinistra,27,125,87,38,23,64,0.696,3,4,4,1,0,3,0,0,23/24,A
Saul,Alexander,EIS,Terzino Destro,30,134,87,47,87,0,0.6493000000000001,40,36,1,0,0,1,0,0,23/24,A
Binder,Lukas,LEI,Ala Sinistra,29,127,87,40,85,2,0.685,8,5,11,0,2,4,0,0,23/24,A
Uscins,Renars,HAN,Terzino Destro,24,154,87,67,87,0,0.5649000000000001,53,31,3,2,0,2,0,0,23/24,A
Heymann,Sebastian,FAG,Terzino Sinistro,30,159,86,73,86,0,0.5409,38,36,12,20,3,13,0,0,23/24,A
Lassen,Jacob Arenth,HSV,Terzino Destro,21,145,86,59,86,0,0.5931000000000001,80,49,2,0,1,7,0,0,23/24,A
Snajder,Ivan,EIS,Ala Sinistra,31,127,86,41,65,21,0.6772,15,21,9,0,1,14,0,0,23/24,A
Zechel,Tim,HCE,Pivot,31,106,85,21,82,3,0.8019,12,27,4,13,1,16,0,0,23/24,A
Balenciaga Azcue,Erik,MTM,Centrale,30,129,85,44,83,2,0.6589,98,70,9,3,0,3,0,0,23/24,A
More,David,RNL,Ala Sinistra,30,123,85,38,83,2,0.6911,3,5,5,0,0,1,0,0,23/24,A
Steinert,Christoph,HCE,Terzino Destro,31,160,84,76,45,39,0.525,54,28,2,2,0,7,0,0,23/24,A
Suton,Tim,TBV,Centrale,28,131,84,47,83,1,0.6412,73,52,2,6,6,18,2,0,23/24,A
Brosch,Jan,TBV,Pivot,28,123,84,39,84,0,0.6829000000000001,8,20,3,18,3,19,1,0,23/24,A
Tollbring,Jerry,BER,Ala Sinistra,31,124,84,40,72,12,0.6774,13,3,12,0,1,3,0,0,23/24,A
Grgic,Marko,EIS,Terzino Sinistro,24,129,84,45,84,0,0.6512,38,39,4,4,0,2,0,0,23/24,A
Arnesson,Linus,BHC,Centrale,27,155,83,72,54,29,0.5355,59,34,4,5,2,4,0,0,23/24,A
Persson,Erik,FAG,Terzino Destro,31,147,82,65,82,0,0.5578,35,31,3,1,1,13,0,0,23/24,A
Hansen,Johan,SGF,Ala Destra,30,130,81,49,78,3,0.6231,6,6,7,0,0,3,0,0,23/24,A
Gottfridsson,Jim,SGF,Centrale,28,119,80,39,79,1,0.6723,75,57,2,0,0,4,1,0,23/24,A
Cavor,Stefan,WET,Terzino Destro,31,170,80,90,80,0,0.47,36,49,6,1,0,10,1,0,23/24,A
Tskhovrebadze,Giorgi,GUM,Terzino Destro,29,149,80,69,80,0,0.54,44,48,0,0,0,1,0,0,23/24,A
Horzen,Kristjan,GUM,Pivot,29,103,79,24,79,0,0.767,5,11,0,0,2,2,0,0,23/24,A
Wiencek,Patrick,THW,Pivot,29,108,78,30,78,0,0.7222,3,16,5,19,8,17,0,0,23/24,A
Bissel,Christopher,HCE,Ala Sinistra,31,114,78,36,78,0,0.6842,13,10,6,0,0,12,2,0,23/24,A
Reinkind,Harald,THW,Terzino Destro,26,137,77,60,77,0,0.562,57,29,1,2,0,4,0,0,23/24,A
Zerbe,Lukas,TBV,Ala Destra,31,104,76,28,66,10,0.7308,4,1,13,0,0,4,0,0,23/24,A
Volz,Patrick,HBW,Ala Sinistra,20,106,76,30,58,18,0.7170000000000001,3,7,5,1,1,1,0,0,23/24,A
Walz,Peter,EIS,Pivot,31,101,75,26,75,0,0.7426,14,20,5,2,5,18,0,0,23/24,A
Kozina,Kresimir,FAG,Pivot,28,107,75,32,75,0,0.7009000000000001,8,34,2,10,6,11,3,0,23/24,A
Nothdurft,Tim,BHC,Ala Sinistra,28,96,75,21,75,0,0.7813,4,7,0,1,0,12,1,0,23/24,A
Weller,Niklas,HSV,Pivot,28,106,75,31,75,0,0.7075,4,14,2,6,4,20,1,0,23/24,A
Ellefsen a Skipagotu,Elias,THW,Centrale,29,137,75,62,74,1,0.5474,48,38,2,0,0,4,0,0,23/24,A
Hafner,Max,TVB,Centrale,23,120,74,46,74,0,0.6167,56,35,3,1,0,2,0,0,23/24,A
Grahovac,Nikola,HBW,Pivot,28,95,74,21,74,0,0.7789,5,23,3,17,8,25,3,0,23/24,A
Prantner,Leo,HBW,Ala Destra,24,109,74,35,71,3,0.6789000000000001,8,7,6,0,1,5,0,0,23/24,A
Maric,Marino,TVB,Pivot,31,99,73,26,73,0,0.7373999999999999,2,33,0,0,0,0,0,0,23/24,A
Witzke,Luca,LEI,Centrale,18,118,73,45,73,0,0.6186,55,32,2,0,0,1,0,0,23/24,A
Lindenchrone Andersen,Jon,RNL,Terzino Destro,30,115,73,42,73,0,0.6347999999999999,35,31,4,1,0,2,0,0,23/24,A
Ilic,Zoran,HSV,Terzino Destro,23,135,73,62,73,0,0.5407,44,38,2,3,1,10,0,0,23/24,A
Heiny,Lutz,HCE,Terzino Sinistro,25,129,72,57,72,0,0.5581,27,51,0,0,0,3,0,0,23/24,A
Dahmke,Rune,THW,Ala Sinistra,28,96,70,26,70,0,0.73,7,3,9,1,0,2,0,0,23/24,A
Muller,Jerome,HBW,Terzino Destro,28,121,70,51,70,0,0.58,29,47,1,0,0,13,0,0,23/24,A
Edvardsson,Jonathan,HAN,Centrale,31,117,70,47,70,0,0.5982999999999999,41,26,5,1,0,2,0,0,23/24,A
Einarsson,Teitur Orn,SGF,Terzino Destro,28,127,70,57,70,0,0.5512,34,13,0,2,2,5,0,0,23/24,A
Laerke,Emil Buhl,TBV,Terzino Sinistro,28,126,69,57,69,0,0.5476,40,37,0,1,0,0,0,0,23/24,A
Laube,Lukas,TVB,Pivot,19,88,69,19,69,0,0.7841,5,10,4,5,3,2,0,0,23/24,A
Smarason,Janus Dadi,SCM,Centrale,28,90,68,22,68,0,0.7556,60,40,3,0,0,4,1,1,23/24,A
Vujovic,Branko,HAN,Terzino Destro,29,135,67,68,65,2,0.4963,61,31,14,2,0,5,1,0,23/24,A
Pregler,Ole,GUM,Centrale,28,117,67,50,67,0,0.5726,85,45,2,0,0,4,0,0,23/24,A
Fraatz,Yannick,BHC,Ala Destra,30,101,66,35,66,0,0.6535,3,6,9,1,0,3,0,0,23/24,A
Lichtlein,Nils,BER,Centrale,30,100,65,35,65,0,0.65,54,31,1,0,0,1,0,0,23/24,A
Schoch,Jona,HBW,Terzino Sinistro,27,136,64,72,64,0,0.4706,36,36,2,7,5,6,0,0,23/24,A
Smits,Kay,SGF,Terzino Destro,12,97,63,34,47,16,0.65,38,22,1,1,0,2,0,0,23/24,A
Svensson,Jonathan,HCE,Terzino Sinistro,27,118,63,55,63,0,0.5339,35,42,5,2,0,6,0,0,23/24,A
Reichmann,Tobias,RNL,Ala Destra,11,81,62,19,31,31,0.7654000000000001,1,4,0,0,0,3,0,0,23/24,A
Morante Maldonado,Eloy,BHC,Centrale,27,92,62,30,62,0,0.6739,41,42,5,1,1,8,0,0,23/24,A
Wagner,Hendrik,WET,Terzino Sinistro,31,120,61,59,61,0,0.5083,25,13,8,9,1,14,0,0,23/24,A
Kodrin,Tilen,GUM,Ala Sinistra,30,73,60,13,60,0,0.8219,2,4,0,2,2,7,0,0,23/24,A
Schluroff,Miro,GUM,Terzino Sinistro,29,104,59,45,59,0,0.5672999999999999,30,27,2,3,1,4,0,0,23/24,A
Leimeter,Csaba,HBW,Terzino Destro,30,105,57,48,57,0,0.5428999999999999,31,41,2,1,2,9,0,0,23/24,A
Lagergren,Albin,SCM,Terzino Destro,29,78,57,21,57,0,0.7308,37,24,7,2,0,4,0,0,23/24,A
Kneule,Tim,FAG,Centrale,31,92,55,37,55,0,0.5978,24,38,3,3,4,7,0,0,23/24,A
Mensah Larsen,Mads,SGF,Centrale,30,90,55,35,54,1,0.6111,42,26,0,0,1,9,1,0,23/24,A
Flodman,Andreas,FAG,Ala Destra,28,77,55,22,51,4,0.7143,2,9,11,0,0,3,1,0,23/24,A
Hanne,Martin,HAN,Terzino Sinistro,28,95,55,40,55,0,0.5789,17,20,2,1,1,11,0,0,23/24,A
Ejlersen,Rasmus Meyer,WET,Pivot,31,73,54,19,54,0,0.7397,5,17,3,8,13,26,1,0,23/24,A
Davidsson,Gustav,RNL,Terzino Sinistro,23,91,54,37,47,7,0.5934,39,42,2,1,0,3,0,0,23/24,A
Duvnjak,Domagoj,THW,Centrale,29,90,53,37,53,0,0.5889,49,14,15,4,0,10,1,0,23/24,A
Budel,Nico,HCE,Centrale,25,99,53,46,53,0,0.5354,42,34,8,2,3,16,1,0,23/24,A
Damgaard,Michael,SCM,Terzino Sinistro,22,92,53,39,53,0,0.5761,14,12,0,0,0,0,0,0,23/24,A
Hanusz,Egon,TVB,Centrale,29,85,53,32,51,2,0.6235,39,36,6,1,0,2,0,0,23/24,A
Kuhn,Julius,MTM,Terzino Sinistro,31,92,52,40,52,0,0.5652,25,26,3,5,1,11,0,0,23/24,A
Mertens,Lukas,SCM,Ala Sinistra,29,77,52,25,52,0,0.6753,7,2,6,0,0,2,0,0,23/24,A
Forsell Schefvert,Olle,RNL,Terzino Sinistro,25,89,52,37,44,8,0.5843,50,37,9,11,0,10,0,0,23/24,A
Mellegard,Emil,WET,Ala Sinistra,30,78,52,26,52,0,0.6667000000000001,2,11,5,0,0,2,0,0,23/24,A
Zelenovic,Nemanja,WET,Terzino Destro,27,110,52,58,52,0,0.4727,26,30,4,1,0,6,0,0,23/24,A
Groetzki,Patrick,RNL,Ala Destra,18,72,51,21,49,2,0.7082999999999999,7,7,5,1,0,0,0,0,23/24,A
Pekeler,Hendrik,THW,Pivot,21,74,51,23,51,0,0.6892,6,7,3,7,2,10,0,0,23/24,A
Moraes Ferreira,Rogerio,MTM,Pivot,30,73,51,22,51,0,0.6986,5,6,0,4,0,5,0,0,23/24,A
Mengon,Simone,EIS,Terzino Sinistro,29,70,51,19,51,0,0.73,23,26,1,0,0,0,0,0,23/24,A
Gerbl,Maximilian,HAN,Ala Destra,31,72,51,21,26,25,0.7082999999999999,3,1,2,0,0,0,0,0,23/24,A
Peter,Staffan,LEI,Ala Destra,25,81,51,30,51,0,0.6296,2,4,2,0,0,3,0,0,23/24,A
Preuss,Moritz,LEI,Pivot,21,68,50,18,50,0,0.7353000000000001,1,10,1,2,0,5,0,0,23/24,A
Mappes,Dominik,GUM,Centrale,20,103,50,53,48,2,0.4854,35,26,0,0,0,1,0,0,23/24,A
M'Bengue,Djibril,BHC,Terzino Destro,29,107,50,57,50,0,0.4673,40,26,1,2,1,6,0,0,23/24,A
Vranjes,Vladimir,WET,Pivot,27,73,50,23,50,0,0.6849,4,20,3,8,2,15,1,0,23/24,A
Serrano Villalobos,Jorge,TVB,Ala Destra,27,62,50,12,50,0,0.8065000000000001,7,10,4,0,0,2,0,0,23/24,A
Pfattheicher,Sascha,TVB,Ala Destra,29,72,49,23,49,0,0.6806,4,7,6,0,0,1,0,0,23/24,A
Brozovic,Ilija,HAN,Pivot,31,69,47,22,47,0,0.6812,6,9,7,8,1,13,1,0,23/24,A
Bergendahl,Oscar,SCM,Pivot,29,56,46,10,46,0,0.8214,4,10,0,11,5,11,1,0,23/24,A
Landin,Magnus,THW,Ala Sinistra,24,60,46,14,43,3,0.7667,4,5,3,4,1,8,1,0,23/24,A
Fredriksen,Magnus,WET,Centrale,31,97,45,52,45,0,0.4639,61,55,0,2,0,1,0,0,23/24,A
Heinzelmann,Tobias,HBW,Pivot,29,76,45,31,45,0,0.5921,3,18,8,5,1,18,0,0,23/24,A
Becher,Lukas,WET,Ala Sinistra,27,72,45,27,31,14,0.625,5,3,3,0,1,1,0,0,23/24,A
Runarsson,Andri Mar,LEI,Centrale,30,97,45,52,45,0,0.4639,30,33,4,0,0,1,0,0,23/24,A
Zieker,Patrick,TVB,Ala Sinistra,30,56,44,12,44,0,0.7857,6,6,3,2,0,10,0,0,23/24,A
Weyhrauch,Willy,EIS,Ala Destra,23,66,44,22,44,0,0.6667000000000001,3,6,5,0,0,5,1,0,23/24,A
Babak,Tomas,BHC,Centrale,30,68,43,25,43,0,0.6324000000000001,36,36,1,0,0,0,0,0,23/24,A
Simak,Frederik,TBV,Terzino Sinistro,29,59,43,16,43,0,0.73,16,12,10,20,4,22,2,0,23/24,A
Malus,Jaka,FAG,Centrale,27,89,43,46,43,0,0.4831,21,32,1,0,0,0,1,0,23/24,A
Firnhaber,Sebastian,HCE,Pivot,16,54,42,12,42,0,0.7778,6,12,0,9,3,10,0,0,23/24,A
Valiullin,Azat,HSV,Terzino Sinistro,30,88,42,46,42,0,0.4772999999999999,21,18,3,12,3,20,0,0,23/24,A
Michalczik,Marian,HAN,Terzino Sinistro,31,75,41,34,41,0,0.5467,132,59,9,9,4,23,1,0,23/24,A
Kurch,Justin,EIS,Pivot,29,59,41,18,41,0,0.6949,4,8,6,5,0,20,2,0,23/24,A
Wallinius,Karl,THW,Terzino Sinistro,29,72,41,31,41,0,0.5694,13,16,0,0,0,2,0,0,23/24,A
Musche,Matthias,SCM,Ala Sinistra,28,66,40,26,40,0,0.6061,5,0,1,0,1,1,0,0,23/24,A
Ende,Moritz,EIS,Ala Destra,30,63,40,23,40,0,0.6349,3,9,3,0,0,3,0,0,23/24,A
Arnarsson,Arnar Freyr,MTM,Pivot,31,51,39,12,39,0,0.7646999999999999,2,17,0,12,1,8,0,0,23/24,A
Sipos,Adrian,MTM,Pivot,31,57,39,18,39,0,0.6842,11,13,3,33,2,35,2,0,23/24,A
Carstensen,Leve,TBV,Ala Sinistra,31,48,39,9,39,0,0.81,1,4,4,0,0,0,0,0,23/24,A
Mandic,David,MTM,Ala Sinistra,29,59,38,21,38,0,0.6441,12,8,3,3,1,9,1,0,23/24,A
Overby,Petter,THW,Pivot,29,53,38,15,38,0,0.7170000000000001,4,7,3,9,3,15,0,0,23/24,A
Seitz,Stephan,HCE,Terzino Destro,25,55,37,18,37,0,0.6727,23,20,1,0,1,1,0,0,23/24,A
Theilinger,Nicolai,TBV,Terzino Destro,30,54,35,19,35,0,0.6481,16,17,2,7,3,9,0,0,23/24,A
Ignatow,Dimitri,MTM,Ala Destra,31,50,35,15,22,13,0.7,2,4,2,0,0,3,0,0,23/24,A
Petrovsky,Leos,TBV,Pivot,31,55,34,21,34,0,0.6182,0,13,4,6,2,14,1,0,23/24,A
Huber,Elias,HBW,Centrale,29,61,34,27,34,0,0.56,44,26,1,0,0,1,0,0,23/24,A
Lastro,Franko,FAG,Ala Destra,25,50,33,17,32,1,0.66,2,5,6,0,0,2,0,0,23/24,A
Donker,Malte,EIS,Terzino Destro,31,48,32,16,32,0,0.6667000000000001,38,21,8,2,1,15,0,0,23/24,A
Ellebaek,Tobias,FAG,Terzino Sinistro,28,70,32,38,32,0,0.4571,28,31,2,0,0,4,0,0,23/24,A
Sunnefeldt,Oskar,LEI,Terzino Sinistro,30,63,32,31,32,0,0.5079,9,10,2,1,0,5,0,0,23/24,A
Seesing,Aron,BHC,Pivot,14,37,32,5,32,0,0.8649,5,3,1,4,0,5,0,0,23/24,A
Wiede,Fabian,BER,Terzino Destro,14,47,30,17,30,0,0.6383,23,15,5,1,0,4,0,0,23/24,A
Darj,Max,BER,Pivot,29,42,30,12,30,0,0.7143,7,7,5,10,3,16,0,0,23/24,A
Schagen,Bobby,TBV,Ala Destra,26,35,29,6,29,0,0.8286,5,8,2,0,0,0,0,0,23/24,A
Weinhold,Steffen,THW,Terzino Destro,14,48,28,20,28,0,0.5832999999999999,20,12,1,1,1,6,0,0,23/24,A
Pettersson,Daniel,SCM,Ala Destra,24,39,28,11,28,0,0.7179000000000001,5,3,1,0,0,1,0,0,23/24,A
Saueressig,Lukas,HBW,Centrale,28,52,28,24,28,0,0.5385,30,35,2,2,1,5,0,0,23/24,A
Mavers,Veit,HCE,Centrale,17,48,28,20,11,17,0.5832999999999999,7,12,0,0,0,1,0,0,23/24,A
Nicolaus,Fynn-Luca,TVB,Terzino Sinistro,26,54,28,26,28,0,0.5185,18,14,3,1,0,9,0,0,23/24,A
Gebala,Maciej,LEI,Pivot,30,32,27,5,27,0,0.8438,5,9,3,12,0,8,1,0,23/24,A
Oskarsson,Arnor Snaer,RNL,Terzino Destro,29,40,27,13,26,1,0.675,11,15,0,0,0,1,0,0,23/24,A
Weber,Philipp,SCM,Centrale,25,43,26,17,26,0,0.6047,7,20,0,0,0,1,0,0,23/24,A
Ernst,Simon,LEI,Centrale,24,45,26,19,26,0,0.5778,30,13,4,16,3,17,3,0,23/24,A
O'Sullivan,Christian,SCM,Centrale,29,34,25,9,25,0,0.7353000000000001,37,11,3,9,1,12,0,0,23/24,A
Freihofer,Tim,BER,Ala Sinistra,31,40,25,15,25,0,0.625,1,0,1,0,0,1,0,0,23/24,A
Aho,Sindre Andre,MTM,Centrale,17,29,24,5,24,0,0.8276,11,12,0,0,0,4,0,0,23/24,A
Kristjansson,Gisli Thorgeir,SCM,Centrale,13,39,23,16,23,0,0.5897,19,18,0,1,0,0,0,0,23/24,A
Lumbroso,Yoav,EIS,Centrale,12,45,23,22,23,0,0.5111,15,27,3,0,0,2,0,0,23/24,A
Forstbauer,Jan,TVB,Terzino Destro,31,49,22,27,22,0,0.449,8,11,1,5,1,5,0,0,23/24,A
Ahouansou,Philipp,RNL,Terzino Sinistro,16,46,22,24,22,0,0.48,9,11,1,0,0,1,0,0,23/24,A
Gruner,Tim,HBW,Ala Sinistra,10,32,22,10,21,1,0.6875,0,1,1,0,0,1,0,0,23/24,A
Reichmuth,Timothy,EIS,Ala Sinistra,31,29,22,7,22,0,0.7585999999999999,1,1,3,0,0,5,0,0,23/24,A
Metzner,Antonio,HCE,Terzino Destro,14,35,21,14,21,0,0.6,10,23,0,1,0,5,0,0,23/24,A
Magaard,Andreas,HSV,Pivot,13,31,21,10,21,0,0.68,3,3,1,0,1,4,0,0,23/24,A
Ehrig,Sven,THW,Ala Destra,20,29,21,8,21,0,0.72,1,1,0,0,0,1,0,0,23/24,A
Matthes,Tim,LEI,Ala Sinistra,23,32,20,12,20,0,0.625,2,3,2,0,0,1,0,0,23/24,A
Krecic,Grega,BHC,Terzino Destro,12,43,19,24,19,0,0.4418999999999999,6,11,0,0,2,1,0,0,23/24,A
Strmljan,Tilen,HAN,Centrale,31,45,19,26,19,0,0.4221999999999999,21,9,2,0,0,1,0,0,23/24,A
Bauer,Stefan,HCE,Pivot,13,26,19,7,19,0,0.7308,0,5,0,2,1,9,0,0,23/24,A
Haseler,Mathis,GUM,Ala Destra,30,30,19,11,19,0,0.6333,1,2,2,0,0,0,0,0,23/24,A
Klimpke,Ole,WET,Terzino Sinistro,28,24,19,5,19,0,0.7917000000000001,14,21,1,3,0,2,0,0,23/24,A
Zacharias,Lion,RNL,Ala Sinistra,27,29,19,10,19,0,0.6552,0,2,2,0,0,0,0,0,23/24,A
Drosten,Florian,MTM,Ala Sinistra,31,29,19,10,17,2,0.6552,0,6,1,1,1,3,0,0,23/24,A
Bergemann,Thies,HSV,Ala Destra,30,30,18,12,18,0,0.6,3,2,0,0,0,1,0,0,23/24,A
Axmann,Dominik,HSV,Terzino Sinistro,14,41,18,23,18,0,0.439,15,8,4,0,0,4,0,0,23/24,A
Strosack,Moritz,LEI,Ala Destra,17,29,18,11,18,0,0.6207,1,1,2,0,0,3,0,0,23/24,A
Fugel,Elias,HBW,Ala Destra,14,27,18,9,18,0,0.67,1,1,0,0,0,3,0,0,23/24,A
Gommel,Tim,HCE,Ala Destra,13,21,18,3,18,0,0.8571,1,4,0,0,0,0,0,0,23/24,A
Pedersen,Mathias Mark,WET,Centrale,17,33,17,16,17,0,0.52,8,9,1,0,0,1,0,0,23/24,A
Nyfjall,Adam,HAN,Pivot,19,19,17,2,17,0,0.8946999999999999,2,1,4,1,1,5,0,0,23/24,A
av Teigum,Hakun West,BER,Ala Destra,30,29,17,12,17,0,0.5861999999999999,1,1,1,0,0,2,0,0,23/24,A
Ingason,Daniel Thor,HBW,Terzino Sinistro,30,52,16,36,16,0,0.3077,7,18,2,2,0,1,1,0,23/24,A
Bialowas,Yannik,HCE,Ala Sinistra,28,23,16,7,16,0,0.6957,2,1,0,0,0,3,0,0,23/24,A
Langhoff,Matthes,BER,Terzino Sinistro,23,24,16,8,16,0,0.6667000000000001,9,3,1,1,0,6,0,0,23/24,A
Lonborg,Mads-Peter,HCE,Ala Destra,18,27,16,11,16,0,0.5926,17,15,1,0,0,0,0,0,23/24,A
Poteko,Vid,FAG,Pivot,31,23,15,8,15,0,0.6522,3,10,0,2,0,9,0,0,23/24,A
Scholtes,Elias,BHC,Terzino Destro,6,28,15,13,15,0,0.5357,7,14,1,0,0,2,0,0,23/24,A
Danner,Felix,HBW,Pivot,22,18,14,4,14,0,0.7778,1,4,0,9,0,5,0,0,23/24,A
Krzikalla,Lucas,LEI,Ala Destra,25,22,14,8,14,0,0.6364,2,5,0,0,0,1,0,0,23/24,A
Corak,Dino,HSV,Pivot,11,20,14,6,14,0,0.7,1,6,0,1,0,1,0,0,23/24,A
Meyer,Philipp,EIS,Pivot,31,21,14,7,14,0,0.6667000000000001,13,2,3,7,3,27,0,0,23/24,A
Truchanovicius,Jonas,TVB,Terzino Sinistro,8,25,14,11,14,0,0.56,3,4,1,3,0,1,0,0,23/24,A
Persson,Isak,BHC,Ala Destra,23,21,14,7,14,0,0.67,1,2,0,0,0,0,1,0,23/24,A
Jansen,Tom,GUM,Terzino Destro,6,20,13,7,13,0,0.65,7,7,1,0,0,1,0,0,23/24,A
Jensen,Andreas Holst,RNL,Terzino Sinistro,29,32,12,20,12,0,0.375,4,8,1,0,0,5,0,0,23/24,A
Horgen,Aksel,SGF,Ala Destra,30,21,12,9,12,0,0.5714,1,2,1,0,0,2,0,0,23/24,A
Fuchs,Julian,WET,Ala Destra,27,20,12,8,11,1,0.6,3,3,5,0,0,0,0,0,23/24,A
Hermann,Till,FAG,Ala Sinistra,26,21,11,10,11,0,0.5238,0,2,0,1,0,0,0,0,23/24,A
Feise,Hannes,HAN,Ala Sinistra,31,22,11,11,11,0,0.5,1,4,1,4,0,4,0,0,23/24,A
Gislason,Ymir Orn,RNL,Pivot,29,16,11,5,11,0,0.69,4,6,5,12,2,9,1,0,23/24,A
Pedersen,August Baskar,SGF,Ala Sinistra,30,15,11,4,11,0,0.7333,1,0,6,0,0,1,0,0,23/24,A
Roller,Nils,FAG,Pivot,17,14,11,3,11,0,0.79,0,1,1,0,0,0,0,0,23/24,A
Link,Nikolai,HCE,Terzino Sinistro,31,15,10,5,10,0,0.6667000000000001,10,1,10,20,5,38,4,0,23/24,A
Ravensbergen,Bart,FAG,Portiere,24,14,10,4,10,0,0.7143,2,3,0,0,0,1,0,0,23/24,A
Severec,Tomislav,HSV,Terzino Sinistro,29,19,10,9,10,0,0.5263,5,6,1,0,0,8,0,0,23/24,A
Beneke,Max Christoph,BER,Terzino Destro,14,15,10,5,10,0,0.6667000000000001,1,8,0,0,0,3,0,0,23/24,A
Heitkamp,Niclas,EIS,Terzino Sinistro,14,21,10,11,10,0,0.48,7,13,0,0,0,2,0,0,23/24,A
Houtepen,Thomas,TBV,Centrale,19,17,10,7,10,0,0.5882000000000001,3,9,0,0,0,1,0,0,23/24,A
Gurbindo Martinez,Eduardo,THW,Terzino Destro,19,16,9,7,9,0,0.5625,9,6,1,2,0,2,0,0,23/24,A
Jacobsen,Steven Plucnar,RNL,Pivot,30,11,9,2,9,0,0.8181999999999999,4,4,2,2,0,5,0,0,23/24,A
Ivankovic,Ante,TVB,Terzino Sinistro,10,18,9,9,9,0,0.5,6,9,0,0,0,4,0,0,23/24,A
Patrail,Mait,EIS,Terzino Sinistro,16,13,8,5,8,0,0.6154,6,4,0,2,0,5,0,0,23/24,A
Hildenbrand,Tim,HBW,Ala Destra,22,22,8,14,8,0,0.3636,2,2,1,0,0,1,0,0,23/24,A
Drux,Paul,BER,Terzino Sinistro,16,18,7,11,7,0,0.39,10,4,2,1,0,2,0,0,23/24,A
Schmidt,Erik,WET,Pivot,10,9,7,2,7,0,0.78,0,2,0,1,0,3,0,0,23/24,A
Zivkovic,Boris,SGF,Terzino Destro,10,9,7,2,7,0,0.78,0,3,0,0,0,1,0,0,23/24,A
Portner,Nikola,SCM,Portiere,27,8,7,1,7,0,0.88,4,2,1,0,0,0,0,0,23/24,A
Kuzmanovski,Filip,WET,Terzino Sinistro,12,21,7,14,7,0,0.33,10,12,2,1,0,3,0,0,23/24,A
Meister,Lucas,SCM,Pivot,13,10,7,3,7,0,0.7,0,1,0,1,0,1,0,0,23/24,A
Zeman,Stepan,GUM,Pivot,29,10,7,3,7,0,0.7,3,1,4,17,3,20,2,0,23/24,A
Faust,Jarnes,THW,Ala Destra,7,8,7,1,7,0,0.875,0,0,1,0,0,1,0,0,23/24,A
Pliuto,Nikita,WET,Pivot,4,8,6,2,6,0,0.75,0,1,0,0,0,0,0,0,23/24,A
Kiesler,Tom,GUM,Terzino Sinistro,30,10,6,4,6,0,0.6,9,5,18,25,5,15,0,0,23/24,A
Mamic,Marko,LEI,Terzino Sinistro,30,9,5,4,5,0,0.5556,10,4,8,24,4,20,0,0,23/24,A
Rothlisberger,Samuel,TVB,Pivot,29,8,5,3,5,0,0.63,5,4,5,25,4,17,1,0,23/24,A
Horr,Manuel,MTM,Centrale,19,6,5,1,5,0,0.83,3,2,0,0,0,0,0,0,23/24,A
Newel,Elias,FAG,Centrale,9,7,5,2,5,0,0.71,1,1,0,0,0,1,0,0,23/24,A
Doniecki,Antoni Andrzej,BHC,Pivot,10,11,5,6,5,0,0.4545,0,1,0,0,0,2,0,0,23/24,A
Kopljar,Marko,BER,Terzino Destro,25,5,4,1,4,0,0.8,6,0,3,9,0,16,2,0,23/24,A
Gade,Simon,HAN,Portiere,27,6,4,2,4,0,0.67,6,3,0,0,0,0,0,0,23/24,A
Jacobs,Jann Keno,BER,Pivot,29,4,4,0,4,0,1.0,0,0,1,0,0,3,0,0,23/24,A
Guardiola,Gedeon,HCE,Pivot,20,7,3,4,3,0,0.43,1,3,0,4,0,2,0,0,23/24,A
Klimpke,Till,WET,Portiere,31,3,3,0,3,0,1.0,5,4,0,0,0,0,0,0,23/24,A
Milosavljev,Dejan,BER,Portiere,31,4,3,1,3,0,0.75,13,2,0,0,0,0,0,0,23/24,A
Reimer,Jan,BHC,Ala Destra,6,7,3,4,3,0,0.43,0,0,0,0,0,0,0,0,23/24,A
Spikic,Matija,EIS,Portiere,31,5,3,2,3,0,0.6,3,1,0,0,0,0,0,0,23/24,A
Battermann,Ben Connar,TBV,Terzino Sinistro,17,7,3,4,3,0,0.43,2,1,0,0,0,1,0,0,23/24,A
Santos,Ivo,BHC,Pivot,18,5,3,2,3,0,0.6,0,1,0,1,0,2,0,0,23/24,A
Blagotinsek,Blaz,SGF,Pivot,30,2,2,0,2,0,1.0,5,2,2,29,5,17,0,0,23/24,A
Slaninka,Martin,TVB,Pivot,10,7,2,5,2,0,0.29,1,5,1,1,0,1,0,0,23/24,A
Simic,Nebojsa,MTM,Portiere,31,2,2,0,2,0,1.0,7,1,3,0,0,0,0,0,23/24,A
Buric,Benjamin,SGF,Portiere,30,2,2,0,2,0,1.0,3,2,0,0,0,0,0,0,23/24,A
Pavlovic,Domagoj,MTM,Centrale,13,4,2,2,2,0,0.5,1,0,0,0,0,1,0,0,23/24,A
Risom Christensen,Martin,HSV,Terzino Destro,10,3,2,1,2,0,0.67,2,1,0,0,0,1,0,0,23/24,A
Todorovic,Uros,HBW,Terzino Destro,3,2,2,0,2,0,1.0,0,1,0,0,1,0,0,0,23/24,A
Spath,David,RNL,Portiere,26,4,2,2,2,0,0.5,4,3,0,0,0,0,0,0,23/24,A
Sajenev,Mika Laurin,LEI,Pivot,18,7,2,5,2,0,0.29,2,2,1,7,0,3,0,0,23/24,A
Bacani,Nico,TVB,Ala Destra,6,3,2,1,2,0,0.67,0,0,0,0,0,0,0,0,23/24,A
Hartwig,Alexander,HSV,Ala Sinistra,30,9,2,7,2,0,0.2221999999999999,1,0,0,0,0,0,0,0,23/24,A
Pachmann,Tobias,HSV,Pivot,4,5,2,3,2,0,0.4,0,2,0,0,0,0,0,0,23/24,A
Vortmann,Jens,HSV,Portiere,26,1,1,0,1,0,1.0,1,2,0,0,0,0,0,0,23/24,A
Quenstedt,Dario,HAN,Portiere,29,1,1,0,1,0,1.0,2,0,0,0,0,1,0,0,23/24,A
Rudeck,Christopher,BHC,Portiere,27,2,1,1,1,0,0.5,3,1,0,0,0,1,0,0,23/24,A
Hernandez Ferrer,Sergey,SCM,Portiere,29,1,1,0,1,0,1.0,1,1,0,0,0,0,0,0,23/24,A
Johannesson,Peter,BHC,Portiere,30,2,1,1,1,0,0.5,4,1,0,0,0,1,0,0,23/24,A
Ivanisevic,Tibor,GUM,Portiere,30,4,1,3,1,0,0.25,4,2,0,0,0,0,0,0,23/24,A
Morawski,Adam,MTM,Portiere,31,2,1,1,1,0,0.5,2,1,0,0,0,0,0,0,23/24,A
Weck,Alexander,BHC,Terzino Sinistro,9,3,1,2,1,0,0.3333,0,4,0,0,0,0,0,0,23/24,A
Kornecki,Mateusz,EIS,Portiere,28,2,1,1,1,0,0.5,2,0,0,0,0,0,0,0,23/24,A
Kraus,Dustin,EIS,Terzino Sinistro,12,4,1,3,1,0,0.25,0,3,0,0,0,1,0,0,23/24,A
Ayar,Koray,HAN,Pivot,16,1,1,0,1,0,1.0,0,0,0,0,0,0,0,0,23/24,A
Waldgenbach,Jan,MTM,Terzino Destro,6,1,1,0,1,0,1.0,0,0,0,0,0,1,0,0,23/24,A
Niemann,Max,HSV,Centrale,12,1,1,0,1,0,1.0,1,0,0,0,0,0,0,0,23/24,A
Gunther,Max,BER,Ala Destra,1,1,1,0,0,1,1.0,0,0,0,0,0,0,0,0,23/24,A
Pabst,Henri,THW,Terzino Destro,2,1,1,0,1,0,1.0,0,0,0,0,0,0,0,0,23/24,A
Abt,Valentin,FAG,Ala Sinistra,1,2,1,1,1,0,0.5,0,0,0,0,0,0,0,0,23/24,A
Lucas,Fabian,TVB,Terzino Sinistro,2,1,1,0,0,1,1.0,0,0,0,0,0,0,0,0,23/24,A
Giesselmann,Paul,BHC,Ala Sinistra,1,3,1,2,1,0,0.3333,0,0,0,0,0,0,0,0,23/24,A
Locher,Mischa,HBW,Ala Sinistra,6,1,1,0,1,0,1.0,0,2,0,0,0,1,0,0,23/24,A
Bellahcene,Samir,THW,Portiere,23,2,1,1,1,0,0.5,0,1,0,0,0,0,0,0,23/24,A
Wolf,Tom,MTM,Terzino Sinistro,5,4,1,3,1,0,0.25,0,2,0,0,0,0,0,0,23/24,A
Spandaou,Phil,WET,Ala Sinistra,4,2,1,1,1,0,0.5,0,0,0,0,0,0,0,0,23/24,A
Szilagyi,Ben Janos,THW,Ala Sinistra,5,3,1,2,1,0,0.3333,0,0,0,0,0,1,0,0,23/24,A
Heinevetter,Silvio,TVB,Portiere,30,0,0,0,0,0,0.0,4,2,1,0,0,3,1,0,23/24,A
Spath,Manuel,TVB,Pivot,2,0,0,0,0,0,0.0,0,0,0,0,0,1,0,0,23/24,A
Mrkva,Tomas,THW,Portiere,27,0,0,0,0,0,0.0,2,0,0,0,0,0,0,0,23/24,A
Bitter,Johannes,HSV,Portiere,30,0,0,0,0,0,0.0,3,4,0,0,0,1,0,0,23/24,A
Gensheimer,Uwe,RNL,Ala Sinistra,1,0,0,0,0,0,0.0,0,0,0,0,0,0,0,0,23/24,A
Rebmann,Daniel,GUM,Portiere,30,0,0,0,0,0,0.0,1,0,0,0,0,0,0,0,23/24,A
Appelgren,Mikael,RNL,Portiere,26,0,0,0,0,0,0.0,5,0,0,0,0,0,0,0,23/24,A
Gunnarsson,Arnor Thor,BHC,Ala Destra,2,0,0,0,0,0,0.0,0,0,0,0,1,0,0,0,23/24,A
Møller,Kevin,SGF,Portiere,30,0,0,0,0,0,0.0,3,5,0,0,0,0,0,0,23/24,A
Sego,Marin,FAG,Portiere,31,0,0,0,0,0,0.0,4,0,0,0,1,2,0,0,23/24,A
Plaue,Dominik,EIS,Portiere,16,0,0,0,0,0,0.0,0,0,0,0,0,0,0,0,23/24,A
Aggefors,Mikael,SCM,Portiere,2,0,0,0,0,0,0.0,0,0,0,0,0,0,0,0,23/24,A
Birlehm,Joel,RNL,Portiere,28,0,0,0,0,0,0.0,6,1,0,0,0,0,0,0,23/24,A
Hassferter,Michael,HCE,Portiere,2,0,0,0,0,0,0.0,0,0,0,0,0,0,0,0,23/24,A
Ebner,Domenico,LEI,Portiere,30,0,0,0,0,0,0.0,6,1,1,0,0,0,1,0,23/24,A
Zecher,Finn,TBV,Portiere,31,0,0,0,0,0,0.0,0,0,1,0,0,0,0,0,23/24,A
Chrapkowski,Piotr,SCM,Terzino Sinistro,19,0,0,0,0,0,0.0,0,0,0,0,0,1,0,0,23/24,A
Kastelic,Urh,TBV,Portiere,31,0,0,0,0,0,0.0,6,4,0,0,0,0,0,0,23/24,A
Kireev,Victor,BER,Portiere,25,0,0,0,0,0,0.0,0,0,0,0,0,0,0,0,23/24,A
Ferlin,Klemen,HCE,Portiere,29,0,0,0,0,0,0.0,9,3,0,0,0,0,0,0,23/24,A
Vujovic,Miljan,TVB,Portiere,31,0,0,0,0,0,0.0,5,2,0,0,0,0,0,0,23/24,A
Jaganjac,Halil,RNL,Terzino Sinistro,9,0,0,0,0,0,0.0,2,0,2,2,1,9,0,0,23/24,A
Kessler,Maximilian,RNL,Ala Sinistra,3,0,0,0,0,0,0.0,0,0,0,0,0,0,0,0,23/24,A
Saeveraas,Kristian,LEI,Portiere,28,0,0,0,0,0,0.0,7,1,0,0,0,0,0,0,23/24,A
Styrmisson,Hakon Dadi,GUM,Ala Sinistra,2,0,0,0,0,0,0.0,0,0,0,0,0,0,0,0,23/24,A
Ruminsky,Mario,HBW,Portiere,28,0,0,0,0,0,0.0,5,2,0,0,0,0,0,0,23/24,A
Sejr Jensen,Simon,HBW,Portiere,1,0,0,0,0,0,0.0,0,0,0,0,0,0,0,0,23/24,A
Suljakovic,Anadin,WET,Portiere,25,0,0,0,0,0,0.0,3,0,0,0,0,0,0,0,23/24,A
Reichenbach,Lukas,HAN,Portiere,1,0,0,0,0,0,0.0,0,0,0,0,0,0,0,0,23/24,A
Schneibel,Jannis,EIS,Centrale,8,0,0,0,0,0,0.0,1,2,0,0,0,0,0,0,23/24,A
Obling,Bertram,HCE,Portiere,31,0,0,0,0,0,0.0,6,1,0,0,0,0,0,0,23/24,A
Ludwig,Lasse,BER,Portiere,6,0,0,0,0,0,0.0,0,0,0,0,0,0,0,0,23/24,A
Grazioli,Leonard,WET,Portiere,3,0,0,0,0,0,0.0,0,0,0,0,0,0,0,0,23/24,A
Nikolaisen,Tom Kare,BHC,Pivot,1,0,0,0,0,0,0.0,0,0,0,0,0,0,0,0,23/24,A
Bochmann,Pascal,LEI,Portiere,2,0,0,0,0,0,0.0,0,0,0,0,0,0,0,0,23/24,A
Orlov,Maxim,BER,Centrale,1,0,0,0,0,0,0.0,0,0,0,0,0,0,0,0,23/24,A
Oberosler,Louis,BHC,Portiere,5,0,0,0,0,0,0.0,0,0,0,0,0,0,0,0,23/24,A
Beekmann,Ben,MTM,Ala Sinistra,3,0,0,0,0,0,0.0,0,0,0,0,0,0,0,0,23/24,A
Nowak,Marcel,BER,Ala Destra,2,0,0,0,0,0,0.0,0,0,0,0,0,0,0,0,23/24,A
Hubke,Torben,TBV,Pivot,8,0,0,0,0,0,0.0,0,0,0,0,0,0,0,0,23/24,A
Sauter,Moritz,BER,Centrale,2,0,0,0,0,0,0.0,0,1,0,0,0,1,0,0,23/24,A
Michalski,Niklas,RNL,Ala Destra,1,0,0,0,0,0,0.0,0,0,0,0,0,0,0,0,23/24,A
Schmitz,Tobias,BHC,Ala Sinistra,5,0,0,0,0,0,0.0,0,0,0,0,0,0,0,0,23/24,A
Hoepfner,Noel Benjamin,WET,Terzino Sinistro,2,0,0,0,0,0,0.0,0,0,0,0,0,0,0,0,23/24,A
Buchele,Julian,FAG,Portiere,14,0,0,0,0,0,0.0,0,0,0,0,0,0,0,0,23/24,A
Hopfmann,Luca,LEI,Terzino Destro,1,0,0,0,0,0,0.0,0,0,0,0,0,0,0,0,23/24,A
Geislers,Ralfs,TBV,Terzino Sinistro,1,0,0,0,0,0,0.0,0,0,0,0,0,0,0,0,23/24,A
Tomashevskyi,Oleksii,TBV,Pivot,5,0,0,0,0,0,0.0,0,0,0,0,0,0,0,0,23/24,A
Protsiuk,Mykola,GUM,Terzino Sinistro,5,0,0,0,0,0,0.0,0,0,0,0,0,0,0,0,23/24,A
Schottle,Nico,TVB,Terzino Sinistro,2,0,0,0,0,0,0.0,1,0,0,0,0,0,0,0,23/24,A
Schroven,Finn,GUM,Ala Destra,7,0,0,0,0,0,0.0,1,0,0,0,0,0,0,0,23/24,A
Runge,Malte,TBV,Ala Destra,4,0,0,0,0,0,0.0,0,0,0,0,0,0,0,0,23/24,A
Rodriguez,Luis,HAN,Pivot,2,0,0,0,0,0,0.0,0,0,0,0,0,0,0,0,23/24,A
Koster,Moritz,GUM,Terzino Sinistro,7,0,0,0,0,0,0.0,2,1,0,0,0,0,0,0,23/24,A
Keller,Leon,RNL,Terzino Sinistro,1,0,0,0,0,0,0.0,0,0,0,0,0,0,0,0,23/24,A
Mauch,Jan Luca,TVB,Terzino Destro,1,0,0,0,0,0,0.0,0,0,0,0,0,0,0,0,23/24,A
Greilich,Nils,LEI,Ala Sinistra,2,0,0,0,0,0,0.0,0,0,0,0,0,0,0,0,23/24,A
Widmaier,Maurice,TVB,Centrale,1,0,0,0,0,0,0.0,0,0,0,0,0,0,0,0,23/24,A
Grundel,Finn Luca,HSV,Portiere,1,0,0,0,0,0,0.0,0,0,0,0,0,0,0,0,23/24,A
Weimer,Tizian,WET,Ala Destra,3,0,0,0,0,0,0.0,0,0,0,0,0,0,0,0,23/24,A
Wente,Till,HBW,Terzino Sinistro,3,0,0,0,0,0,0.0,0,0,0,0,0,0,0,0,23/24,A
Weber,Daniel,HAN,Ala Destra,2,0,0,0,0,0,0.0,0,0,0,0,0,0,0,0,23/24,A
El-Tayar,Mohamed Essam Moustafa,HBW,Portiere,30,0,0,0,0,0,0.0,8,2,0,0,0,1,0,0,23/24,A
Grupe,Magnus,RNL,Centrale,4,0,0,0,0,0,0.0,0,0,0,0,0,0,0,0,23/24,A
Pinski,Alexander,HSV,Portiere,5,0,0,0,0,0,0.0,0,1,0,0,0,0,0,0,23/24,A
Bialowas,Lucca,HCE,Centrale,1,0,0,0,0,0,0.0,0,0,0,0,0,0,0,0,23/24,A
Hasenkamp,Fynn Jarik,TBV,Terzino Sinistro,1,0,0,0,0,0,0.0,0,0,0,0,0,0,0,0,23/24,A
Schwormstede,Luca Alexander,THW,Terzino Sinistro,3,0,0,0,0,0,0.0,0,0,0,0,0,1,0,0,23/24,A
Gautsch,Niklas,HAN,Terzino Sinistro,2,0,0,0,0,0,0.0,0,0,0,0,0,0,0,0,23/24,A
Andresen,Lasse,HAN,Portiere,4,0,0,0,0,0,0.0,0,1,0,0,0,0,0,0,23/24,A
Pfeil,Robin,SCM,Ala Sinistra,1,0,0,0,0,0,0.0,0,0,0,0,0,0,0,0,23/24,A
Tschentscher,Luca,TVB,Portiere,1,0,0,0,0,0,0.0,0,0,0,0,0,0,0,0,23/24,A
Goebner,Marius,WET,Portiere,3,0,0,0,0,0,0.0,0,0,0,0,0,0,0,0,23/24,A
Puls,Frederik,TBV,Ala Destra,3,0,0,0,0,0,0.0,0,1,0,0,0,0,0,0,23/24,A
Duck,Louis,HBW,Pivot,1,0,0,0,0,0,0.0,0,0,0,0,0,0,0,0,23/24,A
Sondermann,Frederik,BHC,Pivot,2,0,0,0,0,0,0.0,0,0,0,0,0,0,0,0,23/24,A
Buck,Tobias,HCE,Terzino Sinistro,6,0,0,0,0,0,0.0,0,1,0,0,0,2,0,0,23/24,A
Ohl,Paul,GUM,Terzino Sinistro,4,0,0,0,0,0,0.0,2,0,0,0,0,0,0,0,23/24,A
Czertowicz,Oskar,SGF,Centrale,4,0,0,0,0,0,0.0,0,0,0,0,0,0,0,0,23/24,A
Stegemeyer,Dennis,TVB,Portiere,1,0,0,0,0,0,0.0,0,0,0,0,0,0,0,0,23/24,A
Gossner,Tim,FAG,Ala Destra,8,0,0,0,0,0,0.0,0,0,0,0,0,0,0,0,23/24,A
Benkendorf,Lennard,HSV,Terzino Sinistro,10,0,0,0,0,0,0.0,0,0,0,0,0,0,0,0,23/24,A
Bierfreund,Magnus,THW,Portiere,8,0,0,0,0,0,0.0,0,0,0,0,0,0,0,0,23/24,A
Freitag,Bastian,EIS,Portiere,2,0,0,0,0,0,0.0,0,0,0,0,0,0,0,0,23/24,A
Lutze,Thorge,HAN,Terzino Sinistro,1,0,0,0,0,0,0.0,0,0,0,0,0,0,0,0,23/24,A
Simon,Colin,WET,Ala Destra,1,0,0,0,0,0,0.0,0,0,0,0,0,0,0,0,23/24,A
Altena,Leander,BHC,Ala Destra,1,0,0,0,0,0,0.0,0,0,0,0,0,0,0,0,23/24,A
Babic,Roman,BHC,Portiere,1,0,0,0,0,0,0.0,0,0,0,0,0,0,0,0,23/24,A
Uskok,Dalio,TVB,Centrale,1,0,0,0,0,0,0.0,0,0,0,0,0,0,0,0,23/24,A
Lubbadeh,Ben,WET,Ala Sinistra,1,0,0,0,0,0,0.0,0,0,0,0,0,0,0,0,23/24,A
Wurz,Phillip,GUM,Pivot,2,0,0,0,0,0,0.0,0,0,0,0,0,0,0,0,23/24,A
Wloch,Torge,HSV,Pivot,2,0,0,0,0,0,0.0,0,0,0,0,0,0,0,0,23/24,A
Zink,Leonard,HAN,Terzino Destro,5,0,0,0,0,0,0.0,0,0,0,0,0,0,0,0,23/24,A
Fink,Moritz,FAG,Ala Sinistra,1,0,0,0,0,0,0.0,0,0,0,0,0,0,0,0,23/24,A
Servos,Soeren,BHC,Terzino Sinistro,1,0,0,0,0,0,0.0,0,0,0,0,0,0,0,0,23/24,A
Szymon,Wagner,HAN,Portiere,1,0,0,0,0,0,0.0,0,0,0,0,0,0,0,0,23/24,A
Mestrovic,Theo,HBW,Portiere,1,0,0,0,0,0,0.0,0,0,0,0,0,0,0,0,23/24,A
