Lastname,Name,Team,Position,Games Played,Goals,Missed,Field Goals,Penalty Goals,Shooting Accuracy,Assists,Technical Faults,Steals,Blocks,Yellow Cards,2 Min Exclusion,Red Cards,Blue Cards,Season,Tier
Savvas,Savvas,HIL,LB,36,289,195,210,79,0.5971,52,40,7,7,20,16,1,0,17/18,B
Gunnarsson,Arnor Thor,BHC,RW,38,275,93,163,112,0.7473000000000001,14,17,11,0,2,3,0,0,17/18,B
Smits,Kay,WHV,RB,37,258,141,178,80,0.6466,90,74,20,4,5,10,0,0,17/18,B
Kaletsch,Paul,KON,LB,35,251,194,142,109,0.564,74,62,4,6,13,12,0,0,17/18,B
Billek,Florian,COB,RW,37,243,98,132,111,0.7126,24,29,20,0,4,2,0,0,17/18,B
Holzner,Dirk,TVE,LW,38,217,89,130,87,0.7092,12,12,8,0,4,6,0,0,17/18,B
Krings,Merten,TVE,CB,38,207,171,204,3,0.5476,99,77,6,7,21,24,3,0,17/18,B
Schafer,Christian,SGB,RW,38,206,51,88,118,0.8016,11,4,8,1,4,3,0,0,17/18,B
Adams,Jasper,TVE,LB,38,204,186,203,1,0.5231,94,54,9,16,18,19,0,0,17/18,B
Schwolow,Tobias,WHV,CB,36,199,160,189,10,0.5543,120,62,6,0,5,5,0,0,17/18,B
Saul,Alexander,EIS,RB,36,197,155,156,41,0.5597,55,38,6,3,5,6,1,0,17/18,B
Sohmann,Vincent,DES,CB,38,196,72,119,77,0.7313,72,61,14,0,3,9,0,0,17/18,B
Skroblien,Tom,TUE,LW,36,179,69,109,70,0.7218000000000001,7,9,14,2,4,7,0,0,17/18,B
Gerlich,Matthias,EIS,LB,33,174,154,115,59,0.5305,60,26,6,3,5,14,1,0,17/18,B
Weissgerber,Lars,HGS,RW,38,174,95,100,74,0.6468,2,13,8,0,4,5,0,0,17/18,B
Thomann,Gregor,HBW,RW,38,173,64,138,35,0.73,7,6,8,1,1,3,0,0,17/18,B
Schmidt,Patrick,WÖW,CB,38,172,158,113,59,0.5212,52,37,7,1,11,6,1,0,17/18,B
Dierberg,Julius,ELB,LW,38,169,49,106,63,0.7752,5,15,9,0,2,3,0,0,17/18,B
Szczesny,Dennis,TUE,LB,38,167,121,167,0,0.5799,40,43,7,29,18,29,4,0,17/18,B
Oelze,Alexander,VIK,CB,27,166,139,130,36,0.5443,31,37,4,0,1,4,0,0,17/18,B
Vorontsov,Evgeny,WHV,RW,37,162,81,149,13,0.6667000000000001,16,23,6,9,25,24,1,0,17/18,B
Barbarskas,Gerdas,SGB,LB,33,159,113,159,0,0.5846,62,25,22,7,12,15,0,0,17/18,B
Muller,Jerome,HGS,RB,38,158,121,158,0,0.5663,68,52,12,2,17,16,1,0,17/18,B
John,Robin,HIL,CB,34,155,132,110,45,0.5401,93,49,3,11,5,3,0,0,17/18,B
Varvne,Tobias,COB,LB,34,154,82,154,0,0.6525,44,41,4,2,2,3,0,0,17/18,B
Mestrum,Daniel,HAG,LW,37,149,96,126,23,0.6082,9,24,7,1,9,6,0,0,17/18,B
Pechstein,Marc,AUE,LB,34,148,159,98,50,0.48210000000000003,73,61,9,24,18,17,0,0,17/18,B
Kress,Soren,HAG,CB,38,146,119,110,36,0.5509000000000001,49,45,7,1,2,4,0,0,17/18,B
Neuhold,Christoph,ASV,CB,38,144,145,144,0,0.49829999999999997,76,39,5,3,8,6,0,0,17/18,B
Ellwanger,Jonas,TUE,CB,38,141,113,141,0,0.5550999999999999,67,43,13,12,13,19,1,0,17/18,B
Papadopoulos,Vyron,ASV,LW,30,140,59,67,73,0.7034999999999999,10,18,12,1,0,6,0,0,17/18,B
Kaufmann,Steffen,WÖW,RB,38,138,161,138,0,0.46149999999999997,104,46,2,1,1,1,0,0,17/18,B
Tzoufras,Nikolaos,HIL,P,36,135,44,135,0,0.7542,4,23,3,6,9,10,1,0,17/18,B
Von Boenigk,Jan,HAG,RB,36,134,100,133,1,0.5726,51,36,7,5,13,8,0,0,17/18,B
Arnesson,Linus,BHC,CB,38,134,78,134,0,0.6321,102,37,23,16,10,5,0,0,17/18,B
Wasielewski,Johannes,DES,RB,37,134,149,134,0,0.47350000000000003,53,66,2,7,18,17,0,0,17/18,B
Gretarsson,Oddur,HBW,LW,38,132,58,62,70,0.6947,15,12,5,2,4,8,1,0,17/18,B
Mickal,Pavel,NOL,LW,31,132,47,76,56,0.7373999999999999,5,13,4,2,1,6,1,0,17/18,B
Franke,Marten,TVE,RW,36,129,110,129,0,0.5397,20,20,3,1,5,9,1,0,17/18,B
Rentschler,Patrick,SGB,P,37,126,34,126,0,0.7875,11,19,6,18,15,22,0,0,17/18,B
Berchtenbreiter,Chris,KON,P,37,126,31,126,0,0.8025,5,27,7,8,22,22,1,0,17/18,B
Seidel,Lasse,NOL,LW,31,121,55,65,56,0.6875,6,7,20,2,2,1,0,0,17/18,B
Wohler,Adrian,EIS,LW,37,121,44,121,0,0.7333,7,15,11,1,3,13,0,0,17/18,B
Konitz,Bartosz,HAG,CB,35,119,126,117,2,0.4857,98,45,1,9,8,5,0,0,17/18,B
Zintel,Bjorn,ASV,CB,38,119,104,102,17,0.5336,58,31,5,3,3,11,1,0,17/18,B
Miedema,Patrick,NOL,CB,36,119,111,119,0,0.5174,61,34,14,10,12,13,0,0,17/18,B
Lex,Stefan,COB,RB,36,118,108,118,0,0.5221,63,71,11,3,5,3,1,0,17/18,B
Schoch,Jona,HBW,LB,37,117,80,117,0,0.5939,49,33,10,21,13,30,2,0,17/18,B
Roch,Kevin,AUE,LW,38,114,57,114,0,0.6667000000000001,16,18,18,21,21,41,4,0,17/18,B
Strobel,Martin,HBW,CB,37,112,69,112,0,0.6188,75,41,7,11,11,11,0,0,17/18,B
Riedel,Mathias,KON,LB,34,112,100,112,0,0.5283,40,48,3,15,12,13,0,0,17/18,B
Gutbrod,Fabian,BHC,LB,33,111,89,111,0,0.555,24,14,1,2,6,5,0,0,17/18,B
Hosse,Christian,VIK,LW,28,111,72,66,45,0.6065999999999999,22,34,9,0,6,7,0,0,17/18,B
Lindskog Andersson,Julius,HGS,CB,36,111,80,93,18,0.5811999999999999,65,42,5,0,5,4,0,0,17/18,B
Blohme,Lukas,ASV,RW,38,108,64,104,4,0.6279,14,10,13,1,6,7,0,0,17/18,B
Dumcius,Mindaugas,AUE,RB,37,108,85,106,2,0.5596,63,37,5,8,15,12,0,0,17/18,B
Postel,Duncan,WHV,P,38,107,42,107,0,0.7181000000000001,19,27,8,9,14,23,2,0,17/18,B
Beyer,Noah,TUE,LW,25,105,33,62,43,0.7609,3,9,5,0,2,4,0,0,17/18,B
Herth,Benjamin,WÖW,CB,36,104,100,68,36,0.5097999999999999,24,25,1,0,0,5,0,0,17/18,B
Brosch,Jan,ASV,P,37,104,40,104,0,0.7222,13,35,1,30,21,21,1,0,17/18,B
Spross,Felix,COB,LW,35,103,48,103,0,0.6820999999999999,3,6,12,2,5,7,1,0,17/18,B
Pavlicek,Tomas,DES,RW,35,103,52,63,40,0.6645,5,12,3,0,7,4,0,0,17/18,B
Meinhardt,Eric,AUE,CB,27,103,47,64,39,0.6867,51,33,10,0,3,6,0,0,17/18,B
Brielmeier,Benedikt,WÖW,LB,34,101,86,101,0,0.5401,49,24,7,6,4,12,0,0,17/18,B
Jurgeleit,Tim-Philip,ELB,LW,34,101,32,33,68,0.7594,2,4,2,0,1,0,0,0,17/18,B
Tubic,Dragan,HAG,RB,34,99,70,88,11,0.5858,15,21,4,6,12,12,0,0,17/18,B
Jungemann,Philip,AUE,P,37,99,32,99,0,0.7556999999999999,8,21,8,27,16,22,2,0,17/18,B
Heiny,Lutz,NOL,LB,38,99,143,99,0,0.40909999999999996,36,23,9,7,6,18,1,0,17/18,B
Wiese,Jens,NOL,LB,30,98,124,98,0,0.4414,8,11,8,11,7,7,0,0,17/18,B
Vorlicek,Philipp,NOL,RB,37,98,63,98,0,0.6087,30,26,13,5,20,17,0,0,17/18,B
Marcec,Martin,SGB,LW,34,97,37,96,1,0.7239,12,12,19,1,7,7,0,0,17/18,B
Schult,Jan,VFL,LB,32,96,108,96,0,0.4706,33,31,8,23,15,10,0,0,17/18,B
Verjans,Nicky,NOL,RW,33,95,73,75,20,0.5655,34,16,3,2,6,3,0,0,17/18,B
Faith,Jan,AUE,RW,38,95,66,95,0,0.5901,9,8,8,0,9,8,1,0,17/18,B
Metzner,Antonio,VFL,RB,30,95,83,95,0,0.5337,17,16,8,5,11,6,0,0,17/18,B
Milde,Oliver,VFL,LB,19,94,72,94,0,0.5663,14,14,1,0,0,1,0,0,17/18,B
Weyhrauch,Willy,EIS,RW,35,94,42,94,0,0.6912,16,13,19,0,8,15,0,0,17/18,B
Kammlodt,Adrian,ELB,LB,38,94,109,94,0,0.4631,41,29,4,3,7,8,0,0,17/18,B
Friedrich,Lars,HBW,RB,30,93,66,93,0,0.5849,42,31,1,4,9,7,0,0,17/18,B
Bornhauser,Tim,KON,CB,38,93,73,88,5,0.5602,60,38,7,4,11,6,0,0,17/18,B
Wolf,Tom,KON,LB,34,93,59,62,31,0.6118,31,17,4,15,5,9,0,0,17/18,B
Majdzinski,Maciej,BHC,RB,37,91,63,91,0,0.5909,34,25,9,5,12,8,0,0,17/18,B
Woss,Richard,TUE,RW,29,90,45,81,9,0.6667000000000001,4,9,11,0,2,3,0,0,17/18,B
Kirveliavicius,Romas,COB,LB,36,90,91,90,0,0.4972,32,33,6,17,20,20,1,0,17/18,B
Possehl,Julian,ASV,RB,35,89,71,89,0,0.5563,100,67,6,9,10,10,0,0,17/18,B
Vanco,Marek,DES,LW,38,89,47,89,0,0.6544,19,17,4,5,10,20,0,0,17/18,B
Damm,Sebastian,VFL,LW,29,89,31,45,44,0.7417,6,18,7,0,5,6,1,0,17/18,B
Hanisch,Libor,DES,P,38,89,16,89,0,0.8476,7,20,4,21,19,29,3,0,17/18,B
Niemeyer,Marcel,EIS,P,34,88,27,88,0,0.7652,4,24,1,7,14,21,0,0,17/18,B
Kropp,Andre,TVE,P,35,87,33,87,0,0.725,8,10,8,16,14,24,0,0,17/18,B
Emanuel,Max,SGB,RB,38,87,70,87,0,0.5540999999999999,76,30,18,4,16,13,0,0,17/18,B
Kolodziej,Falk,HGS,CB,37,87,79,87,0,0.5241,35,26,5,0,4,5,0,0,17/18,B
Klasmann,Christopher,VIK,LB,33,86,136,76,10,0.3874,25,24,0,0,1,2,0,0,17/18,B
Engels,Marcel,HGS,LB,37,85,86,85,0,0.4971,47,45,11,16,14,29,1,0,17/18,B
De Santis,Gabriel,ELB,RB,37,83,94,83,0,0.4689,38,50,4,4,22,24,1,0,17/18,B
Haller,Robin,SGB,LB,37,82,83,81,1,0.49700000000000005,30,13,7,3,4,2,0,0,17/18,B
Darj,Max,BHC,P,38,82,25,82,0,0.7664,15,32,5,30,23,23,1,0,17/18,B
Fridgeirsson,Fannar Tor,ASV,LB,36,80,60,68,12,0.5714,39,20,6,3,9,7,0,0,17/18,B
Klingler,Felix,KON,RW,36,79,45,75,4,0.6371,7,15,14,0,2,1,0,0,17/18,B
Akerman,Rickard,VFL,RB,32,79,68,78,1,0.5374,29,23,4,2,4,6,0,0,17/18,B
Becvar,Roman,ELB,CB,37,79,79,79,0,0.5,70,31,7,4,9,15,0,0,17/18,B
Schomig,Dominik,WÖW,LW,36,79,44,66,13,0.6423000000000001,10,16,9,0,1,4,0,0,17/18,B
Kotrc,Milan,BHC,LW,38,78,51,78,0,0.6047,6,9,18,1,4,2,0,0,17/18,B
Barkow,Moritz,HGS,P,25,77,15,77,0,0.8370000000000001,5,15,0,1,4,1,0,0,17/18,B
Fraatz,Yannick,NOL,RW,36,77,50,77,0,0.6063000000000001,5,9,11,3,8,5,0,0,17/18,B
Aust,Dennis,VIK,RW,37,77,44,75,2,0.6364,11,12,5,1,16,10,0,0,17/18,B
Lungela,Maurice,HIL,RB,37,76,76,76,0,0.5,14,25,7,0,6,6,0,0,17/18,B
Barthe,Paco,SGB,CB,37,75,35,75,0,0.6818000000000001,71,17,26,30,18,25,0,0,17/18,B
Pankofer,Daniel,VIK,CB,27,75,72,57,18,0.5102,21,34,2,1,4,4,0,0,17/18,B
Muller,Justin,TUE,CB,35,75,66,74,1,0.5318999999999999,68,37,5,2,2,6,0,0,17/18,B
Sauer,Julian,WÖW,RW,36,75,39,75,0,0.6579,7,6,3,0,9,5,0,0,17/18,B
Weis,Niklas,VIK,RB,36,75,76,75,0,0.49670000000000003,47,51,2,0,3,9,0,0,17/18,B
Genda,Pawel,VFL,LB,18,75,62,75,0,0.5474,18,15,4,4,5,4,0,0,17/18,B
Konig,Felix,SGB,CB,35,74,60,74,0,0.5522,27,19,1,0,0,1,0,0,17/18,B
Lauenroth,Julian,VFL,RW,31,73,37,56,17,0.6636,10,10,5,1,4,4,0,0,17/18,B
Krieg,Julian,ASV,RB,34,73,66,71,2,0.5252,28,27,3,5,3,7,1,0,17/18,B
Schlaich,Fabian,KON,LW,25,72,46,67,5,0.6102000000000001,13,14,6,0,1,1,0,0,17/18,B
Bettin,Maximilian-Leon,BHC,LB,34,72,58,53,19,0.5538000000000001,14,14,2,4,2,2,0,0,17/18,B
Renninger,Julian,HAG,P,27,72,24,70,2,0.75,22,17,14,15,13,16,0,0,17/18,B
Remke,Gregor,AUE,RB,27,70,55,68,2,0.56,29,40,4,1,5,15,0,0,17/18,B
Scheithauer,Max,DES,LB,22,70,58,70,0,0.5468999999999999,38,23,1,0,1,3,0,0,17/18,B
Quade,Henning,ELB,P,30,69,23,69,0,0.75,8,20,3,5,11,14,1,0,17/18,B
Glabisch,Thees,VFL,LW,24,69,28,51,18,0.7112999999999999,5,6,5,1,1,5,0,0,17/18,B
Zahradnicek,Jan,DES,RW,33,69,32,69,0,0.6831999999999999,4,11,1,0,0,4,0,0,17/18,B
Schonningsen,Simen,HBW,RB,28,69,47,69,0,0.5948,29,18,0,2,3,2,0,0,17/18,B
Riehn,Till,COB,CB,32,68,44,47,21,0.6071,42,25,0,4,6,4,0,0,17/18,B
ten Velde,Rutger,WHV,LW,32,68,40,66,2,0.6296,4,12,2,0,6,5,0,0,17/18,B
Bornhorn,Bengt,AUE,P,33,67,20,67,0,0.7701,6,12,5,5,10,15,0,0,17/18,B
Schliedermann,Marcel,EIS,CB,34,65,49,65,0,0.5702,28,38,4,8,11,16,1,0,17/18,B
Honicke,Jonas,DES,CB,35,65,56,49,16,0.5372,37,30,3,3,12,10,0,0,17/18,B
Babak,Tomas,BHC,CB,32,65,50,65,0,0.5652,58,18,3,3,1,2,0,0,17/18,B
Magi,Janar,AUE,LB,29,64,50,64,0,0.5614,11,12,0,0,0,0,0,0,17/18,B
Nothdurft,Tim,HBW,LW,33,64,30,63,1,0.6809000000000001,3,3,3,0,1,5,0,0,17/18,B
Schneider,Sebastian,HAG,LB,31,62,84,62,0,0.42469999999999997,16,17,0,1,3,2,0,0,17/18,B
Murawski,Martin,HGS,LW,34,62,33,62,0,0.6526000000000001,5,10,7,1,10,10,0,0,17/18,B
Pfeiffer,Florian,DES,LB,33,62,38,62,0,0.62,28,28,4,6,18,22,2,0,17/18,B
Boese,Rene,ELB,RW,33,62,31,51,11,0.6667000000000001,12,9,6,2,2,4,0,0,17/18,B
Claus,Dominik,SGB,RB,37,61,40,61,0,0.604,44,27,6,3,5,8,0,0,17/18,B
Zechel,Tim,TUE,P,32,61,33,61,0,0.6489,11,23,7,20,21,28,3,0,17/18,B
Gempp,Patrick,WÖW,P,33,60,21,60,0,0.7406999999999999,11,8,6,2,15,22,0,0,17/18,B
Prohl,Tilman,HAG,P,33,60,27,60,0,0.6897,22,22,4,22,13,34,3,0,17/18,B
Spohn,Valentin,HBW,LB,27,59,61,59,0,0.4917,12,6,2,5,7,4,0,0,17/18,B
Schaffer,Jan,WÖW,P,20,59,24,59,0,0.7108,9,13,4,9,12,18,3,0,17/18,B
Drager,Yannick,TVE,P,38,58,29,57,1,0.6667000000000001,15,20,13,23,21,38,6,0,17/18,B
Coric,Teo,VIK,P,37,58,19,58,0,0.7532,4,26,1,7,16,23,3,0,17/18,B
Schmidt,Valentin,SGB,CB,34,57,52,42,15,0.5229,58,16,3,1,11,5,0,0,17/18,B
Maas,Sebastian,WHV,LW,32,57,35,56,1,0.6196,7,5,2,0,6,9,0,0,17/18,B
Artmann,Jan,BHC,LW,30,55,24,55,0,0.6962,4,9,1,0,3,2,0,0,17/18,B
Luther,Daniel,EIS,LB,26,55,50,37,18,0.5238,46,26,6,10,9,8,0,0,17/18,B
Heil,Julius,KON,CB,27,55,38,55,0,0.5914,24,23,4,1,3,8,0,0,17/18,B
Hansen,Markus,VFL,CB,20,54,56,54,0,0.49090000000000006,17,11,6,10,5,2,0,0,17/18,B
Podpolinski,Toni,VFL,RB,25,54,46,54,0,0.54,35,18,8,2,7,5,1,0,17/18,B
Claasen,Tim,VFL,CB,33,54,40,44,10,0.5745,10,14,1,0,1,2,0,0,17/18,B
Doll,Jan,SGB,RW,33,54,32,54,0,0.6279,9,13,10,0,1,6,0,0,17/18,B
Weber,Sebastian,COB,P,35,53,25,53,0,0.6795,16,13,0,6,9,9,0,0,17/18,B
Kraus,Sebastian,WÖW,LW,36,53,24,46,7,0.6883,8,13,5,0,4,9,2,0,17/18,B
Wesseling,Sven,TVE,LB,36,53,40,37,16,0.5699000000000001,28,20,6,4,9,16,0,0,17/18,B
Petrovsky,Leos,BHC,P,38,53,24,53,0,0.6883,10,22,4,27,10,16,1,0,17/18,B
Handschke,Felix,VIK,LB,27,52,28,51,1,0.65,15,28,7,2,4,6,0,0,17/18,B
Pohle,Georg,TVE,LB,22,52,53,48,4,0.49520000000000003,33,17,1,11,10,23,2,0,17/18,B
Schulz,Michael,HGS,P,35,52,23,52,0,0.6933,11,14,7,31,13,19,1,0,17/18,B
Bohm,Lukas,WÖW,RB,36,52,33,52,0,0.6118,34,16,4,6,7,13,0,0,17/18,B
Wagner,Tobias,HBW,P,36,52,16,52,0,0.7646999999999999,6,20,2,18,13,13,0,0,17/18,B
Criciotoiu,Bogdan Andre,BHC,RB,30,51,42,51,0,0.5484,7,7,0,0,2,3,0,0,17/18,B
Zimmermann,Bruno,VFL,CB,31,51,52,51,0,0.4951,11,20,0,1,2,9,0,0,17/18,B
Kohler,Steffen,VFL,P,36,49,18,49,0,0.7313,7,21,8,3,8,7,0,0,17/18,B
Meoki-Etxebeste,Ibai,EIS,CB,26,49,36,49,0,0.5765,35,28,5,0,5,12,0,0,17/18,B
Kruger,Felix,KON,RB,35,48,69,48,0,0.4103,15,14,3,5,12,8,0,0,17/18,B
Petreikis,Benas,AUE,CB,25,48,37,47,1,0.5647,48,15,1,0,0,1,0,0,17/18,B
Foth,Christoph,HBW,P,35,47,20,46,1,0.7015,9,18,8,24,26,33,1,0,17/18,B
Wucherpfennig,Lukas,COB,RW,24,47,14,32,15,0.7705,3,2,1,0,1,2,0,0,17/18,B
Terwolbeck,Alexander,NOL,CB,20,47,38,47,0,0.5529,41,30,1,1,0,1,0,0,17/18,B
de Boer,Luca,NOL,P,36,47,31,47,0,0.6026,13,20,11,36,13,17,0,0,17/18,B
Schwarz,Maximilian,KON,RB,25,47,32,47,0,0.5949,21,26,3,0,2,6,0,0,17/18,B
Schwabe,Jakob,ASV,P,36,46,18,46,0,0.7188,11,9,5,25,15,9,0,0,17/18,B
Kalafut,Lukas,WHV,LB,27,46,72,46,0,0.3898,31,29,3,5,11,11,0,0,17/18,B
Kasler,Felix,TUE,RW,31,46,31,46,0,0.5974,2,11,3,0,2,1,0,0,17/18,B
Muller,Arthur,HGS,LB,30,45,73,45,0,0.3814,31,29,0,2,5,6,1,0,17/18,B
Johnen,Bennet,VIK,P,25,44,16,44,0,0.7333,2,22,1,3,12,10,0,0,17/18,B
Gipperich,Brian,VIK,RB,20,43,44,43,0,0.4943,10,18,3,1,3,3,0,0,17/18,B
Nippes,Kristian,BHC,RB,36,42,31,42,0,0.5753,38,21,7,12,8,15,0,0,17/18,B
Kelm,Dominic,COB,P,35,42,12,42,0,0.7778,8,13,4,3,11,4,0,0,17/18,B
Gudat,Lars,ASV,RW,29,41,20,41,0,0.6720999999999999,9,4,5,0,1,6,0,0,17/18,B
Huesmann,Fabian,ASV,LW,23,41,25,29,12,0.6212,8,3,1,6,4,12,0,0,17/18,B
Bornemann,Andreas,VIK,RB,29,41,70,41,0,0.36939999999999995,11,13,1,3,7,6,0,0,17/18,B
Bruhn,Jasper,VFL,RB,24,40,26,40,0,0.6061,2,10,2,3,1,3,0,0,17/18,B
Waldhof,Dominik,HAG,LB,35,40,32,40,0,0.5556,21,14,9,41,22,28,1,0,17/18,B
Reissky,Christoph,TUE,RB,14,39,31,39,0,0.5571,13,11,1,1,8,4,0,0,17/18,B
Buschmann,Arseniy,ELB,CB,33,39,27,39,0,0.5909,25,31,6,7,7,11,0,0,17/18,B
Asmuth,Jan,SGB,LW,32,39,23,39,0,0.629,9,5,9,1,5,6,0,0,17/18,B
Fuchs,Markus,ASV,LB,26,38,24,38,0,0.6129,20,8,6,32,17,17,1,0,17/18,B
Miljak,Duje,EIS,RB,34,38,40,38,0,0.48719999999999997,34,11,8,29,22,26,4,0,17/18,B
Bauer,Max,WÖW,RW,18,38,19,38,0,0.6667000000000001,3,8,3,0,7,13,1,0,17/18,B
Fauteck,Jannis,HAG,CB,27,37,38,37,0,0.49329999999999996,36,11,3,4,4,13,0,0,17/18,B
Kintrup,Michael,TUE,RB,19,37,44,37,0,0.4568,11,11,2,3,1,4,0,0,17/18,B
Gress,Sebastian,ELB,CB,22,37,27,37,0,0.5781000000000001,53,19,4,1,0,2,0,0,17/18,B
Kozul,Matej,WHV,P,36,37,29,37,0,0.5606,19,19,4,6,12,13,0,0,17/18,B
Flodl,Norman,ELB,P,22,36,18,36,0,0.6667000000000001,4,20,5,8,10,13,2,0,17/18,B
Erifopoulos,Panagiotis,SGB,P,21,36,11,36,0,0.7659999999999999,6,9,8,0,2,12,0,0,17/18,B
Maier-Hasselmann,Fabian,KON,RW,29,36,16,35,1,0.6923,4,4,2,1,1,2,0,0,17/18,B
Pulay,Gabor,ELB,RB,15,36,30,35,1,0.5455,15,18,1,0,1,0,0,0,17/18,B
Witzke,Luca,TUE,CB,21,36,26,36,0,0.5806,29,13,1,5,5,0,0,0,17/18,B
Hruscak,Patrik,ELB,RB,20,35,37,35,0,0.4861,8,12,0,0,5,4,0,0,17/18,B
Terhaer,Yannick,TVE,RW,28,34,16,34,0,0.68,0,8,0,0,5,5,0,0,17/18,B
Neuteboom,Jort,AUE,LB,17,33,25,14,19,0.569,5,12,1,7,3,6,0,0,17/18,B
Drechsler,Rene,WHV,RB,18,32,33,32,0,0.49229999999999996,16,19,0,0,0,2,0,0,17/18,B
Backs,Fin,HIL,LW,25,32,20,32,0,0.6154,0,4,2,0,0,1,0,0,17/18,B
Ranke,Fynn,VFL,P,26,31,15,31,0,0.6739,2,8,4,6,6,20,1,0,17/18,B
Schieb,Lukas,HIL,LB,25,31,33,31,0,0.4844,8,18,8,8,2,3,0,0,17/18,B
Hausmann,Jannik,HBW,RW,31,30,23,30,0,0.5660000000000001,16,12,1,3,4,6,0,0,17/18,B
Ridder,Carsten,TUE,LB,21,30,51,30,0,0.3704,40,17,2,11,12,12,0,0,17/18,B
Roosna,Karl,TUE,RB,23,30,35,30,0,0.46149999999999997,7,16,1,1,0,1,0,0,17/18,B
Zele,Daniel,ELB,LB,28,30,31,30,0,0.4918,13,8,4,9,5,8,0,0,17/18,B
Bahn,Thomas,VIK,CB,33,29,29,29,0,0.5,4,5,1,1,11,19,0,0,17/18,B
Saueressig,Lukas,HBW,CB,17,29,21,29,0,0.58,22,7,1,1,3,5,0,0,17/18,B
Runarsson,Sigtryggur Dadi,HBW,CB,26,28,27,26,2,0.5091,8,13,2,0,1,0,0,0,17/18,B
Ignatow,Dimitri,HIL,RW,26,28,19,24,4,0.5957,2,8,0,0,1,8,0,0,17/18,B
Nelson,Jakob,HIL,P,27,28,27,28,0,0.5091,20,15,1,2,8,3,0,0,17/18,B
Kretschmer,Nils Holger,ELB,LB,20,27,32,27,0,0.4576,18,13,10,12,10,18,0,0,17/18,B
Flohr,Matthias,HBW,LW,34,26,7,26,0,0.7879,14,12,3,3,11,18,1,0,17/18,B
Polydore,Yann,HGS,RB,32,26,35,26,0,0.42619999999999997,11,16,5,7,12,17,0,0,17/18,B
Gugisch,Nils,ELB,RW,11,26,11,26,0,0.7027,0,5,1,0,2,5,1,0,17/18,B
Hoffmann,Robin,ELB,RW,24,26,19,26,0,0.5778,1,5,3,0,10,11,0,0,17/18,B
Thomas,Heider,VIK,LB,35,26,17,26,0,0.6047,21,11,7,38,18,29,2,0,17/18,B
Kohler,Janik,WHV,CB,38,25,31,25,0,0.4464,33,22,8,15,18,19,2,0,17/18,B
Kellner,Benedikt,COB,CB,23,25,24,25,0,0.5102,13,18,3,2,0,1,0,0,17/18,B
Leenders,Toon,NOL,P,38,24,16,24,0,0.6,7,11,7,35,23,44,6,0,17/18,B
Noll,Pascal,HGS,LW,22,24,17,23,1,0.5854,5,3,7,1,6,9,1,0,17/18,B
Murkoster,Justin,EIS,P,12,24,6,24,0,0.8,4,3,0,7,5,1,0,0,17/18,B
Siegler,Lukas,WÖW,LB,13,24,16,24,0,0.6,8,4,5,0,5,4,0,0,17/18,B
Saborowski,Paul,HAG,RW,25,24,19,24,0,0.5581,5,4,4,0,0,1,0,0,17/18,B
Koke,Alexander,AUE,CB,17,23,17,22,1,0.575,13,11,3,0,0,0,0,0,17/18,B
Stegefelt,Markus,HBW,LB,15,23,22,23,0,0.5111,10,9,0,2,0,3,0,0,17/18,B
Knauer,Jakob,COB,RB,17,23,18,23,0,0.561,10,7,1,1,2,4,0,0,17/18,B
Popa,Marcel,EIS,LB,22,22,24,20,2,0.4783,13,11,0,1,1,5,0,0,17/18,B
Papadopoulos,Adam,HIL,P,20,22,10,22,0,0.6875,3,7,2,10,14,12,1,0,17/18,B
Simon,Andreas,HIL,LW,19,21,17,21,0,0.5526,13,19,5,1,6,8,0,0,17/18,B
Hanner,Tom,DES,RW,31,21,37,21,0,0.36210000000000003,18,15,0,0,2,9,0,0,17/18,B
Stryc,Jakub,DES,P,30,21,15,21,0,0.5832999999999999,4,11,3,2,5,4,0,0,17/18,B
Meiser,Chris,HIL,RB,23,20,8,20,0,0.7143,16,17,6,12,14,20,1,0,17/18,B
von Hermanni,Lothar,HIL,LW,13,20,11,18,2,0.6452,1,1,1,0,1,1,0,0,17/18,B
Walz,Peter,HGS,P,10,20,11,20,0,0.6452,2,9,2,4,6,11,1,0,17/18,B
Kolk,Paul,TVE,LW,14,20,13,20,0,0.6061,2,2,2,1,0,2,0,0,17/18,B
Smit,Alec,NOL,RW,22,20,20,20,0,0.5,3,5,5,0,4,4,0,0,17/18,B
Neloski,Marko,COB,LB,12,20,27,20,0,0.4255,5,12,1,4,4,1,0,0,17/18,B
Schmitt,Stefan,WÖW,LB,38,19,17,18,1,0.5278,27,13,13,21,24,23,2,0,17/18,B
Hagelin,Markus,COB,P,36,19,10,19,0,0.6552,12,10,3,18,22,22,1,0,17/18,B
Linhart,Petr,COB,RW,13,19,24,19,0,0.44189999999999996,6,13,1,1,1,2,0,0,17/18,B
Dolezel,Radek,HIL,RB,15,19,19,19,0,0.5,2,12,0,3,3,9,1,0,17/18,B
Richardt,Jonas,EIS,RB,20,18,17,18,0,0.5143,6,12,0,2,8,3,0,0,17/18,B
Voss-Fels,Kim,ASV,RB,17,18,21,18,0,0.46149999999999997,2,6,1,1,2,1,0,0,17/18,B
Paetow,Tom,HGS,LB,12,17,9,17,0,0.6537999999999999,1,4,1,0,0,1,0,0,17/18,B
Gaubatz,Jan-Lars,HAG,RB,4,16,14,16,0,0.5333,1,4,2,0,2,0,0,0,17/18,B
Leist,Philipp,HGS,RW,21,16,12,16,0,0.5714,2,3,2,0,3,1,0,0,17/18,B
Wendel,Samuel,KON,LW,12,16,10,16,0,0.6154,1,2,1,0,1,1,0,0,17/18,B
Andrejew,Daniel,WHV,P,21,16,5,16,0,0.7619,0,8,0,6,6,9,0,0,17/18,B
Szucs,Csaba,BHC,CB,27,15,16,15,0,0.4839,28,9,6,21,20,26,2,0,17/18,B
Naumann,Sebastian,AUE,RW,9,15,9,15,0,0.625,1,0,1,0,0,2,0,0,17/18,B
Gassler,Felix,KON,LB,25,15,25,15,0,0.375,3,7,2,1,3,6,0,0,17/18,B
Artmann,Nils,VIK,RW,18,14,12,14,0,0.5385,1,5,4,0,1,2,0,0,17/18,B
Urban,Tomas,EIS,RW,5,14,7,7,7,0.6667000000000001,2,2,0,0,0,0,0,0,17/18,B
Sabljic,Stanko,ASV,P,16,13,4,13,0,0.7646999999999999,5,4,5,1,4,6,0,0,17/18,B
Waschul,Martin,VFL,CB,29,12,11,12,0,0.5217,15,5,6,24,20,28,1,0,17/18,B
Bosing,Sebastian,KON,P,13,12,9,12,0,0.5714,2,8,0,0,3,7,0,0,17/18,B
Gorpishin,Sergej,WÖW,P,11,12,4,12,0,0.75,0,6,1,4,7,3,0,0,17/18,B
Wiencek,David,ASV,CB,4,11,5,11,0,0.6875,2,0,0,0,0,0,0,0,17/18,B
Weit,Dennis,HIL,CB,18,11,22,11,0,0.3333,1,4,0,0,1,3,0,0,17/18,B
Schmidt,Daniel,DES,P,26,11,4,11,0,0.7333,1,1,1,8,6,13,0,0,17/18,B
Paraschiv,Sebastian,AUE,CB,9,11,4,11,0,0.7333,3,5,1,0,1,0,0,0,17/18,B
Seidel,Malte,TUE,LB,24,11,13,11,0,0.4583,14,7,2,6,4,11,0,0,17/18,B
Hubner,Jan,TVE,CB,17,11,11,6,5,0.5,6,7,0,0,0,0,0,0,17/18,B
Hansen,Nicolai,EIS,P,13,10,7,10,0,0.5882000000000001,6,2,0,5,6,8,0,0,17/18,B
Schweda,Benjamin,KON,CB,11,10,10,10,0,0.5,3,4,2,0,4,2,0,0,17/18,B
Schlichting,Christoph,VFL,P,22,8,6,8,0,0.5714,3,11,0,4,11,6,0,0,17/18,B
Lindner,Tim,HAG,LW,15,8,8,8,0,0.5,2,2,0,0,0,0,0,0,17/18,B
Hartz,Maximilian,HGS,CB,4,8,3,4,4,0.7273000000000001,2,2,1,1,0,0,0,0,17/18,B
Meyer,Philipp,WÖW,P,8,6,4,6,0,0.6,3,3,2,3,3,4,0,0,17/18,B
Rudeck,Christopher,BHC,GK,37,5,1,5,0,0.8332999999999999,13,2,1,0,0,0,0,0,17/18,B
Schafer,Marcel,AUE,CB,14,5,13,5,0,0.2778,5,9,1,0,0,0,0,0,17/18,B
Lehmann,Fabrice,WHV,RW,15,5,7,5,0,0.4167,1,2,0,1,1,3,0,0,17/18,B
Iffert,Hannes,EIS,P,15,5,1,5,0,0.8332999999999999,1,5,1,1,2,6,0,0,17/18,B
Streckhardt,Noah,EIS,LW,12,5,3,4,1,0.625,0,2,1,0,0,0,0,0,17/18,B
Fischer,Jonathan,SGB,P,7,5,1,5,0,0.8332999999999999,0,2,0,0,0,0,0,0,17/18,B
Wiebe,Fynn,HIL,LB,24,5,3,5,0,0.625,3,3,1,24,9,20,1,0,17/18,B
Ehlers,Matteo,HIL,CB,8,5,4,5,0,0.5556,0,3,0,1,0,1,0,0,17/18,B
Klockmann,Dennis,VFL,GK,37,4,1,4,0,0.8,8,0,0,0,0,0,0,0,17/18,B
Sliwka,Radek,DES,RB,13,4,6,4,0,0.4,3,2,0,0,2,3,0,0,17/18,B
Buhrmester,Bjorn,NOL,GK,38,4,2,4,0,0.6667000000000001,14,1,0,0,0,0,0,0,17/18,B
Brustmann,Max,WÖW,GK,37,4,6,4,0,0.4,11,4,1,0,0,5,0,0,17/18,B
Ellwanger,Lukas,TUE,P,12,4,3,4,0,0.5714,0,3,0,2,0,0,0,0,17/18,B
Kustner,Pascal,EIS,P,9,4,2,4,0,0.6667000000000001,0,3,0,0,0,2,0,0,17/18,B
Braun,Joschua,KON,RB,4,4,0,4,0,1.0,0,3,0,0,0,0,0,0,17/18,B
Brucker,Jost,HIL,LW,15,4,13,4,0,0.2353,2,3,2,0,1,1,0,0,17/18,B
Mrkva,Tomas,HBW,GK,30,3,2,3,0,0.6,7,2,1,0,0,0,0,0,17/18,B
Schroder,Malte,TVE,RB,5,3,4,3,0,0.4286,2,1,1,0,0,0,0,0,17/18,B
Schulz,Patrick,HGS,GK,36,3,3,3,0,0.5,10,2,3,0,2,2,0,0,17/18,B
Bliss,Sebastian,TUE,GK,38,3,2,3,0,0.6,29,0,0,0,0,1,0,0,17/18,B
Hegemann,Michael,TUE,CB,20,3,0,3,0,1.0,1,1,0,6,5,15,0,0,17/18,B
Krechel,Oliver,COB,GK,34,3,1,3,0,0.75,10,4,1,0,0,0,0,0,17/18,B
Konig,Jan,HAG,LW,11,3,4,3,0,0.4286,0,0,1,0,0,0,0,0,17/18,B
Pieles,Bela,HIL,LW,2,3,2,3,0,0.6,0,0,0,0,0,0,0,0,17/18,B
Griessbach,Philipp,ELB,RW,2,3,0,3,0,1.0,0,0,0,0,0,0,0,0,17/18,B
Strosack,Moritz,HBW,RW,4,3,1,3,0,0.75,1,0,0,0,0,0,0,0,17/18,B
Ingenpass,Niklas,TUE,P,5,3,1,3,0,0.75,0,0,0,0,0,0,0,0,17/18,B
Rutschmann,Bastian,BHC,GK,29,2,0,2,0,1.0,8,2,0,0,0,0,0,0,17/18,B
Hertlein,Felix,ASV,GK,38,2,0,2,0,1.0,11,3,1,0,0,0,0,0,17/18,B
Oehler,Michael,KON,LB,17,2,3,2,0,0.4,2,6,1,6,12,15,0,0,17/18,B
Ebert,Pascal,AUE,LW,12,2,5,2,0,0.2857,2,0,1,1,0,2,0,0,17/18,B
Lefan,Jakub,HIL,GK,36,2,0,2,0,1.0,3,2,0,0,0,0,0,0,17/18,B
Zobel,Rene,HBW,RB,5,2,3,2,0,0.4,0,0,0,0,0,0,0,0,17/18,B
Kreis,Julian,HGS,P,8,2,0,2,0,1.0,1,0,0,0,0,0,0,0,17/18,B
Maggaiz,Marouen,HBW,GK,32,2,1,2,0,0.6667000000000001,3,2,0,0,0,0,0,0,17/18,B
Karle,Felix,WÖW,RW,9,2,3,2,0,0.4,1,0,0,0,0,0,0,0,17/18,B
Loffler,Samuel,KON,CB,7,2,0,2,0,1.0,2,3,0,0,0,0,0,0,17/18,B
Wolterink,Jorn,WHV,LB,10,2,7,2,0,0.22219999999999998,1,4,0,1,0,0,0,0,17/18,B
Weischer,Tim,TVE,LW,1,2,1,0,2,0.6667000000000001,0,0,0,0,0,0,0,0,17/18,B
Bozic,Vladimir,VIK,GK,37,1,2,1,0,0.3333,3,1,0,0,0,1,0,0,17/18,B
Kozlina,Miladin,VIK,LB,22,1,6,1,0,0.1429,2,1,1,28,12,7,0,0,17/18,B
Minerva,Jan Steffen,EIS,GK,37,1,0,1,0,1.0,7,2,0,0,0,0,0,0,17/18,B
Ambrosius,Philip,DES,GK,38,1,0,1,0,1.0,14,4,0,0,0,0,0,0,17/18,B
Trautvetter,Benjamin,EIS,P,2,1,0,1,0,1.0,0,1,0,0,0,0,0,0,17/18,B
Wiederstein,Fabian,HBW,P,3,1,1,1,0,0.5,0,0,0,0,0,0,0,0,17/18,B
Mallwitz,Marino,VFL,GK,29,1,0,1,0,1.0,3,3,0,0,0,0,0,0,17/18,B
Mangold,Moritz,TUE,GK,25,1,0,1,0,1.0,7,1,0,0,0,0,0,0,17/18,B
Prokopec,Pavel,HAG,LB,3,1,0,1,0,1.0,1,2,0,0,0,2,0,0,17/18,B
Wilmsen,Stephan,NOL,CB,3,1,1,1,0,0.5,1,0,3,0,0,2,0,0,17/18,B
Muller,Jurgen,SGB,GK,33,1,0,1,0,1.0,3,0,0,0,0,0,0,0,17/18,B
Madert,Konstantin,TVE,GK,38,1,0,1,0,1.0,17,6,0,0,1,0,0,0,17/18,B
Lupke,Frederick,WHV,GK,33,1,0,1,0,1.0,1,2,0,0,0,0,0,0,17/18,B
Ebner,Domenico,SGB,GK,36,1,0,1,0,1.0,18,1,3,0,0,0,0,0,17/18,B
Krautt,Jonas,SGB,LB,1,1,5,1,0,0.16670000000000001,0,0,0,0,0,0,0,0,17/18,B
Baur,Luca-Max,EIS,RW,1,1,0,1,0,1.0,0,0,0,0,0,0,0,0,17/18,B
Dell,Jonas,BHC,LB,6,1,0,1,0,1.0,0,3,0,1,0,1,0,0,17/18,B
van Lengerich,Johannes,NOL,P,7,1,1,1,0,0.5,0,0,0,0,0,0,0,0,17/18,B
Passias,Nikolaos,HIL,LB,3,1,5,1,0,0.16670000000000001,1,1,0,0,0,0,0,0,17/18,B
Milkow,Justin Lee,DES,LW,6,1,0,1,0,1.0,0,0,0,0,0,0,0,0,17/18,B
Schauer,Franz,AUE,LB,4,1,1,1,0,0.5,0,0,0,0,2,4,0,0,17/18,B
Martner,Christoph-Hagen,ELB,LW,5,1,2,1,0,0.3333,0,1,0,0,0,0,0,0,17/18,B
Bergner,Tom,HAG,P,3,1,0,1,0,1.0,0,1,0,0,0,2,0,0,17/18,B
Kordas,Norman,HIL,P,6,1,0,1,0,1.0,0,1,0,0,1,0,0,0,17/18,B
Gorgen,Moritz,VIK,RW,2,1,0,1,0,1.0,0,1,0,0,0,0,0,0,17/18,B
Gode,Rico,ELB,P,3,0,0,0,0,0.0,1,0,0,0,2,2,0,0,17/18,B
Huhnstock,Mario,ELB,GK,36,0,0,0,0,0.0,5,1,0,0,0,2,0,0,17/18,B
Kulhanek,Jan,COB,GK,21,0,0,0,0,0.0,6,0,0,0,0,0,0,0,17/18,B
Jerkovic,Dragan,HAG,GK,28,0,0,0,0,0.0,4,0,0,0,0,0,0,0,17/18,B
Doden,Dennis,WHV,GK,37,0,0,0,0,0.0,4,3,1,0,0,0,0,0,17/18,B
Gorobtschuk,Stanislaw,EIS,GK,25,0,0,0,0,0.0,2,0,0,0,0,0,0,0,17/18,B
Hanemann,Stefan,KON,GK,10,0,0,0,0,0.0,2,1,0,0,0,0,0,0,17/18,B
Brand,Sebastian,EIS,GK,7,0,0,0,0,0.0,0,0,0,0,0,0,0,0,17/18,B
Poltrum,Konstantin,KON,GK,35,0,0,0,0,0.0,10,0,0,0,0,0,0,0,17/18,B
Wolf,Maximilian,KON,GK,20,0,0,0,0,0.0,1,0,0,0,0,1,0,0,17/18,B
Donath,Sebastian,DES,P,1,0,0,0,0,0.0,0,0,0,0,0,0,0,0,17/18,B
Dohler,Phil,DES,GK,35,0,0,0,0,0.0,3,0,1,0,0,0,0,0,17/18,B
Balster,Marcel,ELB,GK,3,0,0,0,0,0.0,0,0,0,0,0,0,0,0,17/18,B
Twarz,Paul,HIL,GK,30,0,0,0,0,0.0,2,2,0,0,0,0,0,0,17/18,B
Mahncke,Tobias,HAG,GK,38,0,0,0,0,0.0,15,1,0,0,0,1,0,0,17/18,B
Musil,Radek,AUE,GK,7,0,0,0,0,0.0,0,0,0,0,0,0,0,0,17/18,B
Jonczyk,Darius,HGS,GK,27,0,0,0,0,0.0,5,0,0,0,0,1,0,0,17/18,B
Barsties,Philipp,COB,LB,13,0,0,0,0,0.0,2,0,2,8,8,8,0,0,17/18,B
Wetzel,Robert,AUE,GK,37,0,0,0,0,0.0,3,1,0,0,0,0,0,0,17/18,B
Wetzel,Tom,COB,LB,1,0,0,0,0,0.0,0,0,0,0,0,0,0,0,17/18,B
Leikauf,Markus,WÖW,GK,1,0,0,0,0,0.0,0,0,0,0,0,0,0,0,17/18,B
Behrens,Maurice,ASV,GK,2,0,0,0,0,0.0,0,0,0,0,0,0,0,0,17/18,B
Wieser,Andreas,WÖW,GK,23,0,0,0,0,0.0,2,0,0,0,0,0,0,0,17/18,B
Kaleun,Fabian,NOL,GK,16,0,0,0,0,0.0,0,0,0,0,0,0,0,0,17/18,B
Steffen,Nick,TVE,LW,2,0,0,0,0,0.0,0,0,0,0,0,0,0,0,17/18,B
Baumeister,Jonas,HBW,GK,9,0,0,0,0,0.0,0,0,0,0,0,0,0,0,17/18,B
Topfer,Erik,AUE,GK,38,0,0,0,0,0.0,5,1,0,0,1,0,0,0,17/18,B
Osswald,Marius,KON,P,1,0,0,0,0,0.0,0,0,0,0,0,0,0,0,17/18,B
Lorger,Gregor,ASV,GK,34,0,0,0,0,0.0,4,0,0,0,0,0,0,0,17/18,B
Dangers,Markus,HBW,P,2,0,0,0,0,0.0,0,0,0,0,0,1,0,0,17/18,B
Halfmann,Hendrik,ELB,GK,37,0,0,0,0,0.0,6,0,0,0,0,0,0,0,17/18,B
Moldrup,Mikkel,VIK,GK,26,0,0,0,0,0.0,3,0,0,0,0,0,0,0,17/18,B
Ferjan,Mark,TVE,GK,27,0,0,0,0,0.0,3,0,0,0,0,0,0,0,17/18,B
Foluszny,Patryk,COB,GK,11,0,0,0,0,0.0,0,1,0,0,0,0,0,0,17/18,B
Bogatzki,Jonas,EIS,LB,3,0,0,0,0,0.0,0,0,0,0,0,0,0,0,17/18,B
Manys,Maximilian,EIS,LW,1,0,0,0,0,0.0,0,0,0,0,0,0,0,0,17/18,B
Thomann,Julian,HBW,CB,3,0,0,0,0,0.0,0,0,0,0,0,0,0,0,17/18,B
Loffler,Jonas,KON,LB,1,0,0,0,0,0.0,0,1,0,0,0,0,0,0,17/18,B
Boieck,Janis,BHC,GK,5,0,0,0,0,0.0,0,0,0,0,0,0,0,0,17/18,B
Schrader,Janik,VFL,RB,1,0,0,0,0,0.0,0,0,0,0,0,0,0,0,17/18,B
Klein,Sven,HGS,GK,1,0,0,0,0,0.0,0,0,0,0,0,0,0,0,17/18,B
Krka,Leon,HIL,GK,5,0,0,0,0,0.0,0,0,0,0,0,0,0,0,17/18,B
Middell,Tobias,VIK,LB,1,0,0,0,0,0.0,0,1,0,0,0,0,0,0,17/18,B
Weck,Alexander,BHC,LB,1,0,0,0,0,0.0,1,1,0,0,0,1,0,0,17/18,B
Herrmann,Lukas,KON,GK,1,0,0,0,0,0.0,0,0,0,0,0,0,0,0,17/18,B
Roskosch,Jan,HAG,LW,1,0,0,0,0,0.0,0,0,0,0,0,0,0,0,17/18,B
Heling,Anton,SGB,LB,2,0,0,0,0,0.0,0,0,0,0,1,1,0,0,17/18,B
Borchert,Julian,TUE,GK,10,0,0,0,0,0.0,0,0,0,0,0,0,0,0,17/18,B
Volz,Patrick,KON,LW,3,0,0,0,0,0.0,0,0,0,0,0,1,0,0,17/18,B
Bitzer,Jan,HBW,CB,1,0,0,0,0,0.0,0,0,0,0,0,0,0,0,17/18,B
Titze,Tim,COB,GK,4,0,0,0,0,0.0,0,0,0,0,0,0,0,0,17/18,B
Skorupa,Paul,VIK,P,1,0,0,0,0,0.0,0,0,0,0,0,0,0,0,17/18,B
Spatz,Michael,TVG,RW,37,254,85,111,143,0.7493000000000001,22,23,6,2,4,2,0,0,18/19,B
Pohle,Georg,NOL,LB,38,246,162,191,55,0.6029,77,30,13,26,20,30,3,0,18/19,B
Meinhardt,Eric,AUE,CB,38,238,115,108,130,0.6742,114,61,14,3,6,8,0,0,18/19,B
Wieling,Tim,DOR,RW,37,236,107,135,101,0.688,9,15,10,2,5,5,1,0,18/19,B
Schwolow,Tobias,WHV,CB,38,222,185,200,22,0.5455,112,63,3,8,10,12,0,0,18/19,B
Gretarsson,Oddur,HBW,LW,37,209,66,104,105,0.76,16,10,10,0,3,4,0,0,18/19,B
Bozovic,Janko,TVE,RB,38,196,157,185,11,0.5552,64,48,4,11,12,17,3,0,18/19,B
Metzner,Antonio,VFL,RB,38,189,130,189,0,0.5925,31,46,13,9,12,8,0,0,18/19,B
Hosse,Christian,VIK,LW,36,183,68,71,112,0.7291,35,22,13,0,7,9,0,0,18/19,B
Drechsler,Rene,WHV,RB,37,182,177,182,0,0.507,95,62,3,3,1,5,1,1,18/19,B
Billek,Florian,COB,RW,29,181,51,101,80,0.7802,17,13,11,0,3,0,0,0,18/19,B
Holzner,Dirk,TVE,LW,36,181,71,96,85,0.7182999999999999,12,12,5,2,2,3,0,0,18/19,B
Petreikis,Benas,AUE,CB,36,179,125,161,18,0.5888,110,65,8,4,9,7,0,0,18/19,B
Skroblien,Tom,TUE,LW,38,174,84,117,57,0.6744,9,6,12,1,3,6,0,0,18/19,B
Zerbe,Lukas,FER,RW,38,173,48,81,92,0.7828,17,10,14,1,2,7,0,0,18/19,B
Gaubatz,Jan-Lars,HAG,RB,34,171,147,166,5,0.5377000000000001,67,34,9,4,4,2,0,0,18/19,B
Faulenbach,Jonas,FER,LB,37,171,154,171,0,0.5262,52,52,14,3,8,5,0,0,18/19,B
Krings,Merten,TVE,CB,32,164,147,163,1,0.5273,103,59,10,1,9,17,1,0,18/19,B
Stegefelt,Markus,TVH,LB,34,158,122,112,46,0.5643,49,14,4,11,2,3,0,0,18/19,B
Stutzke,Lukas,DOR,LB,34,156,135,156,0,0.5361,74,42,5,7,10,17,1,0,18/19,B
Ossenkopp,Lukas,HSV,LB,36,154,73,83,71,0.6784,26,15,2,17,10,13,0,0,18/19,B
Roch,Kevin,AUE,LW,38,151,85,148,3,0.6397999999999999,10,6,14,33,11,17,1,0,18/19,B
Strosack,Peter,NLB,RW,38,150,45,117,33,0.7692,22,10,6,0,1,0,0,0,18/19,B
Beyer,Noah,TUE,LW,36,146,58,62,84,0.7156999999999999,5,9,7,1,3,4,0,0,18/19,B
Prakapenia,Anton,COB,LB,37,145,101,145,0,0.5893999999999999,81,46,3,18,18,22,1,0,18/19,B
Pavlicek,Tomas,DES,RW,38,144,50,75,69,0.7423000000000001,6,8,6,1,9,3,1,0,18/19,B
Kress,Soren,HAG,CB,38,144,130,98,46,0.5255,85,51,5,2,6,7,0,0,18/19,B
Wasielewski,Johannes,DES,RB,38,138,146,138,0,0.48590000000000005,54,69,0,9,12,15,4,0,18/19,B
Szczesny,Dennis,TUE,LB,38,134,104,134,0,0.563,66,41,12,35,22,19,1,0,18/19,B
Zintel,Bjorn,TVH,CB,36,134,104,125,9,0.563,67,38,7,0,4,4,0,0,18/19,B
Jaanimaa,Dener,NLB,RB,38,132,98,132,0,0.5739,76,40,4,0,5,1,0,0,18/19,B
Stark,Mario,TVG,CB,37,132,121,132,0,0.5217,88,43,5,5,10,15,2,0,18/19,B
Bechtloff,Jens,NLB,LW,32,131,45,86,45,0.7443000000000001,9,11,5,0,9,7,0,0,18/19,B
Johannsson,Ragnar,TVH,RB,33,130,80,130,0,0.619,38,44,9,6,11,20,0,0,18/19,B
Zetterman,Pontus,COB,RB,36,130,102,108,22,0.5603,88,35,8,1,6,8,0,0,18/19,B
Kretschmer,Nils Holger,ELB,LB,38,128,114,88,40,0.5289,59,33,12,19,20,38,2,0,18/19,B
Bauer,Philipp,HSV,CB,30,128,93,128,0,0.5792,30,23,1,2,7,5,1,0,18/19,B
Spohn,Valentin,NLB,LB,37,124,130,122,2,0.4882,36,33,7,10,4,10,0,0,18/19,B
Lindskog Andersson,Julius,FER,CB,37,124,81,98,26,0.6049,46,33,7,1,8,10,0,0,18/19,B
Schmidt,Patrick,WÖW,CB,38,122,116,110,12,0.5126,46,49,2,0,5,2,0,0,18/19,B
Richter,Benjamin,DOR,CB,38,122,64,82,40,0.6559,53,36,13,2,2,2,0,0,18/19,B
Zele,Daniel,DES,LB,31,120,87,120,0,0.5797,20,32,0,6,5,4,0,0,18/19,B
Dumcius,Mindaugas,AUE,RB,37,119,98,117,2,0.5484,45,51,2,5,9,9,0,0,18/19,B
Wullenweber,Finn,HSV,LB,32,118,107,118,0,0.5244,13,21,0,1,2,9,0,0,18/19,B
Possehl,Julian,NOL,RB,38,117,80,117,0,0.5939,80,31,7,10,11,15,0,0,18/19,B
Mickal,Pavel,NOL,LW,38,117,51,90,27,0.6964,9,13,11,1,3,4,0,0,18/19,B
Vorontsov,Evgeny,WHV,RW,28,117,51,82,35,0.6964,11,20,2,3,11,11,0,0,18/19,B
Orlowski,Marian,NLB,LB,24,115,94,103,12,0.5502,30,27,1,6,5,5,0,0,18/19,B
Oelze,Alexander,VIK,CB,21,114,116,101,13,0.49570000000000003,35,27,2,0,1,2,0,0,18/19,B
Zechel,Tim,TUE,P,38,114,44,114,0,0.7215,13,26,7,29,21,25,1,0,18/19,B
Miedema,Patrick,NOL,CB,36,114,91,113,1,0.5561,48,38,3,3,16,12,0,0,18/19,B
Seidel,Lasse,NOL,LW,37,113,38,72,41,0.7483,10,14,6,1,2,1,0,0,18/19,B
Vanco,Marek,DES,LW,37,113,57,113,0,0.6647,23,21,5,1,5,9,0,0,18/19,B
Mestrum,Daniel,HAG,LW,34,113,70,97,16,0.6175,9,17,7,2,7,12,0,0,18/19,B
Engels,Marcel,TVG,LB,38,113,99,113,0,0.5329999999999999,60,48,5,2,9,10,0,0,18/19,B
Herth,Benjamin,WÖW,CB,37,112,91,43,69,0.5517,8,12,2,0,0,4,0,0,18/19,B
Wesseling,Sven,TVE,LB,38,112,103,99,13,0.5209,94,52,10,12,16,27,3,0,18/19,B
Blohme,Lukas,ASV,RW,38,111,50,111,0,0.6894,20,14,10,2,10,6,0,0,18/19,B
ten Velde,Rutger,WHV,LW,38,111,51,65,46,0.6851999999999999,13,13,8,0,6,6,0,0,18/19,B
Kaufmann,Steffen,WÖW,RB,38,110,126,110,0,0.4661,113,52,4,0,3,0,0,0,18/19,B
Lofstrom,Carl,DOR,P,37,110,24,110,0,0.8209000000000001,11,29,9,8,17,20,0,0,18/19,B
Papadopoulos,Vyron,ASV,LW,38,109,49,74,35,0.6899,21,11,15,1,3,3,0,0,18/19,B
Thomann,Gregor,HBW,RW,34,108,42,81,27,0.72,12,6,1,1,5,3,0,0,18/19,B
Von Boenigk,Jan,ASV,RB,38,107,85,107,0,0.5573,58,25,12,10,9,6,0,0,18/19,B
Varvne,Tobias,COB,LB,33,107,64,107,0,0.6257,39,36,3,1,2,3,0,0,18/19,B
Glabisch,Thees,VFL,LW,32,106,41,67,39,0.7211,7,6,4,0,0,4,0,0,18/19,B
Basic,Marijan,FER,CB,36,106,73,95,11,0.5922,68,52,10,2,3,6,2,0,18/19,B
Stefan,Tim,HAG,LB,36,105,116,105,0,0.47509999999999997,35,22,8,5,7,12,0,0,18/19,B
Morante Maldonado,Eloy,DOR,CB,33,105,68,105,0,0.6069,44,35,14,4,10,8,1,0,18/19,B
Niemeyer,Marcel,HBW,P,38,104,40,104,0,0.7222,13,25,4,14,25,29,1,0,18/19,B
Ellwanger,Jonas,TUE,CB,35,104,63,104,0,0.6228,63,42,18,11,18,23,1,0,18/19,B
Dierberg,Julius,ELB,LW,38,102,43,76,26,0.7034,11,11,9,2,2,5,0,0,18/19,B
Postel,Duncan,WHV,P,38,102,18,102,0,0.85,15,27,6,9,17,24,2,0,18/19,B
Siegler,Lukas,WÖW,LB,34,100,62,100,0,0.6173,34,27,4,2,13,10,0,0,18/19,B
Pulay,Gabor,ELB,RB,35,100,97,67,33,0.5075999999999999,31,25,4,0,0,2,0,0,18/19,B
Hahn,Tobias,TVH,RW,38,99,42,51,48,0.7021,8,4,1,8,5,8,0,0,18/19,B
Schoch,Jona,HBW,LB,37,99,82,99,0,0.547,67,35,1,17,10,28,0,0,18/19,B
Jaeger,Max,COB,LW,38,99,41,92,7,0.7071,9,3,5,1,10,5,0,0,18/19,B
Lex,Stefan,ASV,RB,37,98,82,98,0,0.5444,62,39,9,6,8,7,0,0,18/19,B
Gress,Sebastian,ELB,CB,38,98,50,98,0,0.6622,60,29,11,13,4,3,0,0,18/19,B
Witzke,Luca,TUE,CB,36,98,56,98,0,0.6364,66,23,6,6,6,6,0,0,18/19,B
Sudmeier,Soren,ASV,CB,38,97,82,97,0,0.5418999999999999,24,34,4,1,8,3,0,0,18/19,B
Herbst,Kevin,HSV,RB,34,97,68,78,19,0.5879,31,28,1,1,9,7,0,0,18/19,B
Milde,Oliver,ASV,LB,35,96,112,96,0,0.46149999999999997,52,17,5,2,0,6,0,0,18/19,B
Walczak,Patryk,NLB,P,38,96,34,96,0,0.7384999999999999,7,17,11,13,24,44,5,0,18/19,B
Gempp,Patrick,WÖW,P,38,94,23,94,0,0.8034,7,16,11,8,17,21,1,0,18/19,B
Corak,Dino,TVG,P,35,94,19,94,0,0.8319,8,14,4,6,9,11,0,0,18/19,B
Smits,Jorn,TVE,LB,37,94,58,94,0,0.6184000000000001,36,22,13,11,13,15,1,0,18/19,B
Drager,Yannick,TVE,P,38,93,36,93,0,0.7209,11,19,11,29,22,41,2,0,18/19,B
Firnhaber,Lucas,TUE,RB,38,91,97,91,0,0.484,40,24,3,1,5,17,0,0,18/19,B
Akakpo,David Cyrill,TUE,RW,38,91,49,91,0,0.65,3,10,3,0,5,11,0,0,18/19,B
Brykner,Ladislav,AUE,RB,28,90,59,90,0,0.604,22,33,2,5,8,12,2,0,18/19,B
Weller,Niklas,HSV,P,38,90,35,82,8,0.72,13,15,0,15,15,21,0,0,18/19,B
Spiess,Lars,TVG,LB,35,89,68,83,6,0.5669,46,29,6,16,17,21,2,0,18/19,B
Zahradnicek,Jan,DES,RW,38,89,38,60,29,0.7008,5,7,2,1,1,2,0,0,18/19,B
Axmann,Dominik,HSV,LB,36,88,48,64,24,0.6470999999999999,38,19,14,3,4,7,0,0,18/19,B
Rompf,Christian,TVH,LW,37,87,51,87,0,0.6304,6,12,7,4,22,26,3,0,18/19,B
Smit,Alec,NOL,RW,38,87,51,87,0,0.6304,4,10,8,1,7,13,0,0,18/19,B
Huesmann,Fabian,ASV,LW,37,86,33,47,39,0.7227,17,5,3,2,7,13,0,0,18/19,B
Muller,Justin,TUE,CB,36,86,55,86,0,0.6099,96,40,6,2,5,9,1,1,18/19,B
Bornhorn,Bengt,AUE,P,38,86,22,86,0,0.7963,6,32,5,2,6,13,2,0,18/19,B
Brielmeier,Benedikt,WÖW,LB,37,84,73,72,12,0.535,38,34,6,5,9,8,0,0,18/19,B
Prohl,Tilman,HAG,P,38,84,30,84,0,0.7368000000000001,14,43,11,25,21,35,0,0,18/19,B
Tubic,Dragan,HAG,RB,36,83,50,83,0,0.6241,20,25,9,3,14,15,2,0,18/19,B
Gierak,Lukasz,NLB,CB,37,83,64,71,12,0.5646,57,39,8,9,11,7,2,0,18/19,B
Weis,Niklas,VIK,RB,37,83,83,83,0,0.5,74,62,0,1,8,11,0,0,18/19,B
Winkler,Jan,TVG,RB,38,81,70,81,0,0.5364,47,29,6,5,15,12,1,0,18/19,B
Konitz,Bartosz,WHV,CB,38,79,88,78,1,0.4731,53,42,7,1,5,12,0,0,18/19,B
Hansen,Markus,VFL,CB,31,79,63,78,1,0.5563,41,27,12,19,10,11,0,0,18/19,B
Kretschmer,Finn,VFL,RW,38,79,33,79,0,0.7054,8,11,12,0,3,7,0,0,18/19,B
Sauer,Julian,WÖW,RW,36,79,42,78,1,0.6529,7,10,4,2,7,4,0,0,18/19,B
Kohler,Steffen,VFL,P,37,78,21,77,1,0.7879,16,15,21,18,9,18,0,0,18/19,B
Johnen,Bennet,VIK,P,33,78,33,78,0,0.7027,10,33,5,14,12,22,1,0,18/19,B
Sklenak,Tomas,TVH,CB,37,76,60,76,0,0.5588000000000001,47,39,7,0,1,4,0,0,18/19,B
Schult,Jan,VFL,LB,29,75,98,75,0,0.4335,30,22,6,10,7,6,0,0,18/19,B
Barwitzki,Moritz,FER,LW,37,75,43,51,24,0.6356,3,11,2,0,3,2,0,0,18/19,B
Spross,Felix,COB,LW,35,74,37,73,1,0.6667000000000001,13,30,8,1,1,0,0,0,18/19,B
Becvar,Roman,ELB,CB,37,74,52,74,0,0.5872999999999999,58,28,7,4,6,15,2,0,18/19,B
Neuhold,Christoph,COB,CB,24,74,56,74,0,0.5692,25,14,2,0,3,3,0,0,18/19,B
Kirveliavicius,Romas,HBW,LB,33,73,44,73,0,0.6239,26,20,1,28,12,26,3,0,18/19,B
Reuland,Joshua,DOR,LW,33,72,62,72,0,0.5373,5,6,4,0,2,3,0,0,18/19,B
Zobel,Rene,HBW,RB,37,71,71,71,0,0.5,19,17,5,5,11,12,0,0,18/19,B
Poter,Philipp,VIK,CB,27,70,64,70,0,0.5224,39,44,3,0,12,17,1,0,18/19,B
Sohmann,Vincent,ASV,CB,38,70,51,28,42,0.5785,36,32,0,0,1,3,0,0,18/19,B
Brosch,Jan,ASV,P,37,70,25,70,0,0.7368000000000001,12,19,2,25,16,18,1,0,18/19,B
Schwabe,Jakob,ASV,P,38,69,16,69,0,0.8118000000000001,14,19,3,25,9,17,1,0,18/19,B
Eisentrager,Florian,TVG,LW,24,69,39,66,3,0.6389,4,17,5,1,2,5,0,0,18/19,B
Lambrecht,Moritz,TVH,P,37,69,28,69,0,0.7112999999999999,17,6,26,7,24,21,1,0,18/19,B
Genz,Jo Gerrit,NLB,RB,38,69,69,69,0,0.5,32,18,5,4,10,17,1,0,18/19,B
Huter,Ian,DOR,CB,37,69,37,69,0,0.6509,66,35,23,6,5,12,0,0,18/19,B
Michel,Mattis,FER,P,38,68,29,61,7,0.701,4,14,4,3,11,7,0,0,18/19,B
Honicke,Jonas,DES,CB,24,67,55,45,22,0.5492,36,21,1,1,6,4,0,0,18/19,B
Jurgeleit,Tim-Philip,ELB,LW,31,67,24,51,16,0.7363,4,6,6,1,0,0,0,0,18/19,B
Terhaer,Yannick,TVE,RW,38,67,25,67,0,0.7283,2,6,12,0,5,5,0,0,18/19,B
Franke,Marten,TVE,RW,35,67,67,58,9,0.5,6,9,1,1,3,4,0,0,18/19,B
Friedrich,Lars,HBW,RB,38,66,53,65,1,0.5546,41,16,1,1,2,7,0,0,18/19,B
Hausmann,Jannik,HBW,RW,38,66,32,63,3,0.6735,33,15,4,0,4,7,0,0,18/19,B
de Boer,Luca,NOL,P,37,66,24,66,0,0.7333,15,21,9,55,15,8,2,0,18/19,B
Bergemann,Thies,HSV,RW,30,66,36,66,0,0.6470999999999999,8,4,4,0,1,4,0,0,18/19,B
Schauer,Kuno,WHV,CB,38,66,68,66,0,0.4925,23,28,3,1,4,4,0,0,18/19,B
Schmidt,Valentin,HAG,CB,15,65,49,36,29,0.5702,32,16,0,0,2,4,0,0,18/19,B
Saueressig,Lukas,HBW,CB,36,64,41,64,0,0.6095,75,26,6,12,8,13,0,0,18/19,B
Tissier,Leif,HSV,CB,36,63,36,63,0,0.6364,48,23,5,2,3,5,0,0,18/19,B
Klingler,Felix,TUE,RW,38,62,27,62,0,0.6966,4,7,3,1,0,1,0,0,18/19,B
Gipperich,Brian,VIK,RB,32,62,56,62,0,0.5254,24,22,4,0,9,11,1,0,18/19,B
Forstbauer,Jan,HSV,RB,30,61,74,61,0,0.45189999999999997,37,18,0,1,4,9,0,0,18/19,B
Nothdurft,Tim,HBW,LW,38,61,19,61,0,0.7625,3,6,1,1,2,0,0,0,18/19,B
Spiess,Tom,TVG,CB,37,60,50,60,0,0.5455,37,30,3,7,16,23,1,0,18/19,B
Vorlicek,Philipp,NOL,RB,19,60,36,60,0,0.625,17,14,3,2,2,7,0,0,18/19,B
Schomig,Dominik,WÖW,LW,18,59,19,56,3,0.7564,6,5,5,0,0,2,0,0,18/19,B
Damm,Sebastian,VFL,LW,24,58,23,25,33,0.716,9,9,5,0,5,3,1,0,18/19,B
Hanisch,Libor,DES,P,38,58,15,58,0,0.7945,12,26,2,7,10,18,0,0,18/19,B
Gugisch,Nils,ELB,RW,29,57,31,57,0,0.6476999999999999,3,8,5,1,3,3,0,0,18/19,B
Pust,Yannick-Marcos,WHV,RW,38,57,41,57,0,0.5816,7,16,8,1,3,10,1,0,18/19,B
Worner,Jan,FER,RB,35,57,44,57,0,0.5644,22,25,4,2,5,10,0,0,18/19,B
Jungemann,Philip,DES,P,38,56,22,56,0,0.7179000000000001,11,19,5,20,21,17,0,0,18/19,B
Genda,Pawel,VFL,LB,15,56,45,56,0,0.5545,12,14,5,5,8,6,1,0,18/19,B
Weber,Sebastian,COB,P,23,55,7,55,0,0.8870999999999999,8,13,2,0,5,4,0,0,18/19,B
Quade,Henning,ELB,P,36,55,20,55,0,0.7333,3,11,0,2,4,4,0,0,18/19,B
Knauer,Jakob,COB,RB,37,55,34,55,0,0.618,21,20,1,0,7,9,0,0,18/19,B
Ottsen,Jonas,VFL,LB,18,53,34,53,0,0.6092,37,20,2,2,5,3,0,0,18/19,B
Mlotek,Slavomir,DES,CB,30,53,57,53,0,0.4818,91,49,2,2,3,5,0,0,18/19,B
Zwarg,Daniel,VIK,CB,18,52,59,48,4,0.4685,14,17,3,0,2,1,0,0,18/19,B
Wernig,Daniel,TVH,RW,24,51,29,28,23,0.6375,7,9,8,1,3,2,0,0,18/19,B
De Santis,Gabriel,ELB,RB,33,51,46,51,0,0.5257999999999999,20,26,2,4,11,16,0,0,18/19,B
Heiny,Lutz,NOL,LB,30,50,61,50,0,0.45049999999999996,21,10,6,6,8,21,1,0,18/19,B
Strobel,Martin,HBW,CB,19,49,35,49,0,0.5832999999999999,34,20,5,9,4,4,1,0,18/19,B
Maas,Sebastian,WHV,LW,36,49,21,46,3,0.7,6,12,0,0,1,6,0,0,18/19,B
Faith,Jan,AUE,RW,37,49,47,49,0,0.5104,3,5,8,1,1,5,0,0,18/19,B
Urban,Tomas,TVG,RW,21,49,41,47,2,0.5444,21,22,1,1,6,8,0,0,18/19,B
Flodl,Norman,ELB,P,37,48,21,48,0,0.6957,11,13,11,22,17,20,1,0,18/19,B
Muller,Jonas,FER,LB,36,48,39,48,0,0.5517,13,14,3,3,5,7,0,0,18/19,B
Kolk,Paul,TVE,LW,33,48,26,48,0,0.6486,3,5,6,1,1,1,0,0,18/19,B
Rix,Christopher,HSV,LW,29,48,20,48,0,0.7059000000000001,2,6,2,0,6,4,0,0,18/19,B
Rebelo,Nuno,DOR,RB,32,47,38,47,0,0.5529,43,36,4,2,4,6,0,0,18/19,B
Bauer,Max,WÖW,RW,36,46,29,46,0,0.6133,4,3,4,2,5,16,1,0,18/19,B
Kammlodt,Adrian,ELB,LB,29,46,30,46,0,0.6053000000000001,10,17,1,3,2,4,0,0,18/19,B
Klein,Johannes,TVH,LB,37,46,31,46,0,0.5974,21,12,5,2,10,18,1,0,18/19,B
Runarsson,Sigtryggur Dadi,VFL,CB,26,45,48,44,1,0.4839,13,12,2,0,1,3,0,0,18/19,B
Schulz,Michael,WÖW,P,37,45,12,45,0,0.7895,8,17,3,18,20,45,3,0,18/19,B
Backs,Fin,WÖW,LW,33,45,34,45,0,0.5696,2,2,2,0,0,3,0,0,18/19,B
Handschke,Felix,VIK,LB,22,44,29,43,1,0.6027,10,21,3,0,1,2,0,0,18/19,B
Kozul,Matej,WHV,P,38,44,26,44,0,0.6286,25,18,1,11,13,15,1,0,18/19,B
Leenders,Toon,NOL,P,35,41,14,41,0,0.7454999999999999,10,10,4,29,14,33,4,0,18/19,B
Fuchs,Markus,ASV,LB,37,41,34,41,0,0.5467,22,8,10,58,22,26,0,0,18/19,B
Kropp,Andre,TVE,P,24,40,11,40,0,0.7843000000000001,6,7,3,6,11,17,2,0,18/19,B
Wucherpfennig,Lukas,COB,RW,30,40,20,25,15,0.6667000000000001,1,1,0,1,0,2,0,0,18/19,B
Bornemann,Andreas,HAG,RB,38,40,61,40,0,0.396,13,21,1,1,5,13,0,0,18/19,B
Rink,Thomas,FER,P,37,40,24,40,0,0.625,9,21,5,7,18,21,1,0,18/19,B
Raguse,Mex,ASV,LB,22,40,44,40,0,0.47619999999999996,23,22,3,4,3,6,0,0,18/19,B
Andrejew,Daniel,WHV,P,33,39,11,39,0,0.78,5,10,1,13,14,15,3,1,18/19,B
Speckmann,Jan-Eric,NLB,LW,32,39,13,39,0,0.75,1,5,4,0,0,3,0,0,18/19,B
Fuchs,Marius,HSV,P,31,38,18,38,0,0.6786,4,19,0,3,3,11,1,0,18/19,B
Coric,Teo,VIK,P,18,38,6,38,0,0.8636,2,15,4,4,6,10,0,0,18/19,B
Mubenzem,Dieudonne,TVH,RB,34,38,46,38,0,0.4524,20,17,2,1,2,4,0,0,18/19,B
Naumann,Sebastian,AUE,RW,32,37,38,37,0,0.49329999999999996,4,6,5,0,8,6,0,0,18/19,B
Ridder,Carsten,TUE,LB,29,37,23,37,0,0.6167,19,13,1,2,5,5,0,0,18/19,B
Timm,Marcel,COB,P,35,37,17,37,0,0.6851999999999999,11,15,1,10,14,25,2,0,18/19,B
Waschul,Martin,VFL,CB,27,36,25,36,0,0.5902000000000001,21,12,3,18,18,22,1,0,18/19,B
Gopfert,Andre,TVG,LW,36,36,21,36,0,0.6315999999999999,4,11,2,0,4,5,1,0,18/19,B
Huter,Patrick,DOR,P,35,36,14,36,0,0.72,5,10,3,23,20,26,2,0,18/19,B
Zorb,Moritz,TVH,P,26,35,9,35,0,0.7955,5,12,4,10,6,19,0,0,18/19,B
Neitsch,Magnus,FER,LW,34,35,11,35,0,0.7609,1,1,2,1,2,4,0,0,18/19,B
Emanuel,Oskar,ELB,RB,30,35,23,35,0,0.6034,3,4,2,0,2,1,0,0,18/19,B
Hovels,Kenji,NLB,CB,33,34,37,34,0,0.4789,28,28,1,0,2,0,0,0,18/19,B
Pechstein,Marc,ELB,LB,23,34,44,34,0,0.4359,15,16,1,6,8,12,0,0,18/19,B
Eggert,Daniel,DOR,RB,30,34,45,34,0,0.4304,34,15,2,8,4,4,0,0,18/19,B
Oliveira,Diogo,HBW,CB,32,34,28,29,5,0.5484,25,17,0,1,0,0,0,0,18/19,B
Gudat,Lars,ASV,RW,36,33,20,33,0,0.6225999999999999,4,8,15,1,2,6,0,0,18/19,B
Schade,Moritz,NLB,P,38,33,12,33,0,0.7333,8,9,11,11,10,13,0,0,18/19,B
Schneider,Lucas,FER,RB,15,33,15,33,0,0.6875,15,12,3,1,6,5,0,0,18/19,B
Waldhof,Dominik,HAG,LB,38,33,17,33,0,0.66,19,6,14,39,25,30,2,0,18/19,B
Gorgen,Moritz,VIK,RW,28,33,25,33,0,0.569,3,5,4,0,3,2,0,0,18/19,B
Fernandes,Mario,TVH,P,20,32,9,32,0,0.7805,2,11,7,1,9,13,0,0,18/19,B
Zimmermann,Bruno,DES,CB,37,32,36,32,0,0.4706,14,19,1,1,2,2,1,0,18/19,B
Hagelin,Markus,COB,P,36,32,14,32,0,0.6957,12,11,5,24,25,21,0,0,18/19,B
Hoffmann,Robin,ELB,RW,32,32,24,32,0,0.5714,5,9,4,1,12,20,3,0,18/19,B
Skorupa,Paul,VIK,P,25,32,13,32,0,0.7111,10,10,7,2,13,16,0,0,18/19,B
Schroder,Stefan,HSV,RW,19,30,19,30,0,0.6122,1,4,2,0,2,3,1,0,18/19,B
Weber,Patrick,COB,LB,18,30,39,30,0,0.43479999999999996,6,4,6,1,1,1,0,0,18/19,B
Artmann,Nils,VIK,RW,23,30,18,30,0,0.625,3,6,4,0,3,3,0,0,18/19,B
Ebert,Pascal,AUE,LW,38,29,18,28,1,0.617,1,2,6,0,0,5,0,0,18/19,B
Flohr,Matthias,HBW,LW,33,28,6,28,0,0.8234999999999999,5,7,3,4,4,11,0,0,18/19,B
Hanner,Tom,DES,RW,38,28,24,28,0,0.5385,10,13,2,0,4,2,1,0,18/19,B
Schneider,Julian,FER,CB,20,28,16,27,1,0.6364,17,10,6,2,9,10,0,0,18/19,B
Claasen,Tim,VFL,CB,21,27,17,21,6,0.6136,7,14,1,1,0,4,0,0,18/19,B
Bagaric,Marko,NLB,LB,34,27,18,27,0,0.6,23,12,8,50,19,26,1,0,18/19,B
Brand,Tim,HAG,CB,37,27,20,26,1,0.5745,2,7,2,0,0,1,0,0,18/19,B
Ranke,Fynn,VFL,P,35,26,11,26,0,0.7027,2,15,4,5,8,14,0,0,18/19,B
De la Pena,Juan,HBW,CB,17,26,19,26,0,0.5778,29,11,1,2,2,3,0,0,18/19,B
Podpolinski,Toni,VFL,RB,17,24,21,24,0,0.5333,19,12,2,1,3,4,1,0,18/19,B
Terwolbeck,Alexander,NOL,CB,20,24,16,24,0,0.6,12,10,0,0,0,0,0,0,18/19,B
Slachta,Petr,AUE,P,25,24,4,24,0,0.8571,3,3,9,18,8,4,0,0,18/19,B
Verjans,Nicky,NOL,RW,6,23,17,22,1,0.575,1,3,4,0,2,1,0,0,18/19,B
Predragovic,Srdjan,VIK,RB,18,23,46,23,0,0.3333,7,13,5,1,2,3,0,0,18/19,B
Bohm,Lukas,WÖW,RB,36,23,23,23,0,0.5,25,16,0,5,9,7,0,0,18/19,B
Neuteboom,Jort,AUE,LB,38,23,25,22,1,0.4792,9,12,0,12,7,7,1,0,18/19,B
Meschke,Benjamin,HBW,P,20,22,8,22,0,0.7333,1,4,4,3,11,10,1,0,18/19,B
Sabljic,Stanko,HAG,P,11,22,6,22,0,0.7857,6,9,4,10,5,8,0,0,18/19,B
Middell,Tobias,VIK,LB,30,22,18,22,0,0.55,3,13,0,1,1,1,0,0,18/19,B
Milas,Ivan,VIK,LB,8,22,29,22,0,0.4314,12,13,1,2,2,6,0,0,18/19,B
Vogt,Dominik,HSV,P,29,21,11,21,0,0.6563,5,9,2,8,13,26,1,0,18/19,B
Remke,Gregor,DES,RB,6,20,17,20,0,0.5405,8,5,1,0,1,1,0,0,18/19,B
Dell,Jonas,HAG,LB,21,18,8,18,0,0.6923,5,6,2,6,3,10,0,0,18/19,B
Moller,Marcel,VFL,P,27,18,14,18,0,0.5625,1,4,0,0,1,1,0,0,18/19,B
Bruhn,Jasper,VFL,RB,38,17,23,17,0,0.425,5,9,1,1,4,3,0,0,18/19,B
Pfeiffer,Florian,DES,LB,36,17,18,16,1,0.4857,20,10,2,11,15,31,3,0,18/19,B
Toom,Karl,TVE,LB,36,17,24,17,0,0.4146,5,7,1,2,2,2,2,0,18/19,B
Tuminskis,Austris,AUE,LB,20,17,16,17,0,0.5152,3,4,0,2,3,4,0,0,18/19,B
Rakovic,Luka,NLB,RW,38,16,8,16,0,0.6667000000000001,2,7,1,0,0,1,0,0,18/19,B
Erifopoulos,Christos,TVG,CB,37,16,11,16,0,0.5926,1,5,0,0,0,1,0,0,18/19,B
Toromanovic,Damian,HAG,RW,38,16,9,16,0,0.64,1,4,5,0,1,2,0,0,18/19,B
Blank,Jan,TVG,P,31,15,10,15,0,0.6,5,8,0,0,1,4,0,0,18/19,B
Lilienfelds,Girts,COB,RB,9,14,5,14,0,0.7368000000000001,2,1,1,0,1,0,0,0,18/19,B
Lehmann,Fabrice,WHV,RW,30,14,10,14,0,0.5832999999999999,0,3,0,0,1,2,0,0,18/19,B
Pyszora,Nico,DOR,RW,32,14,8,14,0,0.6364,2,1,1,0,4,2,0,0,18/19,B
Koster,Julian,DOR,LB,17,14,8,14,0,0.6364,7,5,0,2,1,0,0,0,18/19,B
Buschmann,Arseniy,ELB,CB,31,13,13,13,0,0.5,20,13,6,3,4,6,0,0,18/19,B
Thomas,Heider,DOR,LB,13,12,10,12,0,0.5455,18,3,1,17,9,11,1,0,18/19,B
Kleineidam,Jan,HSV,CB,18,12,9,12,0,0.5714,5,4,0,0,2,0,0,0,18/19,B
Schnellbacher,Antonio,TVG,RW,37,11,6,11,0,0.6470999999999999,1,5,1,0,0,0,0,0,18/19,B
Seidel,Malte,TUE,LB,35,11,3,11,0,0.7857,5,4,1,8,7,10,1,0,18/19,B
Renninger,Julian,HAG,P,7,11,3,11,0,0.7857,1,0,0,0,1,2,0,0,18/19,B
Milkow,Justin Lee,DES,LW,11,11,1,11,0,0.9167000000000001,0,3,0,0,1,0,0,0,18/19,B
Kasal,Michal,ELB,LB,8,11,14,11,0,0.44,8,3,0,0,0,3,0,0,18/19,B
Schmidt,Daniel,DES,P,31,10,4,10,0,0.7143,3,0,0,7,7,15,2,0,18/19,B
Brustmann,Max,WÖW,GK,37,10,5,10,0,0.6667000000000001,14,2,0,0,0,0,0,0,18/19,B
Lux,Kevin,AUE,P,11,10,4,10,0,0.7143,3,1,2,12,9,18,2,0,18/19,B
Schrader,Janik,VFL,RB,37,10,13,8,2,0.43479999999999996,7,7,2,1,1,1,0,0,18/19,B
Wiese,Jens,NOL,LB,15,9,9,9,0,0.5,1,0,0,1,0,1,0,0,18/19,B
Braun,Nick,DOR,LW,17,9,6,9,0,0.6,0,0,0,0,0,0,0,0,18/19,B
Pankofer,Daniel,VIK,CB,4,8,8,8,0,0.5,1,0,0,0,0,1,0,0,18/19,B
Jurisic,David,VIK,RB,3,8,9,8,0,0.4706,1,3,0,0,1,0,0,0,18/19,B
Mrkva,Tomas,HBW,GK,38,7,1,7,0,0.875,9,1,0,0,0,0,0,0,18/19,B
Lackovic,Blazenko,HSV,LB,29,7,4,7,0,0.6364,6,5,0,6,16,18,0,0,18/19,B
Kalafut,Lukas,WHV,LB,4,7,1,7,0,0.875,0,0,1,1,0,2,0,0,18/19,B
Kohler,Janik,WHV,CB,37,7,10,7,0,0.4118,8,7,1,11,8,17,1,0,18/19,B
Bartmann,Sven,DOR,GK,33,7,6,7,0,0.5385,8,5,0,0,0,0,0,0,18/19,B
Jagieniak,Lars,DOR,P,29,7,5,7,0,0.5832999999999999,1,4,1,2,3,3,0,0,18/19,B
Konig,Jan,HAG,LW,23,7,5,7,0,0.5832999999999999,0,3,1,0,0,1,0,0,18/19,B
Hubner,Jan,TVE,CB,31,7,2,7,0,0.7778,7,8,0,2,0,3,0,0,18/19,B
Schauer,Franz,AUE,LB,37,7,8,7,0,0.4667,8,5,5,1,7,9,0,0,18/19,B
Ravensbergen,Bart,NOL,GK,37,6,3,6,0,0.6667000000000001,10,0,0,0,0,1,0,0,18/19,B
Klause,Til,VIK,RB,4,6,5,6,0,0.5455,4,4,0,0,1,0,0,0,18/19,B
Foth,Christoph,HBW,P,6,5,1,5,0,0.8332999999999999,1,2,0,3,0,2,0,0,18/19,B
Zare,Levin,NOL,LW,27,5,4,5,0,0.5556,1,1,1,0,0,0,0,0,18/19,B
Wicklein,Jan,FER,RW,16,5,13,5,0,0.2778,0,3,0,0,0,0,0,0,18/19,B
Fick,Pelle Leo,HSV,RW,11,5,4,5,0,0.5556,2,2,0,0,0,0,0,0,18/19,B
Rutzki,Patryk,VIK,LW,8,5,2,5,0,0.7143,0,1,0,0,0,0,0,0,18/19,B
Kozlina,Miladin,WHV,LB,33,4,2,4,0,0.6667000000000001,5,2,4,25,14,16,0,0,18/19,B
Buhrmester,Bjorn,NOL,GK,32,4,3,4,0,0.5714,14,1,0,0,0,0,0,0,18/19,B
Madert,Konstantin,TVE,GK,38,4,2,4,0,0.6667000000000001,11,1,0,0,0,0,0,0,18/19,B
Edvardsson,Aron Rafn,HSV,GK,27,4,0,4,0,1.0,6,1,0,0,1,1,0,0,18/19,B
Diebel,Niklas,HBW,LB,14,4,7,4,0,0.3636,5,3,0,0,0,1,0,0,18/19,B
Meyer,Philipp,WÖW,P,31,4,9,4,0,0.3077,6,0,3,16,14,33,2,0,18/19,B
Strosack,Moritz,HBW,RW,6,4,2,4,0,0.6667000000000001,0,0,1,1,1,1,0,0,18/19,B
Ingenpass,Niklas,TUE,P,31,4,2,4,0,0.6667000000000001,0,3,0,0,0,0,0,0,18/19,B
Uth,Till Bastian,TVH,P,15,4,2,4,0,0.6667000000000001,0,0,0,0,1,0,0,0,18/19,B
Kurth,Steven,VIK,LB,5,4,2,4,0,0.6667000000000001,1,2,1,0,0,0,0,0,18/19,B
Wucherpfennig,David,TVG,P,2,4,0,4,0,1.0,0,0,0,0,0,0,0,0,18/19,B
Minerva,Jan Steffen,TVG,GK,38,3,2,3,0,0.6,8,4,0,0,0,1,0,0,18/19,B
Rottschafer,Kai Bastian,FER,GK,38,3,2,3,0,0.6,2,0,0,0,0,1,0,0,18/19,B
Roth,Felix,AUE,RW,5,3,0,3,0,1.0,0,0,0,0,0,1,0,0,18/19,B
Bahn,Thomas,VIK,CB,21,3,0,3,0,1.0,0,4,0,5,9,17,1,0,18/19,B
Keck,Thomas,TVG,CB,35,3,3,3,0,0.5,0,2,0,0,0,0,0,0,18/19,B
Bozic,Vladimir,HBW,GK,35,2,4,2,0,0.3333,5,3,0,0,1,0,0,0,18/19,B
Prieto,Carlos,TVH,P,9,2,0,2,0,1.0,0,4,0,4,2,2,0,0,18/19,B
Koloper,Branimir,FER,P,38,2,4,2,0,0.3333,12,2,4,15,23,37,6,0,18/19,B
Mallwitz,Marino,VFL,GK,37,2,0,2,0,1.0,4,0,0,0,0,0,0,0,18/19,B
Kelm,Dominic,COB,P,4,2,0,2,0,1.0,0,0,0,0,0,0,0,0,18/19,B
Krechel,Oliver,ASV,GK,37,2,2,2,0,0.5,8,0,0,0,0,0,0,0,18/19,B
Broy,Matthias Jan,DOR,GK,28,2,1,2,0,0.6667000000000001,1,0,0,0,0,0,0,0,18/19,B
John,Kevin Tobias,FER,RW,6,2,1,2,0,0.6667000000000001,0,0,0,0,0,0,0,0,18/19,B
Halfmann,Hendrik,ELB,GK,37,2,2,2,0,0.5,6,0,0,0,0,0,0,0,18/19,B
Rozman,Tim,HBW,RB,1,2,0,2,0,1.0,0,1,0,0,1,0,0,0,18/19,B
Karle,Felix,WÖW,RW,20,2,2,2,0,0.5,1,1,0,0,0,0,0,0,18/19,B
Conrad,Nils,VIK,GK,13,2,0,2,0,1.0,1,0,0,0,0,0,0,0,18/19,B
Huttmann,Paul,TVG,RW,5,2,5,2,0,0.2857,0,2,0,0,0,0,0,0,18/19,B
Belter,Simon,TVH,RW,24,2,2,0,2,0.5,0,1,0,0,0,0,0,0,18/19,B
Schluroff,Miro,WHV,LB,12,2,3,2,0,0.4,0,2,0,0,0,0,0,0,18/19,B
Cordes,Jacob,VFL,LW,3,2,0,2,0,1.0,0,0,0,0,0,0,0,0,18/19,B
Kuepper Ventura,Daniel,VIK,P,3,2,0,2,0,1.0,0,0,1,0,0,0,0,0,18/19,B
Cornelius,Nico,ELB,LW,1,2,3,2,0,0.4,0,0,0,0,0,0,0,0,18/19,B
Schneider,Sebastian,HAG,LB,2,1,2,1,0,0.3333,0,0,0,0,0,0,0,0,18/19,B
Weber,Nikolai,TVH,GK,36,1,2,1,0,0.3333,11,1,0,0,0,0,0,0,18/19,B
Puhl,Lucas,FER,GK,33,1,3,1,0,0.25,1,0,0,0,0,1,0,0,18/19,B
Huhnstock,Mario,ELB,GK,38,1,2,1,0,0.3333,5,2,0,0,0,1,0,0,18/19,B
Plaue,Dominik,DES,GK,37,1,1,1,0,0.5,2,1,0,0,0,0,0,0,18/19,B
Mangold,Moritz,TUE,GK,21,1,1,1,0,0.5,4,0,0,0,0,0,0,0,18/19,B
Mahncke,Tobias,HAG,GK,37,1,1,1,0,0.5,3,0,0,0,0,0,0,0,18/19,B
Paraschiv,Sebastian,AUE,CB,5,1,3,1,0,0.25,1,1,2,0,0,0,0,0,18/19,B
Baumeister,Jonas,HBW,GK,25,1,0,1,0,1.0,0,0,0,0,0,0,0,0,18/19,B
Topfer,Erik,AUE,GK,31,1,4,1,0,0.2,10,0,0,0,0,0,0,0,18/19,B
Birlehm,Joel,NLB,GK,36,1,3,1,0,0.25,14,1,1,0,0,0,0,0,18/19,B
van Lengerich,Johannes,NOL,P,9,1,0,1,0,1.0,0,0,0,0,0,0,0,0,18/19,B
Kokoszka,Marcel,HSV,GK,38,1,1,1,0,0.5,1,0,0,0,0,0,0,0,18/19,B
Josef,Jan,WHV,CB,2,1,0,1,0,1.0,2,0,0,0,0,1,0,0,18/19,B
Borchert,Julian,TUE,GK,19,1,1,1,0,0.5,1,0,0,0,0,0,0,0,18/19,B
Werth,Malvin,TVH,P,3,1,0,1,0,1.0,0,0,0,0,0,0,0,0,18/19,B
Bergner,Tom,HAG,P,21,1,3,1,0,0.25,0,1,0,0,0,1,0,0,18/19,B
Weischer,Tim,TVE,LW,28,1,0,1,0,1.0,0,0,0,0,0,0,0,0,18/19,B
Kleinert,Friedrich,ELB,P,2,1,4,1,0,0.2,2,0,1,0,1,0,0,0,18/19,B
Eberlein,Sven,DOR,LB,7,1,1,1,0,0.5,0,0,0,0,0,0,0,0,18/19,B
Preller,Max,COB,LW,5,1,1,1,0,0.5,0,0,0,0,0,0,0,0,18/19,B
Dreyer,Paul,VIK,GK,6,1,0,1,0,1.0,0,1,0,0,0,0,0,0,18/19,B
Ahrens,Ino,VIK,P,4,1,0,1,0,1.0,0,0,0,0,0,0,0,0,18/19,B
Osifo,Joshua,TVG,LB,3,1,2,1,0,0.3333,0,0,0,0,0,0,0,0,18/19,B
Schwarz,Philipp,TVH,LW,1,1,0,1,0,1.0,0,0,0,0,0,0,0,0,18/19,B
Nandzik,Aaron,TVH,P,1,1,0,1,0,1.0,0,0,0,0,0,0,0,0,18/19,B
Meyer,Nils,NOL,CB,7,0,0,0,0,0.0,1,0,0,0,1,0,0,0,18/19,B
Schomburg,Fabian,TVH,GK,23,0,0,0,0,0.0,2,0,0,0,0,0,0,0,18/19,B
Kubes,Daniel,TVE,LB,4,0,0,0,0,0.0,0,1,1,0,4,2,0,0,18/19,B
Klockmann,Dennis,VFL,GK,34,0,0,0,0,0.0,8,0,0,0,1,0,0,0,18/19,B
Dresrusse,Nils,HAG,GK,34,0,0,0,0,0.0,8,0,0,0,0,0,0,0,18/19,B
Kulhanek,Jan,COB,GK,38,0,0,0,0,0.0,22,2,0,0,0,0,0,0,18/19,B
Bliss,Sebastian,TUE,GK,38,0,0,0,0,0.0,17,1,0,0,0,0,0,0,18/19,B
Doden,Dennis,WHV,GK,33,0,0,0,0,0.0,3,1,0,0,0,0,0,0,18/19,B
Ambrosius,Philip,DES,GK,20,0,0,0,0,0.0,6,4,0,0,1,1,0,0,18/19,B
Hegemann,Michael,TUE,CB,7,0,0,0,0,0.0,0,0,0,0,1,1,0,0,18/19,B
Rundt,Justin,HSV,GK,16,0,0,0,0,0.0,0,1,0,0,0,0,0,0,18/19,B
Hertlein,Felix,ASV,GK,36,0,0,0,0,0.0,6,0,0,0,0,0,0,0,18/19,B
Poltrum,Konstantin,COB,GK,35,0,0,0,0,0.0,3,0,0,0,0,0,0,0,18/19,B
Pestinger,Mattis,DOR,RB,1,0,0,0,0,0.0,0,0,0,0,0,0,0,0,18/19,B
Chalepo,Evgenij,TVH,LB,6,0,0,0,0,0.0,0,0,0,0,1,1,0,0,18/19,B
Musil,Radek,AUE,GK,38,0,0,0,0,0.0,0,0,0,0,0,0,0,0,18/19,B
Bartels,Dennis,NOL,GK,7,0,0,0,0,0.0,0,0,0,0,0,0,0,0,18/19,B
Wilmsen,Stephan,NOL,CB,5,0,0,0,0,0.0,0,0,0,0,0,1,0,0,18/19,B
Schafer,Marcel,AUE,CB,1,0,0,0,0,0.0,0,0,0,0,0,0,0,0,18/19,B
Bettig,Patrick,FER,LB,1,0,0,0,0,0.0,0,0,0,1,0,0,0,0,18/19,B
Leikauf,Markus,WÖW,GK,2,0,0,0,0,0.0,0,0,0,0,0,0,0,0,18/19,B
Wieser,Andreas,WÖW,GK,38,0,0,0,0,0.0,0,0,0,0,0,0,0,0,18/19,B
Scheithauer,Max,DES,LB,12,0,0,0,0,0.0,0,0,0,0,0,0,0,0,18/19,B
Grunz,Angelo,WHV,GK,17,0,0,0,0,0.0,1,0,0,0,0,0,0,0,18/19,B
Hottgenroth,Tim,FER,GK,14,0,0,0,0,0.0,0,0,0,0,0,0,0,0,18/19,B
Lupke,Frederick,WHV,GK,33,0,0,0,0,0.0,1,1,1,0,0,1,0,0,18/19,B
Rozsavolgyi,Gergo,DOR,GK,18,0,0,0,0,0.0,5,0,0,0,0,0,0,0,18/19,B
Schneider,Florian,FER,RB,4,0,0,0,0,0.0,0,0,0,0,0,2,0,0,18/19,B
Pretzewofsky,Jan,ASV,RW,7,0,0,0,0,0.0,0,0,0,0,0,0,0,0,18/19,B
Tatai,Peter,NLB,GK,36,0,0,0,0,0.0,4,1,1,0,1,1,0,0,18/19,B
Apfel,Fabian,COB,GK,7,0,0,0,0,0.0,0,0,0,0,0,0,0,0,18/19,B
Wesemann,Jan,ASV,GK,4,0,0,0,0,0.0,0,1,0,0,0,0,0,0,18/19,B
Moldrup,Mikkel,VIK,GK,38,0,0,0,0,0.0,3,0,0,0,0,0,0,0,18/19,B
Ferjan,Mark,TVE,GK,38,0,0,0,0,0.0,4,0,0,0,0,1,0,0,18/19,B
Lauer,Tim,TVH,LB,1,0,0,0,0,0.0,0,0,0,0,0,0,0,0,18/19,B
Irle,Erik,FER,RB,9,0,0,0,0,0.0,0,1,0,0,0,1,0,0,18/19,B
Kugis,Arthur,TVG,GK,35,0,0,0,0,0.0,1,1,0,0,0,0,0,0,18/19,B
Boieck,Janis,DOR,GK,10,0,0,0,0,0.0,1,0,0,0,0,0,0,0,18/19,B
Hartmann,Tyron,DOR,LB,1,0,0,0,0,0.0,0,0,0,0,0,0,0,0,18/19,B
Puetz,Peer,DOR,CB,2,0,0,0,0,0.0,0,0,0,0,1,1,0,0,18/19,B
Mossuto,Giuseppe,HAG,GK,5,0,0,0,0,0.0,0,0,0,0,0,0,0,0,18/19,B
Michel,Linus,FER,CB,16,0,0,0,0,0.0,0,1,0,0,0,0,0,0,18/19,B
Motlik,Radek,DES,GK,18,0,0,0,0,0.0,0,1,0,0,0,0,0,0,18/19,B
Horn,Moritz,VIK,LW,1,0,0,0,0,0.0,0,0,0,0,0,0,0,0,18/19,B
Martner,Christoph-Hagen,ELB,LW,1,0,0,0,0,0.0,0,0,0,0,0,0,0,0,18/19,B
Spiekermann,David Mirko,ASV,LB,3,0,0,0,0,0.0,1,0,0,0,0,0,0,0,18/19,B
Rasimas,Vilius,AUE,GK,32,0,0,0,0,0.0,0,0,0,0,0,0,0,0,18/19,B
Bitzer,Jan,HBW,CB,1,0,0,0,0,0.0,0,0,0,0,0,0,0,0,18/19,B
Ruminsky,Mario,HBW,GK,1,0,0,0,0,0.0,0,0,0,0,0,0,0,0,18/19,B
Prager,Tillmann,ELB,GK,1,0,0,0,0,0.0,0,0,0,0,0,0,0,0,18/19,B
Grzesinski,Mats,NLB,GK,7,0,0,0,0,0.0,0,0,0,0,0,0,0,0,18/19,B
Fuss,Merlin,TVH,RB,5,0,0,0,0,0.0,0,0,0,0,0,0,0,0,18/19,B
Bohne,Simon,TVH,GK,5,0,0,0,0,0.0,0,0,0,0,0,0,0,0,18/19,B
Klein,Sebastian,TVG,GK,3,0,0,0,0,0.0,0,0,0,0,0,0,0,0,18/19,B
Pfeifer,Alexander,TVG,LW,2,0,0,0,0,0.0,0,0,0,0,0,0,0,0,18/19,B
Krefting,Philipp,DOR,P,2,0,0,0,0,0.0,0,0,0,0,0,0,0,0,18/19,B
Klock,Niklas,TVG,LB,1,0,0,0,0,0.0,0,0,0,0,0,0,0,0,18/19,B
Knorz,Sven,TVH,RW,1,0,0,0,0,0.0,0,0,0,0,0,0,0,0,18/19,B
Vogt,Jan,ELB,GK,4,0,0,0,0,0.0,0,0,0,0,0,0,0,0,18/19,B
Kuckhermann,Luca,TVE,P,1,0,0,0,0,0.0,0,0,0,0,0,0,0,0,18/19,B
Heinzelmann,Tobias,HBW,P,2,0,0,0,0,0.0,0,1,0,0,0,1,0,0,18/19,B
Krauthausen,Kaspar,TVH,RB,1,0,0,0,0,0.0,0,0,0,0,0,0,0,0,18/19,B
Escher,Tim,VFL,GK,1,0,0,0,0,0.0,0,0,0,0,0,0,0,0,18/19,B
Alisch,Fritz-leopold,DES,GK,1,0,0,0,0,0.0,0,0,0,0,0,0,0,0,18/19,B
Meisner,Till,VFL,LB,1,0,0,0,0,0.0,0,0,0,0,0,0,0,0,18/19,B
Nass,Henrik,TVH,GK,4,0,0,0,0,0.0,0,0,0,0,0,0,0,0,18/19,B
Baatz,Lukas,HSV,GK,8,0,0,0,0,0.0,0,0,0,0,0,0,0,0,18/19,B
Martinovic,Ivan,DES,RB,14,0,0,0,0,0.0,0,0,0,0,0,0,0,0,18/19,B
Schroder,Tim,VIK,LB,1,0,0,0,0,0.0,0,0,0,0,0,0,0,0,18/19,B
Lorenz,Nils,TVH,GK,9,0,0,0,0,0.0,0,0,0,0,0,0,0,0,18/19,B
Holtz,Jan Frederik,VIK,GK,1,0,0,0,0,0.0,0,0,0,0,0,0,0,0,18/19,B
Nedeljkovic,Nenad,NLB,CB,3,0,0,0,0,0.0,0,1,0,0,0,0,0,0,18/19,B
Pusch,Yannick,VIK,RW,1,0,0,0,0,0.0,0,0,0,0,0,0,0,0,18/19,B
Strunk,Maximilian,VIK,P,3,0,0,0,0,0.0,0,0,0,0,0,0,0,0,18/19,B
Hallfeldt,Aaron,VIK,GK,2,0,0,0,0,0.0,0,0,0,0,0,0,0,0,18/19,B
Schon,Sebastian,VIK,LW,1,0,0,0,0,0.0,0,0,0,0,0,0,0,0,18/19,B
Bergau,Nils,TVG,LB,4,0,0,0,0,0.0,0,2,0,0,0,0,0,0,18/19,B
Kraus,Dustin,TUE,LB,2,0,0,0,0,0.0,0,0,0,0,0,0,0,0,18/19,B
Boddenberg,Ranga,VIK,CB,1,0,0,0,0,0.0,0,0,0,0,0,1,0,0,18/19,B
Hass,Alexander,VFL,GK,1,0,0,0,0,0.0,0,0,0,0,0,0,0,0,18/19,B
Loffelmann,Joshua,TVG,GK,1,0,0,0,0,0.0,0,0,0,0,0,0,0,0,18/19,B
Cal,Henning,ELB,LW,1,0,0,0,0,0.0,2,3,0,0,0,0,0,0,18/19,B
Noguchi,Go,ELB,LW,1,0,0,0,0,0.0,0,0,0,0,0,0,0,0,18/19,B
Billek,Florian,COB,RW,22,177,50,110,67,0.7797,11,14,5,2,0,2,0,0,19/20,B
Weller,Niklas,HSV,P,24,165,49,81,84,0.7709999999999999,11,16,3,15,11,23,0,0,19/20,B
Lindskog Andersson,Julius,FER,CB,24,141,59,69,72,0.705,38,19,3,2,1,4,0,0,19/20,B
Holzner,Dirk,TVE,LW,24,140,74,74,66,0.6542,6,4,11,0,2,5,0,0,19/20,B
Schafer,Christian,SGB,RW,24,137,46,68,69,0.7486,2,5,14,0,4,4,0,0,19/20,B
Zintel,Bjorn,TVH,CB,24,133,62,104,29,0.6820999999999999,53,23,8,1,6,2,0,0,19/20,B
Bornhorn,Bengt,AUE,P,20,119,31,53,66,0.7933,0,17,0,0,3,3,0,0,19/20,B
Kammlodt,Adrian,AUE,LB,24,119,77,118,1,0.6071,70,35,4,4,7,16,1,0,19/20,B
Sommer,Marvin,GUM,LW,24,118,49,73,45,0.7066,7,10,10,1,4,3,0,0,19/20,B
Huesmann,Fabian,ASV,LW,24,118,34,66,52,0.7763,9,4,8,4,5,4,1,0,19/20,B
Kaletsch,Paul,KON,LB,21,118,98,78,40,0.5463,82,60,0,1,2,4,0,0,19/20,B
Beyer,Noah,TUE,LW,24,111,37,54,57,0.75,4,7,9,0,3,2,1,0,19/20,B
Skroblien,Tom,TUE,LW,19,109,42,62,47,0.7219,3,4,7,0,0,1,0,0,19/20,B
Tokic,Ante,EIS,RW,22,109,43,94,15,0.7171,15,10,19,1,1,2,1,0,19/20,B
Reuland,Joshua,DOR,LW,23,107,46,63,44,0.6993,10,6,1,0,0,4,0,0,19/20,B
Wasielewski,Johannes,TVE,RB,21,107,83,107,0,0.5632,42,33,7,5,14,24,1,0,19/20,B
Bruren,Kevin Christopher,KRF,RB,21,103,110,67,36,0.4836,27,24,3,2,6,7,0,0,19/20,B
Petreikis,Benas,AUE,CB,24,103,80,91,12,0.5628,63,38,6,0,4,7,0,0,19/20,B
Grbavac,Ante,DOR,LB,23,103,105,89,14,0.49520000000000003,39,22,1,5,7,7,0,0,19/20,B
Strosack,Peter,NLB,RW,24,102,43,86,16,0.7034,12,8,2,1,4,6,0,0,19/20,B
Wolf,Tom,KON,LB,23,99,73,77,22,0.5756,38,24,4,14,10,10,0,0,19/20,B
Varvne,Tobias,COB,LB,23,95,61,95,0,0.609,38,27,4,0,1,7,1,0,19/20,B
Bozovic,Janko,GUM,RB,24,94,79,94,0,0.5434,39,21,2,7,9,11,0,0,19/20,B
Link,Jonas,SGB,CB,24,94,57,94,0,0.6225,51,13,7,0,0,10,0,0,19/20,B
Spohn,Valentin,NLB,LB,24,94,82,90,4,0.5341,22,15,1,2,2,2,0,0,19/20,B
Saul,Alexander,EIS,RB,22,92,64,85,7,0.5897,44,22,4,1,4,12,0,0,19/20,B
Schmidt,Patrick,WÖW,CB,23,90,78,60,30,0.5357,33,26,3,3,3,5,0,0,19/20,B
Jaeger,Max,COB,LW,23,89,31,89,0,0.7417,5,4,3,3,6,9,0,0,19/20,B
Sudmeier,Soren,ASV,CB,23,87,60,87,0,0.5918,28,23,1,3,2,2,0,0,19/20,B
Gress,Sebastian,ELB,CB,23,87,62,87,0,0.5839,65,20,5,2,1,1,0,0,19/20,B
Zechel,Tim,TUE,P,24,87,15,87,0,0.8529000000000001,11,21,7,20,17,12,1,0,19/20,B
Gugisch,Nils,ELB,RW,21,84,50,76,8,0.6269,1,5,8,0,3,2,0,0,19/20,B
Stegefelt,Markus,TVH,LB,20,84,76,54,30,0.525,30,16,3,2,4,4,0,0,19/20,B
Orlowski,Marian,NLB,LB,23,83,62,73,10,0.5724,39,18,0,7,6,9,0,0,19/20,B
Wohler,Adrian,EIS,LW,22,83,26,42,41,0.7615000000000001,2,3,1,2,0,8,1,0,19/20,B
Schomig,Dominik,WÖW,LW,23,81,40,56,25,0.6694,4,14,8,0,3,3,0,0,19/20,B
Tissier,Leif,HSV,CB,24,81,36,81,0,0.6923,66,22,4,2,4,3,0,0,19/20,B
Weber,Patrick,FER,LB,18,80,72,75,5,0.5263,19,7,3,1,1,1,0,0,19/20,B
Hermann,Alexander,GUM,LB,18,80,62,80,0,0.5634,35,20,4,15,5,10,0,0,19/20,B
Lofstrom,Carl,DOR,P,21,80,30,80,0,0.7273000000000001,4,13,7,6,10,20,2,0,19/20,B
Forstbauer,Jan,HSV,RB,24,78,66,77,1,0.5417000000000001,45,27,0,1,6,10,0,0,19/20,B
Bergemann,Thies,HSV,RW,24,78,45,78,0,0.6341,10,6,4,0,2,6,0,0,19/20,B
Glabisch,Thees,VFL,LW,22,77,28,38,39,0.7333,4,2,4,0,1,2,0,0,19/20,B
Dierberg,Julius,ELB,LW,24,76,31,33,43,0.7103,11,5,7,0,2,6,0,0,19/20,B
Firnhaber,Lucas,TUE,RB,24,76,79,76,0,0.4903,33,23,9,4,7,13,0,0,19/20,B
Brielmeier,Benedikt,WÖW,LB,24,74,71,67,7,0.5103,35,23,0,1,11,8,0,0,19/20,B
Zetterman,Pontus,COB,RB,23,73,55,73,0,0.5703,94,34,8,1,8,4,0,0,19/20,B
Mubenzem,Dieudonne,TVH,RB,21,73,60,73,0,0.5489,23,20,5,2,1,3,0,0,19/20,B
Szczesny,Dennis,TUE,LB,23,72,57,72,0,0.5581,52,23,9,30,6,18,1,0,19/20,B
Dahlhaus,Tim,SGB,RB,24,72,43,72,0,0.6261,27,11,3,4,6,10,0,0,19/20,B
Bornemann,Andreas,FER,RB,22,72,62,72,0,0.5373,29,17,3,2,9,10,1,1,19/20,B
Krings,Merten,ASV,CB,21,70,56,70,0,0.5556,46,19,2,0,5,7,0,0,19/20,B
Kraus,Michael,SGB,LB,21,69,93,67,2,0.42590000000000006,42,28,1,0,0,2,0,0,19/20,B
Brosch,Jan,ASV,P,24,69,19,69,0,0.7841,7,20,5,14,17,23,2,0,19/20,B
Blohme,Lukas,GUM,RW,24,68,26,56,12,0.7234,8,3,4,1,4,6,0,0,19/20,B
Schroder,Andreas,COB,LB,22,67,58,66,1,0.536,37,19,10,8,12,5,0,0,19/20,B
Claus,Dominik,SGB,RB,23,66,21,66,0,0.7585999999999999,33,15,1,4,1,4,1,0,19/20,B
Franke,Marten,ASV,RW,24,66,37,60,6,0.6408,11,10,5,0,5,4,0,0,19/20,B
Richter,Benjamin,DOR,CB,23,65,38,36,29,0.6311,22,20,5,1,0,0,0,0,19/20,B
Dumcius,Mindaugas,ELB,RB,24,65,49,65,0,0.5702,39,20,4,0,5,5,1,0,19/20,B
Rentschler,Patrick,SGB,P,24,64,19,64,0,0.7711,10,10,6,11,9,21,0,0,19/20,B
Pechstein,Marc,ELB,LB,19,64,47,42,22,0.5766,31,22,4,6,6,10,0,0,19/20,B
Ellwanger,Jonas,TUE,CB,23,63,31,63,0,0.6701999999999999,49,25,15,8,4,11,0,0,19/20,B
Ciupinski,Simon,KRF,CB,24,63,73,62,1,0.4632,36,35,2,1,1,9,0,0,19/20,B
Wiederstein,Fabian,KON,P,23,61,11,61,0,0.8472,14,13,4,11,14,23,1,0,19/20,B
Bruhn,Jasper,VFL,RB,24,61,42,61,0,0.5922,21,25,5,5,14,7,0,0,19/20,B
Genz,Jo Gerrit,NLB,RB,24,61,53,60,1,0.5351,22,14,4,3,8,7,0,0,19/20,B
Snajder,Ivan,EIS,LW,24,61,31,59,2,0.6629999999999999,10,3,3,0,6,17,1,0,19/20,B
Ebner,Dominik,NLB,RB,21,60,47,60,0,0.5607,19,15,1,2,2,6,0,0,19/20,B
Meuser,Andre,DOR,RB,19,60,43,60,0,0.5825,15,17,1,8,12,10,0,0,19/20,B
Wesseling,Sven,TVE,LB,24,60,65,60,0,0.48,42,29,5,20,10,14,1,0,19/20,B
Kikanovic,Luka,EIS,LB,24,60,68,60,0,0.46880000000000005,32,19,4,9,9,10,0,0,19/20,B
Von Boenigk,Jan,ASV,RB,23,59,48,59,0,0.5514,23,14,12,5,4,4,0,0,19/20,B
Kaufmann,Steffen,WÖW,RB,24,58,79,58,0,0.42340000000000005,74,21,3,2,4,6,0,0,19/20,B
Morante Maldonado,Eloy,DOR,CB,18,58,29,57,1,0.6667000000000001,32,16,4,0,0,5,0,0,19/20,B
Bechtloff,Jens,NLB,LW,24,57,26,40,17,0.6867,6,11,1,0,0,4,0,0,19/20,B
Lex,Stefan,ASV,RB,24,57,60,57,0,0.48719999999999997,45,22,5,2,5,5,0,0,19/20,B
Klingler,Felix,TUE,RW,24,57,24,44,13,0.7037,3,5,7,0,1,2,0,0,19/20,B
Rompf,Christian,TVH,LW,24,56,39,56,0,0.5895,1,4,8,0,5,15,0,0,19/20,B
Bauer,Philipp,HSV,CB,18,56,47,56,0,0.5437,26,23,0,2,3,4,0,0,19/20,B
Ossenkopp,Lukas,HSV,LB,24,56,48,47,9,0.5385,29,15,3,12,13,11,2,0,19/20,B
Muller,Justin,TUE,CB,24,55,44,55,0,0.5556,74,23,4,0,2,3,0,0,19/20,B
Roch,Kevin,AUE,LW,24,55,24,51,4,0.6962,11,4,5,22,14,15,0,0,19/20,B
Sauer,Julian,WÖW,RW,23,53,29,53,0,0.6463,3,6,3,0,4,5,1,0,19/20,B
Thummler,Jonas,ELB,P,20,52,7,52,0,0.8814,3,7,1,1,5,10,1,0,19/20,B
Lumbroso,Yoav,EIS,CB,24,52,45,49,3,0.5361,43,24,2,0,0,1,1,0,19/20,B
Sterba,Jakub,DOR,RW,23,52,27,52,0,0.6581999999999999,7,11,9,0,5,9,0,0,19/20,B
De Santis,Gabriel,AUE,RB,23,50,52,50,0,0.4902,22,21,2,4,10,10,1,0,19/20,B
Kretschmer,Finn,VFL,RW,23,49,35,49,0,0.5832999999999999,4,15,5,0,1,6,0,0,19/20,B
Michel,Mattis,FER,P,24,48,10,37,11,0.8276,5,6,1,7,13,12,0,0,19/20,B
Koster,Julian,DOR,LB,19,48,47,48,0,0.5053,51,16,11,5,2,8,0,0,19/20,B
Obranovic,Andrej,EIS,LB,24,47,31,47,0,0.6026,32,9,0,3,4,15,2,0,19/20,B
Schulz,Michael,WÖW,P,24,46,13,46,0,0.7797,6,14,7,13,16,33,2,0,19/20,B
Terhaer,Yannick,TVE,RW,17,46,28,46,0,0.6215999999999999,3,1,4,3,1,7,0,0,19/20,B
Juan Antonio Viciano Sario,,FER,LB,19,46,47,46,0,0.4946,11,16,1,0,1,1,0,0,19/20,B
Toom,Karl,TVE,LB,23,46,34,45,1,0.575,19,22,4,1,4,11,0,0,19/20,B
Cutura,Josip,KRF,CB,24,46,12,46,0,0.7931,5,28,3,2,7,15,1,0,19/20,B
Schiffmann,Henrik,KRF,RB,19,45,41,40,5,0.5233,19,7,6,1,6,4,0,0,19/20,B
Papadopoulos,Vyron,ASV,LW,18,44,23,33,11,0.6567000000000001,4,2,2,0,0,1,0,0,19/20,B
Becvar,Roman,NLB,CB,22,44,30,44,0,0.5946,23,29,1,0,5,4,0,0,19/20,B
Schrader,Janik,VFL,RB,23,44,40,21,23,0.5238,29,16,1,0,3,4,0,0,19/20,B
Zeman,Stepan,COB,P,20,44,10,44,0,0.8148000000000001,3,10,1,25,11,15,0,0,19/20,B
Schliedermann,Marcel,TVE,CB,23,43,25,43,0,0.6324000000000001,20,20,6,4,7,17,2,0,19/20,B
Beckmann,Fynn,KON,RB,24,43,25,43,0,0.6324000000000001,16,17,2,4,8,4,0,0,19/20,B
Schult,Jan,VFL,LB,21,43,46,43,0,0.48310000000000003,21,10,1,2,4,3,0,0,19/20,B
Maier-Hasselmann,Fabian,KON,RW,24,43,22,35,8,0.6615000000000001,3,4,0,0,0,1,0,0,19/20,B
Gentges,Tim,KRF,CB,24,43,65,43,0,0.3981,22,29,2,2,2,4,0,0,19/20,B
Faulenbach,Jonas,FER,LB,22,43,35,43,0,0.5513,32,12,1,3,0,1,1,0,19/20,B
Gertges,Jonas,HSV,LW,24,43,23,36,7,0.6515000000000001,1,4,3,1,2,2,0,0,19/20,B
Stuber,Jonas,GUM,P,24,43,9,43,0,0.8269,0,4,0,0,0,1,0,0,19/20,B
Sklenak,Tomas,TVH,CB,24,42,30,42,0,0.5832999999999999,36,22,4,0,1,3,0,0,19/20,B
Hansen,Markus,VFL,CB,18,42,31,41,1,0.5753,31,19,9,8,4,7,0,0,19/20,B
Schlaich,Fabian,KON,LW,22,42,19,40,2,0.6884999999999999,15,4,2,1,3,5,0,0,19/20,B
Becker,Alexander,GUM,P,24,41,17,39,2,0.7069,7,12,10,23,15,23,3,0,19/20,B
Zorb,Moritz,TVH,P,23,41,13,41,0,0.7593000000000001,2,9,6,9,12,9,1,0,19/20,B
Milde,Oliver,ASV,LB,21,41,45,41,0,0.4767,18,7,0,0,0,1,0,0,19/20,B
Schneider,Julian,FER,CB,23,41,26,39,2,0.6119,13,10,9,3,9,19,1,0,19/20,B
Siegler,Lukas,WÖW,LB,23,41,32,41,0,0.5616,10,12,6,6,7,14,0,0,19/20,B
Hubscher,Robin,TVH,LW,24,41,21,21,20,0.6613,2,6,3,1,0,3,0,0,19/20,B
Schroter,Tobias,GUM,RW,24,40,21,35,5,0.6557,9,6,9,1,0,4,0,0,19/20,B
Brykner,Ladislav,AUE,RB,16,39,31,39,0,0.5571,17,18,3,1,5,10,0,0,19/20,B
Buschmann,Arseniy,ELB,CB,24,39,22,39,0,0.6393,30,26,5,6,6,2,0,0,19/20,B
Ebert,Pascal,AUE,LW,24,38,21,37,1,0.6441,2,7,10,0,3,2,0,0,19/20,B
Schreiber,Hendrik,TVH,LB,17,38,24,38,0,0.6129,14,10,2,2,7,6,0,0,19/20,B
Pulay,Gabor,ELB,RB,20,38,17,25,13,0.6909000000000001,11,4,0,0,0,0,0,0,19/20,B
Akakpo,David Cyrill,TUE,RW,24,37,29,37,0,0.5606,1,5,3,0,1,10,0,0,19/20,B
Kohler,Steffen,VFL,P,23,36,14,36,0,0.72,3,11,8,5,10,7,0,0,19/20,B
Runarsson,Sigtryggur Dadi,VFL,CB,21,36,38,35,1,0.4865,15,9,4,0,0,1,0,0,19/20,B
Roosna,Karl,KRF,RB,22,36,29,35,1,0.5538000000000001,1,9,7,0,3,4,0,0,19/20,B
Fuss,Merlin,TVH,RB,24,36,31,36,0,0.5373,10,10,8,6,7,12,0,0,19/20,B
Schulz,Mike,KRF,RW,21,35,21,26,9,0.625,2,6,4,1,2,1,0,0,19/20,B
Wucherpfennig,Lukas,COB,RW,23,35,6,14,21,0.8537,0,1,1,0,0,1,0,0,19/20,B
Bornhauser,Tim,KON,CB,18,35,38,35,0,0.47950000000000004,33,10,2,0,1,4,0,0,19/20,B
Huter,Patrick,DOR,P,23,35,9,35,0,0.7955,10,7,4,13,12,21,1,0,19/20,B
Braun,Joschua,KON,RB,15,35,26,25,10,0.5738,9,16,0,0,5,2,0,0,19/20,B
Fischer,Jonathan,SGB,P,21,35,9,35,0,0.7955,1,5,3,4,3,10,0,0,19/20,B
Raguse,Mex,VFL,LB,14,35,40,35,0,0.4667,22,9,3,1,2,4,0,0,19/20,B
Herth,Benjamin,WÖW,CB,24,34,38,29,5,0.4722,5,7,0,0,1,4,0,0,19/20,B
Weyhrauch,Willy,EIS,RW,21,34,18,32,2,0.6537999999999999,4,4,6,0,0,1,2,0,19/20,B
Neuhold,Christoph,COB,CB,21,34,38,34,0,0.4722,30,14,0,2,1,1,0,0,19/20,B
Rudiger,Tim,FER,RW,20,34,19,34,0,0.6415000000000001,2,2,1,0,0,0,0,0,19/20,B
Schongarth,Jens,HSV,RB,11,33,39,33,0,0.4583,14,10,1,1,2,6,0,0,19/20,B
Wendel,Samuel,KON,LW,24,33,17,33,0,0.66,1,2,5,0,3,3,0,0,19/20,B
Gonschor,Fynn,VFL,LW,24,32,10,31,1,0.7619,0,3,4,0,0,1,0,0,19/20,B
Asmuth,Jan,SGB,LW,24,31,19,31,0,0.62,7,4,3,5,12,23,1,0,19/20,B
Weck,Alexander,GUM,LB,10,31,34,31,0,0.4769,24,3,1,3,1,2,0,0,19/20,B
Herzig,Fynn,GUM,LB,23,31,30,31,0,0.5082,16,13,1,0,1,3,0,0,19/20,B
Speckmann,Jan-Eric,NLB,LW,24,31,10,24,7,0.7561,0,1,1,1,2,5,0,0,19/20,B
Marcec,Martin,SGB,LW,16,30,14,23,7,0.6818000000000001,5,4,4,0,0,2,0,0,19/20,B
Kress,Soren,TVE,CB,23,30,26,28,2,0.5357,15,12,2,1,5,5,0,0,19/20,B
Gempp,Patrick,WÖW,P,23,29,11,29,0,0.725,7,16,4,9,8,3,0,0,19/20,B
Vanco,Marek,ELB,LW,24,29,16,29,0,0.6444,6,6,3,0,1,3,0,0,19/20,B
Huter,Ian,DOR,CB,13,29,22,29,0,0.5686,27,24,15,1,4,4,0,0,19/20,B
Kasal,Michal,ELB,LB,23,29,37,29,0,0.43939999999999996,12,9,1,3,5,5,1,0,19/20,B
Racic,Marko,EIS,P,23,29,17,29,0,0.6304,6,14,2,9,12,22,3,0,19/20,B
Hild,Matthias,KON,RB,24,29,22,29,0,0.5686,1,4,2,0,4,3,0,0,19/20,B
Quade,Henning,ELB,P,23,28,4,28,0,0.875,5,2,1,3,3,14,1,0,19/20,B
Drager,Yannick,TVE,P,16,28,17,28,0,0.6222,6,11,3,15,7,20,2,0,19/20,B
Wicklein,Jan,FER,RW,21,28,19,28,0,0.5957,3,4,0,1,0,3,0,0,19/20,B
Jurdzs,Aivis,TVE,LB,6,27,24,27,0,0.5294,15,5,0,8,1,5,0,0,19/20,B
Lambrecht,Moritz,TVH,P,24,27,15,27,0,0.6429,13,4,9,6,14,19,0,0,19/20,B
Roth,Felix,AUE,RW,21,27,16,27,0,0.6279,0,3,2,0,2,3,1,0,19/20,B
Rink,Thomas,FER,P,23,27,15,27,0,0.6429,3,8,1,6,14,11,1,0,19/20,B
Luciano,Dominic,KRF,P,24,27,21,27,0,0.5625,1,20,2,4,6,8,0,0,19/20,B
Slachta,Petr,AUE,P,24,26,3,26,0,0.8966,10,4,5,25,4,9,0,0,19/20,B
Murkoster,Justin,EIS,P,22,25,9,25,0,0.7353000000000001,2,3,3,2,6,11,0,0,19/20,B
Schneider,Lucas,FER,RB,19,25,18,25,0,0.5814,14,13,3,2,3,7,0,0,19/20,B
Villgrattner,Luis,GUM,CB,23,25,11,23,2,0.6944,10,7,1,2,2,1,0,0,19/20,B
Ulshofer,Jonas,EIS,CB,23,25,15,25,0,0.625,10,8,1,0,0,0,0,0,19/20,B
Wostmann,Dorian,KRF,LW,22,24,17,24,0,0.5854,2,4,5,1,2,5,0,0,19/20,B
Dayan,Yonatan,GUM,CB,24,24,8,24,0,0.75,18,12,0,0,2,3,0,0,19/20,B
Versteijnen,Niels Gerardus,VFL,RB,6,23,24,17,6,0.4894,9,6,0,1,0,2,0,0,19/20,B
Naumann,Sebastian,AUE,RW,22,22,25,22,0,0.4681,3,4,2,0,2,3,1,0,19/20,B
Bohm,Lukas,WÖW,RB,24,22,24,22,0,0.4783,8,10,0,3,4,2,0,0,19/20,B
Schwabe,Jakob,ASV,P,18,21,9,21,0,0.7,2,4,1,7,2,8,0,0,19/20,B
Claasen,Tim,VFL,CB,23,21,14,21,0,0.6,14,12,0,0,0,1,0,0,19/20,B
Timm,Marcel,COB,P,18,21,9,21,0,0.7,11,18,2,11,8,13,0,0,19/20,B
Walczak,Patryk,NLB,P,21,21,7,21,0,0.75,7,8,1,3,8,21,3,0,19/20,B
Ranke,Fynn,VFL,P,19,20,10,20,0,0.6667000000000001,1,12,1,6,8,8,1,0,19/20,B
Ridder,Carsten,TUE,LB,20,20,16,20,0,0.5556,30,10,1,3,13,8,0,0,19/20,B
Noll,Pascal,DOR,LW,14,20,9,20,0,0.6897,2,1,0,0,0,4,0,0,19/20,B
Axmann,Dominik,HSV,LB,14,20,8,19,1,0.7143,9,2,2,1,1,3,0,0,19/20,B
Urios Gonzales,Rolando,TUE,P,24,20,6,20,0,0.7692,6,7,1,2,5,15,1,0,19/20,B
Weber,Sebastian,COB,P,21,19,8,19,0,0.7037,2,1,3,1,4,2,0,0,19/20,B
Hoffmann,Robin,ELB,RW,23,19,15,19,0,0.5588000000000001,0,7,0,0,2,9,0,0,19/20,B
Klein,Johannes,TVH,LB,23,19,16,19,0,0.5428999999999999,12,7,2,0,5,7,0,0,19/20,B
Kolk,Paul,TVE,LW,24,19,20,19,0,0.48719999999999997,1,6,4,0,1,5,0,0,19/20,B
Neitsch,Magnus,FER,LW,19,19,11,19,0,0.6333,2,1,0,0,0,4,0,0,19/20,B
Stotz,Michel,KON,P,24,19,4,19,0,0.8261,0,6,0,2,3,5,0,0,19/20,B
Jungemann,Philip,ELB,P,24,18,8,18,0,0.6923,5,5,4,12,13,19,0,0,19/20,B
Spross,Felix,COB,LW,22,17,17,17,0,0.5,15,13,0,0,0,0,0,0,19/20,B
Schimmelbauer,Tobias,HSV,LW,15,17,14,17,0,0.5484,5,3,5,5,10,9,0,0,19/20,B
Bagaric,Marko,NLB,LB,22,17,11,17,0,0.6071,15,9,1,24,11,19,1,0,19/20,B
Schade,Moritz,NLB,P,24,16,9,16,0,0.64,6,4,1,13,10,15,2,0,19/20,B
Stavast,Ivar,ASV,CB,18,16,19,15,1,0.4571,20,13,1,0,0,3,0,0,19/20,B
Vonnahme,Jonas,KRF,LB,24,15,20,15,0,0.4286,11,8,1,5,7,19,0,0,19/20,B
Basic,Marijan,FER,CB,17,15,20,15,0,0.4286,19,21,3,0,1,1,0,0,19/20,B
Genda,Pawel,VFL,LB,7,15,11,15,0,0.5769,3,5,4,1,2,2,0,0,19/20,B
Kretschmer,Nils Holger,ELB,LB,7,14,12,9,5,0.5385,3,2,2,1,2,7,1,0,19/20,B
Kruger,Felix,KON,RB,19,14,16,14,0,0.4667,2,5,2,1,0,6,0,0,19/20,B
Jaeger,Felix,KRF,LB,11,14,16,14,0,0.4667,3,9,1,2,1,2,0,0,19/20,B
Ronningen,Vetle,SGB,LB,24,14,18,14,0,0.4375,2,8,3,9,12,15,1,0,19/20,B
Baumgartner,Florian,GUM,RB,10,13,14,13,0,0.4815,10,8,0,6,0,2,0,0,19/20,B
Mojzis,Jan,TVE,P,17,13,10,12,1,0.5652,1,7,4,2,5,10,3,0,19/20,B
Pretzewofsky,Jan,ASV,RW,24,12,5,12,0,0.7059000000000001,2,1,1,0,0,1,0,0,19/20,B
Gierak,Lukasz,NLB,CB,22,12,14,12,0,0.46149999999999997,9,8,1,3,8,5,0,0,19/20,B
Skorupa,Paul,KRF,P,4,12,1,12,0,0.9231,0,0,0,0,3,3,0,0,19/20,B
Doll,Jan,SGB,RW,10,11,10,10,1,0.5238,1,0,0,0,0,2,0,0,19/20,B
Vlahovic,Nikola,SGB,LB,17,11,14,11,0,0.44,10,6,3,3,2,8,0,0,19/20,B
Moller,Marcel,VFL,P,21,11,7,11,0,0.6111,0,3,0,0,0,0,0,0,19/20,B
Trost,Max,SGB,LB,10,11,14,11,0,0.44,3,0,1,2,3,5,0,0,19/20,B
Waschul,Martin,VFL,CB,22,10,9,10,0,0.5263,11,9,12,17,13,21,3,0,19/20,B
Keupp,Tim,KON,LB,23,10,19,10,0,0.3448,4,5,0,0,2,1,0,0,19/20,B
Schoneseiffen,Sebastian,KRF,CB,6,10,9,2,8,0.5263,1,4,1,0,0,0,0,0,19/20,B
Lux,Kevin,AUE,P,11,10,3,10,0,0.7692,0,2,2,2,8,6,1,0,19/20,B
Dangers,Markus,KON,P,4,10,4,10,0,0.7143,2,2,1,0,0,1,0,0,19/20,B
Backs,Fin,WÖW,LW,23,10,6,10,0,0.625,1,2,2,0,0,3,0,0,19/20,B
Vogt,Dominik,HSV,P,15,10,3,10,0,0.7692,0,7,0,4,5,7,0,0,19/20,B
Smits,Jorn,TVE,LB,11,10,4,10,0,0.7143,1,4,1,1,0,4,0,0,19/20,B
Schalles,Maxim,TVE,RW,9,10,10,10,0,0.5,0,1,6,0,0,2,0,0,19/20,B
Damm,Julian,TVE,P,22,10,10,10,0,0.5,1,4,2,0,0,3,1,0,19/20,B
Hahn,Tobias,TVH,RW,14,9,8,8,1,0.5294,1,1,2,0,1,2,0,0,19/20,B
Hansen,David,KRF,LB,8,9,14,9,0,0.39130000000000004,2,2,0,0,0,1,0,0,19/20,B
Haller,Robin,GUM,LB,13,9,16,9,0,0.36,8,8,0,1,0,0,0,0,19/20,B
Kelm,Dominic,COB,P,7,9,0,9,0,1.0,0,0,0,0,0,1,0,0,19/20,B
Richardt,Jonas,EIS,RB,18,9,4,9,0,0.6923,4,2,1,1,0,2,0,0,19/20,B
Schroeder,Julius,AUE,CB,21,9,9,9,0,0.5,4,15,1,0,0,2,1,0,19/20,B
Meinhardt,Malte,GUM,LW,19,9,4,8,1,0.6923,1,1,1,0,0,0,0,0,19/20,B
Kontrec,Tin,GUM,P,24,8,6,8,0,0.5714,4,6,5,12,16,20,1,0,19/20,B
Potisk,Martin,EIS,CB,21,8,10,8,0,0.44439999999999996,11,8,1,0,0,2,0,0,19/20,B
Emanuel,Oskar,ELB,RB,8,8,3,8,0,0.7273000000000001,5,3,0,0,0,0,0,0,19/20,B
Czako,Aron,KON,LW,20,8,3,8,0,0.7273000000000001,0,3,0,0,0,0,0,0,19/20,B
Kleineidam,Jan,HSV,CB,10,7,6,7,0,0.5385,4,6,0,0,0,1,0,0,19/20,B
Knauer,Jakob,COB,RB,9,7,8,7,0,0.4667,4,5,0,1,1,1,0,0,19/20,B
Mundus,Marvin,NLB,CB,20,7,4,5,2,0.6364,2,0,0,0,0,0,0,0,19/20,B
Mrozowicz,Przemyslaw,VFL,LB,6,7,9,7,0,0.4375,4,2,0,0,2,2,0,0,19/20,B
Fuchs,Markus,ASV,LB,24,6,6,6,0,0.5,13,2,7,21,16,19,1,0,19/20,B
Lilienfelds,Girts,COB,RB,13,6,2,6,0,0.75,7,5,0,0,0,1,0,0,19/20,B
Barwitzki,Moritz,FER,LW,11,6,4,6,0,0.6,0,1,0,0,0,0,0,0,19/20,B
Urban,Tomas,TVE,RW,4,6,2,6,0,0.75,3,2,1,0,0,0,0,0,19/20,B
Rebelo,Nuno,DOR,RB,14,6,5,6,0,0.5455,0,1,0,0,0,2,0,0,19/20,B
Miljak,Duje,EIS,RB,24,5,4,5,0,0.5556,16,5,14,6,16,27,1,0,19/20,B
Muller,Jonas,FER,LB,11,5,15,5,0,0.25,0,0,0,0,1,2,0,0,19/20,B
Emanuel,Max,SGB,RB,14,5,3,5,0,0.625,2,2,0,1,1,1,1,0,19/20,B
Karle,Felix,WÖW,RW,24,5,5,5,0,0.5,0,1,1,0,0,0,0,0,19/20,B
Tuminskis,Austris,AUE,LB,16,5,2,5,0,0.7143,2,1,0,0,1,0,0,0,19/20,B
Gorgen,Moritz,DOR,RW,5,5,1,5,0,0.8332999999999999,1,0,0,0,1,0,0,0,19/20,B
Eberlein,Sven,KRF,LB,6,5,21,5,0,0.1923,8,2,0,0,4,6,0,0,19/20,B
Ohler,Max,SGB,LW,23,5,4,5,0,0.5556,3,5,2,0,0,2,0,0,19/20,B
Fick,Pelle Leo,HSV,RW,22,5,6,5,0,0.4545,0,1,1,0,1,0,0,0,19/20,B
Fernandes,Mario,TVH,P,11,4,3,4,0,0.5714,2,0,0,1,1,4,0,0,19/20,B
Fuchs,Marius,HSV,P,22,4,1,4,0,0.8,1,0,0,0,0,0,0,0,19/20,B
Oehler,Michael,ASV,LB,4,4,1,4,0,0.8,1,2,0,0,0,3,0,0,19/20,B
Faith,Jan,AUE,RW,2,4,4,4,0,0.5,1,0,1,0,0,1,0,0,19/20,B
Paraschiv,Sebastian,AUE,CB,9,4,3,4,0,0.5714,8,1,2,0,0,0,0,0,19/20,B
Schneider,Nico,AUE,LB,10,4,6,4,0,0.4,2,3,1,0,2,1,0,0,19/20,B
Braun,Nick,DOR,LW,18,4,1,4,0,0.8,0,0,0,0,0,0,0,0,19/20,B
Lackovic,Blazenko,HSV,LB,20,3,1,3,0,0.75,4,2,0,3,4,5,0,0,19/20,B
Klockmann,Dennis,VFL,GK,24,3,2,3,0,0.6,1,1,0,0,0,0,0,0,19/20,B
Koloper,Branimir,FER,P,21,3,1,3,0,0.75,8,0,4,9,11,27,4,0,19/20,B
Boschen,Nils,SGB,P,23,3,1,3,0,0.75,0,1,0,2,1,4,0,0,19/20,B
Madert,Konstantin,TVE,GK,24,3,0,3,0,1.0,9,0,0,0,0,0,0,0,19/20,B
Wieser,Andreas,WÖW,GK,24,3,0,3,0,1.0,2,0,0,0,0,0,0,0,19/20,B
Voncina,Blaz,EIS,GK,22,3,0,3,0,1.0,8,0,0,0,0,1,0,0,19/20,B
Maier,Jonas,HSV,GK,24,2,1,2,0,0.6667000000000001,8,0,0,0,0,0,0,0,19/20,B
Kropp,Andre,ASV,P,6,2,1,2,0,0.6667000000000001,1,1,0,2,0,3,0,0,19/20,B
Mallwitz,Marino,VFL,GK,24,2,0,2,0,1.0,1,0,0,0,0,0,0,0,19/20,B
Seidel,Malte,TUE,LB,14,2,2,2,0,0.5,2,0,3,2,3,1,0,0,19/20,B
Iffert,Hannes,EIS,P,10,2,1,2,0,0.6667000000000001,0,0,0,1,0,2,0,0,19/20,B
Boieck,Janis,DOR,GK,16,2,2,2,0,0.5,2,1,0,0,0,0,0,0,19/20,B
Meyer,Philipp,WÖW,P,14,2,6,2,0,0.25,2,0,4,8,5,13,0,0,19/20,B
Schauer,Franz,AUE,LB,6,2,4,2,0,0.3333,0,1,0,1,1,2,1,0,19/20,B
Busch,Pierre,GUM,RW,15,2,0,2,0,1.0,5,4,0,0,0,1,0,0,19/20,B
Janus,Damian,KRF,P,18,2,1,2,0,0.6667000000000001,2,3,4,8,6,22,3,0,19/20,B
Cornelius,Nico,ELB,LW,2,2,2,2,0,0.5,0,1,0,0,0,0,0,0,19/20,B
Urban,Mario,SGB,RW,7,2,2,2,0,0.5,0,0,0,0,0,0,0,0,19/20,B
Suljakovic,Anadin,AUE,GK,3,2,0,2,0,1.0,0,0,0,0,0,0,0,0,19/20,B
Laurenz Kluth,,TUE,CB,12,2,3,2,0,0.4,0,1,0,0,0,0,0,0,19/20,B
Kaage,Jan-Erik,HSV,LB,3,2,0,2,0,1.0,0,0,0,0,0,1,0,0,19/20,B
Mauch,Joel,KON,CB,1,2,1,0,2,0.6667000000000001,0,0,0,0,0,0,0,0,19/20,B
Puhl,Lucas,FER,GK,15,1,0,1,0,1.0,2,0,0,0,0,0,0,0,19/20,B
Huhnstock,Mario,ELB,GK,24,1,3,1,0,0.25,6,1,0,0,0,0,0,0,19/20,B
Poltrum,Konstantin,COB,GK,23,1,0,1,0,1.0,3,0,0,0,0,0,0,0,19/20,B
Muller,Jurgen,SGB,GK,23,1,0,1,0,1.0,4,0,0,0,0,0,0,0,19/20,B
Bartmann,Sven,DOR,GK,23,1,2,1,0,0.3333,10,0,0,0,0,0,0,0,19/20,B
Brustmann,Max,WÖW,GK,24,1,2,1,0,0.3333,7,1,0,0,0,0,0,0,19/20,B
Hottgenroth,Tim,FER,GK,20,1,0,1,0,1.0,1,0,0,0,0,0,0,0,19/20,B
Topfer,Erik,AUE,GK,17,1,1,1,0,0.5,1,3,0,0,0,0,1,0,19/20,B
Edvardsson,Aron Rafn,HSV,GK,23,1,2,1,0,0.3333,7,1,1,0,0,1,0,0,19/20,B
Tatai,Peter,NLB,GK,24,1,1,1,0,0.5,14,1,1,0,3,0,0,0,19/20,B
Hassferter,Michael,KON,GK,24,1,1,1,0,0.5,9,0,0,0,0,1,0,0,19/20,B
Thomas,Heider,DOR,LB,15,1,0,1,0,1.0,6,1,1,4,4,5,0,0,19/20,B
Spiekermann,David Mirko,ASV,LB,6,1,1,1,0,0.5,0,0,0,0,0,0,0,0,19/20,B
Rasimas,Vilius,AUE,GK,24,1,0,1,0,1.0,1,0,0,0,0,0,0,0,19/20,B
Weischer,Tim,TVE,LW,22,1,1,1,0,0.5,0,1,0,1,0,2,0,0,19/20,B
Jepsen,Johannes,NLB,GK,21,1,1,1,0,0.5,1,0,1,0,0,0,0,0,19/20,B
Stammer,Frederik,KRF,GK,12,1,1,1,0,0.5,3,0,0,0,0,1,0,0,19/20,B
Gores,Tom,ELB,GK,22,1,0,1,0,1.0,1,2,0,0,0,0,0,0,19/20,B
Rubino Fernandez,Alex,ASV,LW,10,1,1,1,0,0.5,0,0,0,0,0,0,0,0,19/20,B
Lewandowski,Luca,TUE,LW,5,1,2,1,0,0.3333,0,0,0,0,0,0,0,0,19/20,B
Jockel,Patrick,TVH,P,2,1,1,1,0,0.5,0,0,0,0,0,0,0,0,19/20,B
Weber,Nikolai,TVH,GK,22,0,0,0,0,0.0,2,2,0,0,0,0,0,0,19/20,B
Puhle,Matthias,GUM,GK,22,0,0,0,0,0.0,8,1,0,0,0,0,0,0,19/20,B
Kulhanek,Jan,COB,GK,23,0,0,0,0,0.0,9,1,0,0,0,0,0,0,19/20,B
Bliss,Sebastian,TUE,GK,23,0,0,0,0,0.0,4,1,0,0,0,0,0,0,19/20,B
Gorobtschuk,Stanislaw,EIS,GK,7,0,0,0,0,0.0,0,0,0,0,0,0,0,0,19/20,B
Hertlein,Felix,ASV,GK,24,0,0,0,0,0.0,4,1,0,0,0,0,0,0,19/20,B
Plaue,Dominik,TVH,GK,20,0,0,0,0,0.0,0,0,0,0,0,0,0,0,19/20,B
Wolf,Maximilian,KON,GK,19,0,0,0,0,0.0,1,0,0,0,0,0,0,0,19/20,B
Lange,Carsten,FER,RB,1,0,0,0,0,0.0,0,0,0,0,0,0,0,0,19/20,B
Nippes,Stefan,KRF,GK,3,0,0,0,0,0.0,0,0,0,0,0,0,0,0,19/20,B
Boese,Rene,ELB,RW,1,0,0,0,0,0.0,0,0,0,0,0,0,0,0,19/20,B
Keutmann,Paul,KRF,GK,8,0,0,0,0,0.0,0,1,0,0,0,0,0,0,19/20,B
Zimmermann,Max,KRF,LW,1,0,0,0,0,0.0,0,0,0,0,0,0,0,0,19/20,B
Musil,Radek,AUE,GK,17,0,0,0,0,0.0,0,0,0,0,0,0,0,0,19/20,B
Krechel,Oliver,ASV,GK,24,0,0,0,0,0.0,0,0,0,0,0,0,0,0,19/20,B
Paske,Maurice,TVE,GK,24,0,0,0,0,0.0,3,0,0,0,0,0,0,0,19/20,B
Genz,Fredrik,TUE,GK,23,0,0,0,0,0.0,6,0,0,0,1,0,0,0,19/20,B
Toth,Norman,KRF,GK,24,0,0,0,0,0.0,2,0,0,0,1,1,0,0,19/20,B
Potic,Nikola,VFL,RB,5,0,0,0,0,0.0,0,2,0,0,0,0,0,0,19/20,B
Toelke,Simon,KON,GK,21,0,0,0,0,0.0,1,0,0,0,0,0,0,0,19/20,B
Schneider,Florian,FER,RB,3,0,0,0,0,0.0,0,0,0,0,0,0,0,0,19/20,B
Apfel,Fabian,COB,GK,3,0,0,0,0,0.0,0,0,0,0,0,0,0,0,19/20,B
Van den Beucken,Mark,HSV,GK,15,0,0,0,0,0.0,0,0,0,0,0,0,0,0,19/20,B
Halfmann,Hendrik,DOR,GK,8,0,0,0,0,0.0,0,0,0,0,0,0,0,0,19/20,B
Hasenforther,Lasse,GUM,GK,2,0,0,0,0,0.0,0,0,0,0,0,0,0,0,19/20,B
Franke,Luis,WÖW,LB,1,0,0,0,0,0.0,0,0,0,0,0,0,0,0,19/20,B
Wullenweber,Finn,HSV,LB,1,0,0,0,0,0.0,0,1,0,0,0,0,0,0,19/20,B
Kokoszka,Marcel,HSV,GK,20,0,0,0,0,0.0,1,0,0,0,0,0,0,0,19/20,B
Dahmen,Cornelius,DOR,GK,3,0,0,0,0,0.0,0,0,0,0,0,0,0,0,19/20,B
Urban,Lukas,SGB,LB,6,0,0,0,0,0.0,0,0,0,0,0,0,0,0,19/20,B
Ivic,Filip,GUM,GK,24,0,0,0,0,0.0,3,0,0,0,0,0,0,0,19/20,B
Mohs,Max,ELB,GK,6,0,0,0,0,0.0,0,0,0,0,0,0,0,0,19/20,B
Michel,Linus,FER,CB,5,0,0,0,0,0.0,0,0,0,0,0,0,0,0,19/20,B
Borchert,Julian,TUE,GK,2,0,0,0,0,0.0,0,0,0,0,0,0,0,0,19/20,B
Ingenpass,Niklas,TUE,P,3,0,0,0,0,0.0,0,0,0,0,0,0,0,0,19/20,B
Grzesinski,Mats,NLB,GK,4,0,0,0,0,0.0,0,0,0,0,0,0,0,0,19/20,B
Bohne,Simon,TVH,GK,10,0,0,0,0,0.0,0,0,0,0,0,0,0,0,19/20,B
Alaj,Armend,EIS,RW,7,0,0,0,0,0.0,0,0,0,0,0,0,0,0,19/20,B
Roth,Niklas,TVH,LB,1,0,0,0,0,0.0,0,0,0,0,0,0,0,0,19/20,B
Belter,Simon,TVH,RW,8,0,0,0,0,0.0,0,0,0,0,0,0,0,0,19/20,B
Preller,Max,COB,LW,5,0,0,0,0,0.0,0,0,0,0,0,0,0,0,19/20,B
Uth,Till Bastian,TVH,P,5,0,0,0,0,0.0,0,0,0,0,0,0,0,0,19/20,B
Dreyer,Paul,KRF,GK,5,0,0,0,0,0.0,0,1,0,0,0,0,0,0,19/20,B
Kiesler,Tom,GUM,LB,3,0,0,0,0,0.0,0,0,0,0,0,0,0,0,19/20,B
Reimer,Jan,DOR,RW,10,0,0,0,0,0.0,0,0,1,0,0,1,0,0,19/20,B
Mircic,Matija,DOR,CB,3,0,0,0,0,0.0,0,0,0,0,0,0,0,0,19/20,B
Perey,Oliver,GUM,P,1,0,0,0,0,0.0,0,0,0,0,0,0,0,0,19/20,B
Noack,Marius,EIS,GK,6,0,0,0,0,0.0,0,0,0,0,0,0,0,0,19/20,B
Karic,Denis,EIS,GK,15,0,0,0,0,0.0,1,1,0,0,1,0,0,0,19/20,B
Durica,Marin,FER,GK,22,0,0,0,0,0.0,0,0,0,0,0,0,0,0,19/20,B
Lucke,Ole,TVE,GK,9,0,0,0,0,0.0,0,0,0,0,0,0,0,0,19/20,B
Kozubik,Vojta,AUE,RB,9,0,0,0,0,0.0,0,0,0,0,0,1,0,0,19/20,B
Leubner,Jonas,AUE,LB,5,0,0,0,0,0.0,0,1,0,0,0,0,0,0,19/20,B
Potratz,Mattis,VFL,LW,1,0,0,0,0,0.0,0,0,0,1,0,0,0,0,19/20,B
Fanger,Julius,GUM,CB,8,0,0,0,0,0.0,0,1,0,0,0,0,0,0,19/20,B
Mustafic,Dino,COB,CB,3,0,0,0,0,0.0,0,0,0,0,0,0,0,0,19/20,B
Brune,Julius,NLB,P,2,0,0,0,0,0.0,0,0,0,0,0,0,0,0,19/20,B
Kinanah,Ali,DOR,LB,1,0,0,0,0,0.0,0,0,0,0,0,0,0,0,19/20,B
Kirschner,Tristan,TVH,RW,8,0,0,0,0,0.0,0,0,0,0,0,1,0,0,19/20,B
Muller,Jorg,TVH,RB,6,0,0,0,0,0.0,0,0,0,0,0,0,0,0,19/20,B
Hagen,Melf,VFL,CB,2,0,0,0,0,0.0,0,0,0,0,0,0,0,0,19/20,B
Bochmann,Pascal,AUE,GK,6,0,0,0,0,0.0,1,0,0,0,0,0,0,0,19/20,B
Wellner,Leon,ELB,P,2,0,0,0,0,0.0,0,0,0,0,0,0,0,0,19/20,B
Bader,Jona,SGB,RW,1,0,0,0,0,0.0,0,0,0,0,0,0,0,0,19/20,B
Reich,Lucas,SGB,GK,1,0,0,0,0,0.0,0,0,0,0,0,0,0,0,19/20,B
Mast,Tim,DOR,LW,1,0,0,0,0,0.0,0,0,0,0,0,0,0,0,19/20,B
Johannmeyer,Fynn,DOR,RB,1,0,0,0,0,0.0,0,0,0,0,0,0,0,0,19/20,B
Fehr,Andreas,EIS,GK,2,0,0,0,0,0.0,0,0,0,0,0,0,0,0,19/20,B
Barth,Dario,FER,LW,1,0,0,0,0,0.0,0,0,0,0,0,0,0,0,19/20,B
Haseler,Mathis,GUM,RW,1,0,0,0,0,0.0,0,0,0,0,0,0,0,0,19/20,B
Schafer,Christian,SGB,RW,34,234,74,131,103,0.7597,9,5,13,1,0,3,1,0,20/21,B
Skroblien,Tom,NLB,LW,35,216,76,130,86,0.7397,20,9,14,1,4,4,0,0,20/21,B
Wucherpfennig,Lukas,ELB,RW,36,209,51,122,87,0.8038,6,9,12,0,2,3,1,0,20/21,B
Weller,Niklas,HSV,P,33,206,61,117,89,0.7715000000000001,8,25,4,17,12,31,4,0,20/21,B
Wesseling,Sven,TVE,LB,35,205,135,158,47,0.6029,100,54,13,10,10,16,0,0,20/21,B
Savvas,Savvas,TVG,LB,32,189,142,167,22,0.5710000000000001,65,44,10,7,4,9,0,0,20/21,B
Kammlodt,Adrian,AUE,LB,36,186,160,185,1,0.5376,88,54,6,4,8,10,0,0,20/21,B
Bornhorn,Bengt,AUE,P,35,183,46,94,89,0.7990999999999999,2,30,1,1,1,4,0,0,20/21,B
Kolodziej,Falk,FFB,CB,35,183,127,124,59,0.5903,131,57,19,5,10,18,1,0,20/21,B
Gress,Sebastian,ELB,CB,35,178,103,178,0,0.6335000000000001,122,33,7,13,4,5,0,0,20/21,B
Delic,Vedran,WHV,LW,34,178,66,93,85,0.7295,10,10,6,0,7,11,1,0,20/21,B
Hrstka,Jakub,DES,LW,32,173,55,123,50,0.7587999999999999,9,12,5,1,1,7,0,0,20/21,B
Huesmann,Fabian,ASV,LW,33,162,55,86,76,0.7465,4,13,5,9,3,10,1,0,20/21,B
Wolf,Tom,KON,LB,25,162,91,97,65,0.6403,71,37,3,10,9,2,0,0,20/21,B
Lindskog Andersson,Julius,VFL,CB,36,162,102,86,76,0.6136,94,45,0,1,2,5,0,0,20/21,B
Tissier,Leif,HSV,CB,35,161,72,161,0,0.691,95,41,24,1,4,5,0,0,20/21,B
Eres,Josip,FER,RW,36,159,54,94,65,0.7465,5,20,7,0,4,2,1,0,20/21,B
Genz,Jo Gerrit,ASV,RB,36,158,101,154,4,0.61,45,21,5,7,7,13,1,0,20/21,B
Richter,Benjamin,DOR,CB,36,156,81,67,89,0.6581999999999999,43,34,6,0,0,0,0,0,20/21,B
Snajder,Ivan,EIS,LW,36,155,62,116,39,0.7143,25,21,10,7,16,18,0,0,20/21,B
Loser,Timo,DES,LB,36,154,111,154,0,0.5811,94,49,1,0,1,2,0,0,20/21,B
Holzner,Dirk,TVE,LW,36,153,77,98,55,0.6652,5,8,5,0,4,1,0,0,20/21,B
Lux,Maximilian,AUE,RW,36,152,58,141,11,0.7238,15,16,7,1,6,8,0,0,20/21,B
Sohmann,Vincent,DES,CB,36,151,92,80,71,0.6214,64,40,7,1,13,23,1,0,20/21,B
Weber,Ian,TVH,CB,35,149,111,135,14,0.5731,59,42,11,8,18,14,1,0,20/21,B
Dangers,Markus,KON,P,36,148,52,146,2,0.74,10,32,4,6,16,25,2,0,20/21,B
Bozovic,Janko,GUM,RB,36,145,109,108,37,0.5709000000000001,59,37,0,1,4,10,1,0,20/21,B
Blohme,Lukas,GUM,RW,35,143,70,136,7,0.6714,37,27,5,1,6,10,0,0,20/21,B
Jansen,Tom,TVG,RB,35,143,115,143,0,0.5543,64,32,4,6,14,8,0,0,20/21,B
Santos,Raul,GUM,LW,31,139,61,84,55,0.695,6,16,16,0,3,7,0,0,20/21,B
Spohn,Valentin,NLB,LB,36,139,124,139,0,0.5285,41,26,0,5,7,5,0,0,20/21,B
Matzken,Torben,FER,CB,35,136,59,114,22,0.6973999999999999,67,67,5,1,8,6,1,0,20/21,B
Bornemann,Andreas,FER,RB,34,135,103,135,0,0.5672,39,40,2,8,5,7,0,0,20/21,B
Meuser,Andre,DOR,RB,29,134,115,134,0,0.5382,64,42,2,12,17,17,1,0,20/21,B
Versteijnen,Niels Gerardus,VFL,RB,31,134,102,115,19,0.5678,69,43,6,5,4,8,0,0,20/21,B
Huter,Ian,DOR,CB,36,132,98,132,0,0.5739,75,56,35,11,5,13,1,0,20/21,B
Dumcius,Mindaugas,ELB,RB,36,130,112,130,0,0.5372,55,45,9,3,11,9,0,0,20/21,B
Saul,Alexander,EIS,RB,34,128,117,121,7,0.5224,81,44,3,6,6,5,2,0,20/21,B
Michel,Mattis,FER,P,34,126,31,82,44,0.8025,11,7,8,11,8,9,0,0,20/21,B
Strosack,Peter,NLB,RW,36,125,28,114,11,0.8170000000000001,25,11,11,0,2,10,2,0,20/21,B
Drechsler,Rene,WHV,RB,35,123,127,123,0,0.49200000000000005,84,66,3,3,5,10,0,0,20/21,B
Urban,Tomas,TVE,RW,32,120,43,103,17,0.7362000000000001,10,12,3,0,1,4,1,0,20/21,B
Wasielewski,Johannes,TVE,RB,30,120,95,120,0,0.5581,46,41,4,5,11,20,0,0,20/21,B
Link,Jonas,SGB,CB,36,119,103,119,0,0.536,57,32,5,1,0,6,0,0,20/21,B
Krings,Merten,ASV,CB,27,116,95,116,0,0.5498,68,40,4,0,3,5,0,0,20/21,B
Engelmann,Yannick,FFB,LB,36,115,79,115,0,0.5928,48,36,8,7,4,8,1,0,20/21,B
Weyhrauch,Willy,EIS,RW,35,114,71,97,17,0.6162,7,14,16,1,4,9,0,0,20/21,B
Schomig,Dominik,WÖW,LW,36,114,45,72,42,0.7170000000000001,13,15,7,0,2,0,1,0,20/21,B
Kaufmann,Steffen,WÖW,RB,36,113,135,113,0,0.4556,118,56,5,3,9,5,0,0,20/21,B
Ebner,Dominik,NLB,RB,34,112,89,112,0,0.5572,45,37,3,2,5,13,1,0,20/21,B
Bergemann,Thies,HSV,RW,36,112,61,112,0,0.6474,8,3,3,0,6,8,0,0,20/21,B
Reichl,Vit,TVH,P,34,112,28,112,0,0.8,6,28,3,2,6,12,0,0,20/21,B
Horner,Max,FFB,RB,35,111,120,108,3,0.4805,39,46,2,1,3,12,1,0,20/21,B
Schreiber,Hendrik,TVH,LB,32,109,102,109,0,0.5166,49,39,7,4,4,7,0,0,20/21,B
Hermann,Alexander,GUM,LB,27,108,80,108,0,0.5745,46,33,1,15,8,8,0,0,20/21,B
Matijasevic,Marko,TVG,CB,33,107,71,103,4,0.6011,55,44,7,2,6,9,1,0,20/21,B
Halfdansson,Arnar Birkir,AUE,RB,36,107,122,107,0,0.4672,106,51,2,4,3,13,1,0,20/21,B
Thummler,Jonas,ELB,P,35,106,22,106,0,0.8281000000000001,5,17,5,4,2,5,2,0,20/21,B
Lofstrom,Carl,VFL,P,34,105,48,105,0,0.6862999999999999,8,17,11,20,16,13,1,0,20/21,B
Bruhn,Jasper,VFL,RB,34,104,86,104,0,0.5474,28,24,15,6,10,9,0,0,20/21,B
Stumpf,Johannes,FFB,CB,33,104,72,104,0,0.5909,51,47,14,2,13,11,0,0,20/21,B
Fuss,Merlin,TVH,RB,35,103,75,103,0,0.5787,38,14,11,4,12,9,0,0,20/21,B
Kretschmer,Finn,VFL,RW,35,101,57,101,0,0.6392,10,13,6,0,9,6,0,0,20/21,B
Senden,Alexander,DOR,LB,30,100,85,100,0,0.5405,40,36,4,7,9,19,2,0,20/21,B
Bauer,Philipp,HSV,CB,34,99,71,99,0,0.5824,32,22,1,0,2,2,0,0,20/21,B
Claus,Dominik,SGB,RB,34,98,49,98,0,0.6667000000000001,62,40,13,8,7,9,0,0,20/21,B
Heiny,Lutz,NLB,LB,36,98,74,98,0,0.5698,82,34,1,4,11,14,1,0,20/21,B
Schneider,Julian,FER,CB,35,95,46,95,0,0.6738,16,16,12,6,13,21,1,0,20/21,B
Dayan,Yonatan,WÖW,CB,29,95,54,95,0,0.6376,36,29,9,2,4,7,0,0,20/21,B
Schmidt,Patrick,WÖW,CB,29,94,74,73,21,0.5595,39,23,3,1,3,7,2,0,20/21,B
Schneider,Timm,GUM,CB,35,92,73,92,0,0.5576,66,43,11,35,14,31,1,0,20/21,B
Rompf,Christian,TVH,LW,33,92,42,66,26,0.6866,7,4,11,6,5,9,0,0,20/21,B
Braun,Joschua,KON,RB,30,92,54,80,12,0.6301,34,20,3,1,7,10,1,0,20/21,B
Huter,Patrick,DOR,P,35,91,23,91,0,0.7981999999999999,9,22,8,16,14,19,2,0,20/21,B
Eisentrager,Florian,TVG,LW,31,89,52,76,13,0.6312,4,15,6,1,6,7,0,0,20/21,B
Konitz,Bartosz,WHV,CB,33,87,81,87,0,0.5179,95,45,11,1,6,5,0,0,20/21,B
Hahn,Tobias,TVH,RW,34,87,39,30,57,0.6905,12,3,5,0,6,7,0,0,20/21,B
Corak,Dino,TVG,P,36,87,22,87,0,0.7981999999999999,15,22,5,5,13,15,1,0,20/21,B
Zahradnicek,Jan,DES,RW,36,87,52,87,0,0.6259,1,17,3,1,1,5,0,0,20/21,B
Schauer,Kuno,WHV,CB,30,86,80,86,0,0.5181,40,27,2,1,2,3,0,0,20/21,B
Orlowski,Marian,ASV,LB,24,85,72,77,8,0.5414,70,42,1,2,9,6,0,0,20/21,B
Forstbauer,Jan,HSV,RB,28,85,85,85,0,0.5,55,22,2,3,6,10,0,0,20/21,B
Reuland,Joshua,DOR,LW,18,84,33,62,22,0.7179000000000001,3,3,3,1,0,1,0,0,20/21,B
Kretschmer,Nils Holger,ELB,LB,34,82,66,68,14,0.5540999999999999,73,25,10,16,13,31,3,0,20/21,B
Barthe,Paco,SGB,CB,36,82,40,78,4,0.6720999999999999,62,29,18,44,14,22,0,0,20/21,B
Vidarsson,Ellidi Snaer,GUM,P,30,82,29,82,0,0.7387,14,22,12,35,16,22,0,0,20/21,B
Dicker,Daniel,EIS,LB,32,81,82,81,0,0.49689999999999995,53,30,9,17,12,25,2,0,20/21,B
Seidler,Oliver,DES,P,35,80,30,80,0,0.7273000000000001,2,15,3,15,13,21,1,0,20/21,B
Emanuel,Max,DES,RB,33,78,76,78,0,0.5065,55,39,3,3,13,6,0,0,20/21,B
Seitz,Stephan,FFB,RB,35,78,59,78,0,0.5693,27,28,3,0,4,8,2,0,20/21,B
Raguse,Mex,VFL,LB,29,77,74,76,1,0.5099,27,15,0,2,7,11,0,0,20/21,B
Stuber,Frederic,TVE,P,34,76,28,76,0,0.7308,12,28,3,26,15,35,1,0,20/21,B
Potisk,Martin,EIS,CB,33,76,41,76,0,0.6496,37,32,8,0,4,2,0,0,20/21,B
Kaulitz,Tim,FFB,LW,29,76,40,68,8,0.6552,0,5,10,1,6,1,2,0,20/21,B
Stark,Mario,TVG,CB,31,75,59,75,0,0.5597,75,30,0,8,8,9,0,0,20/21,B
Schulz,Michael,WÖW,P,31,75,28,75,0,0.7282,8,18,5,15,11,22,2,0,20/21,B
Schwolow,Tobias,WHV,CB,22,75,67,73,2,0.5282,45,28,5,1,4,13,0,0,20/21,B
Prause,Julian,FFB,P,36,74,31,74,0,0.7048000000000001,2,25,0,0,0,0,0,0,20/21,B
Tokic,Ante,EIS,RW,31,74,42,74,0,0.6379,28,21,9,9,8,10,2,0,20/21,B
Busch,Pierre,TVG,RW,14,73,28,46,27,0.7228,1,4,1,0,1,4,1,0,20/21,B
Wohler,Adrian,EIS,LW,33,72,26,35,37,0.7347,4,5,1,1,0,4,0,0,20/21,B
Brielmeier,Benedikt,WÖW,LB,32,72,64,72,0,0.5294,53,36,9,7,9,11,0,0,20/21,B
Dahlhaus,Tim,SGB,RB,36,72,75,72,0,0.48979999999999996,39,30,6,2,8,13,0,0,20/21,B
Brosch,Jan,ASV,P,31,72,28,72,0,0.72,16,27,6,22,12,25,3,0,20/21,B
Pust,Yannick-Marcos,WHV,RW,23,72,42,72,0,0.6315999999999999,4,8,12,0,4,6,0,0,20/21,B
Von Boenigk,Jan,ASV,RB,34,71,66,71,0,0.5182,57,24,6,2,2,15,0,0,20/21,B
Paraschiv,Sebastian,AUE,CB,35,70,43,70,0,0.6195,67,34,16,1,7,13,0,0,20/21,B
Axmann,Dominik,HSV,LB,25,69,48,51,18,0.5897,19,7,8,6,5,12,0,0,20/21,B
Schneibel,Jannis,EIS,CB,24,69,44,67,2,0.6106,59,33,9,0,2,1,0,0,20/21,B
Schimmelbauer,Tobias,HSV,LW,35,68,29,68,0,0.701,10,11,6,17,22,20,0,0,20/21,B
Wullenweber,Finn,HSV,LB,26,68,62,68,0,0.5231,13,16,1,0,0,3,0,0,20/21,B
Bornhauser,Tim,KON,CB,29,67,62,66,1,0.5194,78,39,2,2,2,2,0,0,20/21,B
Schneider,Lucas,FER,RB,36,67,39,67,0,0.6321,48,42,3,5,8,10,0,0,20/21,B
Lex,Korbinian,FFB,LB,36,67,54,67,0,0.5537,33,22,19,24,18,21,1,0,20/21,B
Hideg,Daniel,EIS,LB,23,67,53,67,0,0.5583,14,11,3,6,2,11,0,0,20/21,B
Fischer,Jonathan,SGB,P,34,67,18,67,0,0.7881999999999999,10,25,6,9,9,15,0,0,20/21,B
Wirtz,Tommy,WÖW,LW,36,67,38,40,27,0.6381,2,4,3,0,3,8,1,0,20/21,B
Bandlow,Frieder,TVG,RB,35,67,33,67,0,0.67,7,10,8,0,4,1,0,0,20/21,B
Scheithauer,Max,DES,LB,33,66,41,66,0,0.6168,43,30,3,3,6,10,0,0,20/21,B
Gonschor,Fynn,VFL,LW,33,66,39,66,0,0.6286,2,6,2,0,1,2,0,0,20/21,B
Volz,Patrick,KON,LW,25,65,23,43,22,0.7386,1,0,2,0,2,4,0,0,20/21,B
Hild,Matthias,KON,RB,34,65,36,65,0,0.6436,4,2,8,0,5,5,0,0,20/21,B
Roch,Kevin,AUE,LW,28,64,38,63,1,0.6275,3,8,9,21,12,8,3,0,20/21,B
Terhaer,Yannick,TVE,RW,35,64,17,62,2,0.7901,2,6,6,0,2,4,0,0,20/21,B
Kress,Soren,TVE,CB,36,64,66,64,0,0.49229999999999996,49,40,5,4,6,7,0,0,20/21,B
Ribeiro,Goncalo,AUE,CB,19,62,50,62,0,0.5536,41,21,3,1,1,1,0,0,20/21,B
Postel,Duncan,WHV,P,31,61,19,61,0,0.7625,10,25,5,4,11,14,1,0,20/21,B
Stuber,Jonas,GUM,P,35,61,17,60,1,0.7820999999999999,1,27,0,0,1,2,0,0,20/21,B
Grbavac,Ante,DOR,LB,27,60,79,60,0,0.43170000000000003,22,18,4,3,6,12,0,0,20/21,B
Spatz,Michael,TVG,RW,20,59,17,11,48,0.7763,5,2,0,0,0,0,0,0,20/21,B
Sabljic,Stanko,WHV,P,29,59,18,59,0,0.7662,6,15,5,28,19,17,1,0,20/21,B
Walz,Peter,EIS,P,20,59,24,59,0,0.7108,5,12,7,10,12,20,0,0,20/21,B
Franke,Marten,ASV,RW,31,59,41,58,1,0.59,11,7,1,1,2,2,0,0,20/21,B
Theiss,Niklas,TVH,RB,33,59,60,59,0,0.49579999999999996,25,16,7,1,1,1,0,0,20/21,B
Rink,Thomas,FER,P,33,57,11,57,0,0.8382,5,21,3,14,16,23,1,0,20/21,B
ten Velde,Rutger,WHV,LW,35,57,39,45,12,0.5938,9,9,7,0,2,6,0,0,20/21,B
Sterba,Jakub,DOR,RW,35,57,32,57,0,0.6404000000000001,14,9,18,1,6,8,0,0,20/21,B
Baumgartner,Florian,NLB,RB,23,56,33,56,0,0.6292,35,19,0,6,1,3,0,0,20/21,B
Klein,Johannes,TVH,LB,34,56,73,56,0,0.4341,28,20,5,5,15,24,1,0,20/21,B
Vlahovic,Nikola,SGB,LB,35,56,61,56,0,0.47859999999999997,19,24,3,9,3,18,1,0,20/21,B
Petreikis,Benas,NLB,CB,35,56,29,56,0,0.6587999999999999,66,22,0,0,1,2,0,0,20/21,B
Herzig,Fynn,GUM,LB,18,56,36,56,0,0.6087,28,19,4,9,4,9,0,0,20/21,B
Dierberg,Julius,ELB,LW,32,55,19,48,7,0.7432,4,7,3,0,3,1,0,0,20/21,B
Koster,Julian,GUM,LB,17,55,40,55,0,0.5789,76,15,13,3,3,4,0,0,20/21,B
Hansen,Markus,VFL,CB,36,54,45,54,0,0.5455,39,27,12,18,11,11,1,0,20/21,B
Schliedermann,Marcel,TVE,CB,34,53,30,53,0,0.6386,31,21,3,5,2,13,1,0,20/21,B
Marcec,Martin,SGB,LW,29,53,26,49,4,0.6709,12,3,4,1,1,1,0,0,20/21,B
Petrovsky,Leos,NLB,P,35,53,12,53,0,0.8154,5,18,4,16,10,24,3,0,20/21,B
Danneberg,Yannick,DES,LB,35,53,57,51,2,0.4818,22,17,1,10,11,7,0,0,20/21,B
Drager,Yannick,NLB,P,30,52,9,52,0,0.8525,17,12,2,25,12,25,2,0,20/21,B
Beckmann,Fynn,KON,RB,35,52,46,52,0,0.5306000000000001,26,30,1,0,3,13,0,0,20/21,B
Sauer,Julian,WÖW,RW,28,52,33,52,0,0.6118,6,5,3,0,2,7,0,0,20/21,B
Vanco,Marek,ELB,LW,36,51,21,51,0,0.7082999999999999,10,7,5,1,5,8,0,0,20/21,B
Asmuth,Jan,SGB,LW,34,51,37,51,0,0.5795,5,10,8,4,9,12,1,0,20/21,B
Ossenkopp,Lukas,HSV,LB,33,50,25,23,27,0.6667000000000001,22,11,6,20,14,18,0,0,20/21,B
Schwabe,Jakob,ASV,P,34,48,11,48,0,0.8136,5,11,6,18,13,17,0,0,20/21,B
Schramm,Peter,KON,LB,29,48,68,48,0,0.4138,55,21,5,15,17,12,3,0,20/21,B
De Santis,Gabriel,AUE,RB,27,47,47,47,0,0.5,17,29,3,0,6,14,1,0,20/21,B
Faulenbach,Jonas,FER,LB,23,47,36,47,0,0.5663,37,27,0,3,1,1,0,0,20/21,B
Karle,Felix,WÖW,RW,36,46,22,46,0,0.6765000000000001,2,1,6,0,0,3,0,0,20/21,B
Kovacic,David,WÖW,P,34,46,18,46,0,0.7188,8,19,1,3,12,17,0,0,20/21,B
Schult,Jan,VFL,LB,23,45,47,45,0,0.4891,16,19,2,4,6,5,0,0,20/21,B
Schlaich,Fabian,KON,LW,23,45,23,45,0,0.6618,3,9,3,2,1,3,0,0,20/21,B
Emanuel,Oskar,ELB,RB,36,44,29,44,0,0.6027,14,16,2,2,2,3,0,0,20/21,B
Meinhardt,Malte,GUM,LW,36,44,31,44,0,0.5867,1,10,2,0,1,2,0,0,20/21,B
Kneer,Stefan,TVH,LB,24,43,43,43,0,0.5,15,10,2,5,5,14,0,0,20/21,B
Hausmann,Jannik,HSV,RW,27,43,25,42,1,0.6324000000000001,29,20,2,5,8,7,0,0,20/21,B
Rentschler,Patrick,SGB,P,32,43,12,43,0,0.7818,10,14,9,23,9,11,1,0,20/21,B
Speckmann,Jan-Eric,NLB,LW,36,43,15,40,3,0.7414000000000001,1,4,4,0,0,0,0,0,20/21,B
Czako,Aron,KON,LW,34,43,14,43,0,0.7544,3,2,7,0,1,4,0,0,20/21,B
Kolk,Paul,TVE,LW,35,42,19,42,0,0.6884999999999999,3,10,11,0,0,2,0,0,20/21,B
Jaeger,Felix,KON,LB,25,42,32,42,0,0.5676,16,9,3,1,4,6,0,0,20/21,B
Siegler,Lukas,WÖW,LB,20,40,23,40,0,0.6349,12,14,4,2,5,3,0,0,20/21,B
Rubino Fernandez,Alex,ASV,LW,36,40,21,40,0,0.6557,2,2,8,1,0,4,0,0,20/21,B
Mast,Tim,DOR,LW,25,40,14,40,0,0.7406999999999999,3,2,2,0,1,1,0,0,20/21,B
Schroter,Tobias,GUM,RW,33,39,17,35,4,0.6964,12,6,8,2,2,2,0,0,20/21,B
Becvar,Roman,NLB,CB,35,39,22,37,2,0.6393,53,25,3,1,3,3,1,0,20/21,B
Kozul,Matej,WHV,P,33,39,32,39,0,0.5493,30,22,4,15,15,14,1,0,20/21,B
Meinzer,Sebastian,FFB,LB,32,39,30,39,0,0.5652,12,14,2,0,3,8,0,0,20/21,B
Pfeifer,Alexander,TVG,LW,36,39,19,39,0,0.6724,1,5,2,0,3,6,0,0,20/21,B
Stavast,Ivar,ELB,CB,26,38,34,38,0,0.5278,37,20,2,1,3,9,0,0,20/21,B
De la Pena,Juan,SGB,CB,33,37,32,37,0,0.5362,48,20,9,8,8,6,1,0,20/21,B
Juan Antonio Viciano Sario,,FER,LB,29,36,44,36,0,0.45,15,15,1,0,1,0,0,0,20/21,B
Hubscher,Robin,TVH,LW,30,36,14,32,4,0.72,6,4,1,0,0,5,0,0,20/21,B
Klasmann,Christopher,FER,LB,24,36,58,34,2,0.38299999999999995,30,20,1,1,0,1,0,0,20/21,B
Janssen,Robin,TVE,LB,20,36,26,36,0,0.5806,30,10,5,2,3,6,0,0,20/21,B
Spiekermann,David Mirko,ASV,LB,33,36,49,36,0,0.4235,25,11,0,0,2,6,0,0,20/21,B
Slachta,Petr,AUE,P,36,36,14,36,0,0.72,12,7,18,39,6,14,1,0,20/21,B
Gertges,Jonas,HSV,LW,36,35,17,33,2,0.6731,3,2,6,0,0,2,0,0,20/21,B
Nowatzki,Maximilian,TVE,RB,32,34,32,33,1,0.5152,39,17,1,2,2,7,2,0,20/21,B
Weit,Dennis,TVG,CB,35,32,25,19,13,0.5614,13,12,1,3,2,2,0,0,20/21,B
Jungemann,Philip,ELB,P,32,32,13,32,0,0.7111,16,15,7,21,17,25,1,0,20/21,B
Rudiger,Tim,FER,RW,34,32,15,30,2,0.6809000000000001,1,3,0,1,0,0,0,0,20/21,B
Borschel,Johannes,FFB,P,36,32,9,32,0,0.7805,2,3,0,0,0,0,0,0,20/21,B
Knezevic,David,KON,LB,36,32,34,32,0,0.48479999999999995,17,17,1,1,0,2,0,0,20/21,B
Seesing,Aron,DOR,P,28,31,12,31,0,0.7209,5,9,8,4,3,8,0,0,20/21,B
Spiess,Lars,TVG,LB,36,30,29,30,0,0.5085000000000001,37,17,8,32,17,28,1,0,20/21,B
Bielzer,Tim,DES,P,36,30,13,30,0,0.6977,5,14,1,10,8,12,1,0,20/21,B
Bagaric,Marko,NLB,LB,36,30,17,30,0,0.6383,40,17,1,46,22,28,1,0,20/21,B
Prestele,Tobias,FFB,P,32,29,14,29,0,0.6744,8,8,5,5,20,28,3,0,20/21,B
Schrader,Janik,VFL,RB,35,29,21,24,5,0.58,29,17,1,0,2,7,0,0,20/21,B
Kasal,Michal,ELB,LB,28,29,46,29,0,0.38670000000000004,13,7,0,14,6,14,0,0,20/21,B
Pretzewofsky,Jan,ASV,RW,26,28,16,28,0,0.6364,1,6,0,0,1,3,0,0,20/21,B
Meyer,Philipp,WÖW,P,34,28,15,28,0,0.6512,9,7,14,18,13,31,3,0,20/21,B
Beciri,Kristian,EIS,P,12,28,10,28,0,0.7368000000000001,7,15,7,13,4,6,1,0,20/21,B
Fanger,Julius,GUM,CB,30,28,17,27,1,0.6222,7,17,0,0,0,1,0,0,20/21,B
Stotz,Michel,KON,P,36,27,10,27,0,0.7297,5,6,2,9,11,23,1,0,20/21,B
Sudmeier,Soren,ASV,CB,8,26,19,26,0,0.5778,11,12,1,1,0,1,0,0,20/21,B
Maier-Hasselmann,Fabian,KON,RW,24,26,13,26,0,0.6667000000000001,0,0,1,0,0,3,0,0,20/21,B
Kontrec,Tin,GUM,P,36,26,13,26,0,0.6667000000000001,12,15,6,20,18,28,3,0,20/21,B
Haseler,Mathis,GUM,RW,25,26,11,18,8,0.7027,2,2,3,0,1,1,0,0,20/21,B
Ohler,Max,SGB,LW,36,25,28,22,3,0.4717,15,8,0,6,5,6,0,0,20/21,B
Pechy,Lukas,FER,LW,27,25,15,25,0,0.625,2,6,3,0,0,5,0,0,20/21,B
Maretic,Duje,WHV,RW,18,25,16,25,0,0.6098,1,8,2,1,1,5,0,0,20/21,B
Buschmann,Arseniy,ELB,CB,27,24,21,24,0,0.5333,19,17,4,2,2,8,0,0,20/21,B
Schneider,Nico,AUE,LB,32,24,20,24,0,0.5455,11,12,2,1,7,12,0,0,20/21,B
Persson,Jorn,DES,CB,36,24,15,24,0,0.6154,11,13,1,1,0,5,0,0,20/21,B
Waschul,Martin,VFL,CB,36,23,13,23,0,0.6389,12,10,7,18,22,37,4,0,20/21,B
Mubenzem,Dieudonne,TVH,RB,34,23,49,23,0,0.3194,23,17,4,1,2,6,0,0,20/21,B
Bialowas,Yannik,WÖW,LW,19,23,25,21,2,0.4792,4,6,1,0,0,1,0,0,20/21,B
Kleineidam,Jan,HSV,CB,27,22,25,22,0,0.4681,20,9,2,0,3,3,0,0,20/21,B
Natsia,Snir,TVG,P,19,21,10,21,0,0.6774,1,6,0,4,3,10,1,0,20/21,B
Reimer,Jan,DOR,RW,36,21,13,15,6,0.6175999999999999,2,3,1,0,0,4,0,0,20/21,B
Fujita,Ryuga,TVH,RW,36,21,10,21,0,0.6774,2,4,2,0,1,3,0,0,20/21,B
Quade,Henning,ELB,P,29,20,5,20,0,0.8,1,2,0,0,1,0,0,0,20/21,B
Leindl,Alexander,FFB,RB,9,20,16,20,0,0.5556,7,4,1,0,0,1,0,0,20/21,B
Kerst,Felix,FFB,LW,9,20,7,20,0,0.7406999999999999,0,0,1,0,0,1,0,0,20/21,B
Vorontsov,Evgeny,WHV,RW,15,19,14,15,4,0.5758,15,15,0,0,3,5,0,0,20/21,B
Iffert,Hannes,EIS,P,28,19,7,19,0,0.7308,0,7,1,1,1,4,0,0,20/21,B
Juric,Antonio,DOR,P,19,19,3,19,0,0.8636,1,10,2,0,2,7,0,0,20/21,B
Gugisch,Nils,ELB,RW,11,18,5,18,0,0.7826000000000001,1,1,2,0,0,0,0,0,20/21,B
Gliese,Lennart,DES,RB,22,18,12,18,0,0.6,4,3,0,0,3,5,1,0,20/21,B
Damm,Julian,TVE,P,34,18,6,18,0,0.75,0,5,1,1,2,7,0,0,20/21,B
Ulshofer,Jonas,EIS,CB,11,18,20,18,0,0.47369999999999995,14,7,3,0,0,2,0,0,20/21,B
Schluroff,Miro,WHV,LB,7,17,11,17,0,0.6071,1,3,0,0,0,0,1,0,20/21,B
Misetic,Gabriel,WHV,P,17,17,6,17,0,0.7391,0,4,1,2,4,4,0,0,20/21,B
Diebel,Niklas,FER,LB,11,16,25,16,0,0.39020000000000005,10,6,1,3,1,0,0,0,20/21,B
Neumann,Nicolas,DES,LW,20,16,17,15,1,0.48479999999999995,0,5,0,0,0,4,0,0,20/21,B
Potratz,Mattis,VFL,LW,36,16,17,16,0,0.48479999999999995,1,4,1,0,1,3,0,0,20/21,B
Glabisch,Thees,VFL,LW,7,15,9,15,0,0.625,1,1,0,0,0,0,0,0,20/21,B
Boschen,Nils,SGB,P,30,15,5,15,0,0.75,0,1,0,5,1,7,0,0,20/21,B
Wendel,Samuel,KON,LW,21,15,14,15,0,0.5172,2,3,1,0,1,1,0,0,20/21,B
Kiesler,Tom,GUM,LB,30,15,10,15,0,0.6,9,13,7,1,0,2,0,0,20/21,B
Urban,Mario,SGB,RW,32,15,14,15,0,0.5172,1,1,1,1,1,6,0,0,20/21,B
Obranovic,Andrej,EIS,LB,36,15,27,15,0,0.35710000000000003,14,12,3,10,10,9,2,0,20/21,B
Fuchs,Markus,ASV,LB,33,14,12,14,0,0.5385,17,4,4,43,14,19,0,0,20/21,B
Bohm,Lukas,WÖW,RB,27,14,17,14,0,0.45159999999999995,6,9,3,2,1,4,0,0,20/21,B
Messerschmidt,Lino,TVG,P,19,14,8,14,0,0.6364,2,5,0,4,5,5,0,0,20/21,B
Lindenstruth,Marvin,TVH,CB,19,14,3,14,0,0.8234999999999999,3,3,4,3,2,7,0,0,20/21,B
Weber,Patrick,FER,LB,9,13,16,13,0,0.4483,4,6,0,0,0,0,0,0,20/21,B
Pavlicek,Tomas,DES,RW,15,13,8,13,0,0.619,0,0,1,0,0,4,1,0,20/21,B
Nissen,Marek,NLB,LB,35,12,3,12,0,0.8,7,7,0,4,1,7,0,0,20/21,B
Kornecki,Hubert,TVE,LB,23,12,10,11,1,0.5455,12,9,3,1,4,4,0,0,20/21,B
Iliopoulos,Efthymios,DOR,RB,19,11,16,11,0,0.40740000000000004,3,6,0,0,0,0,0,0,20/21,B
Jurisic,David,WHV,RB,16,11,17,11,0,0.39289999999999997,2,5,0,1,1,1,0,0,20/21,B
Feit,Thore,HSV,P,35,11,4,11,0,0.7333,1,5,0,0,1,8,0,0,20/21,B
Mundus,Marvin,NLB,CB,35,10,8,10,0,0.5556,4,5,0,0,0,0,0,0,20/21,B
Mojzis,Jan,TVE,P,36,10,3,10,0,0.7692,0,8,2,11,12,17,2,0,20/21,B
Hagitte,Benedikt,FFB,RB,24,10,5,10,0,0.6667000000000001,1,1,2,1,1,2,0,0,20/21,B
Skroblien,Linus,DOR,CB,22,10,8,10,0,0.5556,6,6,2,0,1,4,0,0,20/21,B
Schoesse,Florian,ASV,CB,24,10,9,10,0,0.5263,6,7,0,0,1,3,0,0,20/21,B
Lux,Kevin,AUE,P,20,9,4,9,0,0.6923,3,2,0,19,10,29,4,1,20/21,B
Huber,Gianni,FFB,RW,33,9,14,9,0,0.39130000000000004,5,3,3,0,0,2,0,0,20/21,B
Dutschke,Jannik,AUE,LW,17,9,6,9,0,0.6,2,0,1,0,0,1,0,0,20/21,B
Criciotoiu,Bogdan Andre,NLB,RB,13,8,8,8,0,0.5,6,3,0,2,0,1,0,0,20/21,B
Lehmann,Fabrice,WHV,RW,8,8,12,8,0,0.4,0,2,0,0,1,1,0,0,20/21,B
Neagu,Stefan Valentin,WÖW,P,33,8,5,8,0,0.6154,1,2,1,1,3,9,1,0,20/21,B
Opitz,Phillip,TVH,RB,17,8,5,8,0,0.6154,3,3,0,1,0,2,0,0,20/21,B
Gudat,Lars,ASV,RW,5,7,1,7,0,0.875,1,5,0,0,0,0,0,0,20/21,B
Noll,Pascal,DOR,LW,19,7,12,6,1,0.36840000000000006,0,2,1,0,0,1,0,0,20/21,B
Gorgen,Moritz,DOR,RW,15,7,1,7,0,0.875,3,5,1,0,1,1,0,0,20/21,B
Fick,Pelle Leo,HSV,RW,29,7,5,6,1,0.5832999999999999,0,1,0,0,0,0,0,0,20/21,B
Hagen,Melf,VFL,CB,27,7,9,7,0,0.4375,4,4,0,1,0,0,0,0,20/21,B
Hein,Paul,WHV,CB,9,7,1,7,0,0.875,1,2,0,0,0,1,0,0,20/21,B
Kruger,Felix,KON,RB,36,6,14,6,0,0.3,5,4,3,5,0,2,0,0,20/21,B
Bransche,Hannes,TVG,RB,36,6,19,6,0,0.24,12,12,2,3,0,3,0,0,20/21,B
Rehfus,Lucas,DOR,LB,16,6,6,5,1,0.5,2,0,0,0,0,1,0,0,20/21,B
Ranke,Fynn,VFL,P,6,5,2,5,0,0.7143,2,2,1,1,1,2,0,0,20/21,B
Schmidt,Daniel,DES,P,33,5,6,5,0,0.4545,6,0,4,8,10,21,3,0,20/21,B
Hack,Benedikt,FFB,RW,4,5,2,5,0,0.7143,1,0,1,0,0,0,0,0,20/21,B
Riesner,Cedric,FFB,P,15,5,4,5,0,0.5556,1,0,0,0,1,2,0,0,20/21,B
Wellner,Leon,ELB,P,8,5,0,5,0,1.0,0,3,0,3,2,2,0,0,20/21,B
Mauch,Joel,KON,CB,8,5,4,5,0,0.5556,3,3,0,0,0,0,0,0,20/21,B
Demerza,Alexej,TVE,LB,12,5,7,5,0,0.4167,1,0,0,1,0,2,0,0,20/21,B
Wilhelm,Christian,DOR,P,1,5,1,5,0,0.8332999999999999,0,0,0,1,0,2,0,0,20/21,B
Jurdzs,Aivis,TVE,LB,4,4,9,4,0,0.3077,4,2,0,1,0,0,0,0,20/21,B
Minerva,Jan Steffen,TVG,GK,36,4,3,4,0,0.5714,3,1,0,1,0,1,0,0,20/21,B
Maas,Sebastian,WHV,LW,9,4,4,4,0,0.5,0,2,0,0,0,1,0,0,20/21,B
Edvardsson,Aron Rafn,SGB,GK,35,4,3,4,0,0.5714,18,3,0,0,0,1,1,0,20/21,B
Hoffmann,Robin,ELB,RW,8,4,5,4,0,0.44439999999999996,1,1,0,1,0,0,0,0,20/21,B
Vogt,Dominik,HSV,P,18,4,2,4,0,0.6667000000000001,0,3,0,1,2,7,1,0,20/21,B
Schroeder,Julius,AUE,CB,8,4,3,4,0,0.5714,2,3,0,0,0,2,0,0,20/21,B
Engelhardt,Alexander,ASV,P,6,4,0,4,0,1.0,0,0,0,0,1,4,0,0,20/21,B
Haller,Robin,GUM,LB,29,3,6,3,0,0.3333,1,3,0,0,0,1,0,0,20/21,B
Bartmann,Sven,DOR,GK,26,3,1,3,0,0.75,3,2,0,0,0,1,0,0,20/21,B
Murkoster,Justin,EIS,P,4,3,2,3,0,0.6,0,0,0,1,1,2,0,0,20/21,B
Ebert,Pascal,AUE,LW,26,3,2,3,0,0.6,0,1,0,0,1,2,0,0,20/21,B
Urban,Lukas,SGB,LB,21,3,0,3,0,1.0,0,0,0,0,0,0,0,0,20/21,B
Kikanovic,Luka,EIS,LB,7,3,9,3,0,0.25,2,2,1,0,1,1,0,0,20/21,B
Michel,Linus,FER,CB,30,3,1,3,0,0.75,2,5,0,0,0,2,0,0,20/21,B
Voncina,Blaz,EIS,GK,36,3,3,3,0,0.5,9,2,3,0,0,0,0,0,20/21,B
Schwarz,Philipp,TVH,LW,16,3,5,3,0,0.375,0,1,1,0,0,0,0,0,20/21,B
Bombelka,Elias,AUE,RW,11,3,1,3,0,0.75,0,1,0,0,0,0,0,0,20/21,B
Kohrmann,Oliver,WHV,CB,3,2,1,2,0,0.6667000000000001,1,0,0,0,0,0,0,0,20/21,B
Huhnstock,Mario,ELB,GK,35,2,3,2,0,0.4,7,2,0,0,0,0,0,0,20/21,B
Puhle,Matthias,GUM,GK,35,2,0,2,0,1.0,14,2,0,0,0,0,0,0,20/21,B
Ambrosius,Philip,DES,GK,36,2,3,2,0,0.4,25,7,0,1,1,1,1,0,20/21,B
Mallwitz,Marino,WÖW,GK,35,2,0,2,0,1.0,11,3,0,0,1,1,0,0,20/21,B
Oehler,Michael,ELB,LB,14,2,1,2,0,0.6667000000000001,6,2,1,4,4,4,0,0,20/21,B
Rozman,Tim,WHV,RB,1,2,2,2,0,0.5,0,2,0,0,0,1,0,0,20/21,B
Mohs,Max,ELB,GK,33,2,0,2,0,1.0,1,3,0,0,0,0,0,0,20/21,B
Alaj,Armend,EIS,RW,27,2,4,2,0,0.3333,1,0,0,0,0,2,0,0,20/21,B
Adanir,Can,TVG,GK,31,2,0,2,0,1.0,0,0,0,0,0,1,0,0,20/21,B
Kirschner,Tristan,TVH,RW,3,2,0,2,0,1.0,0,0,0,0,0,0,0,0,20/21,B
Krause,Melf,ASV,P,16,2,0,2,0,1.0,0,0,0,0,0,0,0,0,20/21,B
Saleh,Joshua,DES,RW,15,2,4,2,0,0.3333,0,4,0,0,0,0,0,0,20/21,B
Eickhoff,Bruno,GUM,P,2,2,0,2,0,1.0,0,0,0,0,0,0,0,0,20/21,B
Luderschmid,Johannes,FFB,RB,6,2,0,2,0,1.0,2,2,0,0,0,0,0,0,20/21,B
Rezar,Aljosa,NLB,GK,36,1,0,1,0,1.0,8,1,0,0,0,1,0,0,20/21,B
Koloper,Branimir,FER,P,34,1,1,1,0,0.5,5,0,1,13,13,27,3,0,20/21,B
Plaue,Dominik,TVH,GK,36,1,1,1,0,0.5,1,0,0,0,0,0,0,0,20/21,B
Wolf,Maximilian,KON,GK,32,1,0,1,0,1.0,1,0,0,0,0,0,0,0,20/21,B
Sorg,Michel,FER,RB,4,1,0,1,0,1.0,1,1,0,0,0,0,0,0,20/21,B
Roth,Felix,AUE,RW,22,1,1,1,0,0.5,0,1,0,0,0,0,0,0,20/21,B
Paske,Maurice,TVE,GK,36,1,2,1,0,0.3333,3,2,0,0,0,1,0,0,20/21,B
Wieser,Andreas,WÖW,GK,32,1,0,1,0,1.0,6,1,0,0,0,0,0,0,20/21,B
Hottgenroth,Tim,FER,GK,35,1,0,1,0,1.0,7,0,0,0,0,0,0,0,20/21,B
Topfer,Erik,AUE,GK,12,1,1,1,0,0.5,5,0,0,0,0,0,0,0,20/21,B
Kasch,Felix,VFL,LB,5,1,4,1,0,0.2,1,1,0,0,0,0,0,0,20/21,B
Hassferter,Michael,KON,GK,34,1,3,1,0,0.25,7,2,0,0,0,0,0,0,20/21,B
Luderschmid,Michael,FFB,GK,35,1,4,1,0,0.2,3,1,0,0,0,0,0,0,20/21,B
Hanisch,Libor,DES,P,4,1,1,1,0,0.5,2,1,1,2,2,2,0,0,20/21,B
Schauer,Franz,AUE,LB,15,1,1,1,0,0.5,2,0,1,1,4,9,1,0,20/21,B
Valerio,Diogo,GUM,GK,36,1,0,1,0,1.0,0,0,0,0,0,0,0,0,20/21,B
Suljakovic,Anadin,AUE,GK,28,1,0,1,0,1.0,2,0,0,0,0,0,0,0,20/21,B
Kozubik,Vojta,AUE,RB,5,1,0,1,0,1.0,0,0,0,0,0,0,0,0,20/21,B
Johannmeyer,Fynn,DOR,RB,14,1,1,1,0,0.5,0,2,0,0,0,0,0,0,20/21,B
Jockel,Patrick,TVH,P,29,1,3,1,0,0.25,0,0,0,4,0,1,0,0,20/21,B
Malek,Julian,DES,GK,34,1,1,1,0,0.5,1,0,0,0,0,0,0,0,20/21,B
Tsuyama,Hiromi,AUE,CB,23,1,3,0,1,0.25,0,1,0,0,0,0,0,0,20/21,B
Oberosler,Louis,FFB,GK,20,1,0,1,0,1.0,3,1,0,1,0,0,0,0,20/21,B
Blum,Matthis,DOR,CB,5,1,2,1,0,0.3333,0,0,0,0,0,0,0,0,20/21,B
Fehrenbach,Felix,KON,RW,8,1,1,1,0,0.5,0,0,0,0,0,1,0,0,20/21,B
Hoepfner,Noel Benjamin,TVH,LB,3,1,1,1,0,0.5,0,1,0,0,0,0,0,0,20/21,B
Runkel,Fabio,ASV,P,1,1,1,1,0,0.5,0,0,0,0,0,0,0,0,20/21,B
Viana,Gabriel,GUM,LW,2,1,2,1,0,0.3333,0,0,0,0,0,0,0,0,20/21,B
Vortmann,Jens,HSV,GK,35,0,0,0,0,0.0,6,2,0,0,1,1,0,0,20/21,B
Weber,Nikolai,TVH,GK,34,0,0,0,0,0.0,3,0,0,0,0,0,0,0,20/21,B
Lackovic,Blazenko,HSV,LB,6,0,0,0,0,0.0,0,0,0,0,1,0,0,0,20/21,B
Puhl,Lucas,FER,GK,11,0,0,0,0,0.0,4,0,0,0,0,0,0,0,20/21,B
Klockmann,Dennis,VFL,GK,24,0,0,0,0,0.0,1,0,0,0,0,0,0,0,20/21,B
Maier,Jonas,HSV,GK,35,0,0,0,0,0.0,6,0,0,0,0,0,0,0,20/21,B
Zorb,Moritz,TVH,P,1,0,0,0,0,0.0,1,2,0,1,0,0,0,0,20/21,B
Hanemann,Stefan,FFB,GK,30,0,0,0,0,0.0,1,1,0,0,0,0,0,0,20/21,B
Hertlein,Felix,ASV,GK,34,0,0,0,0,0.0,4,0,0,0,1,1,0,0,20/21,B
Mittendorf,Kai,KON,CB,1,0,0,0,0,0.0,0,0,0,0,0,0,0,0,20/21,B
Peveling,Jan,HSV,GK,1,0,0,0,0,0.0,0,0,0,0,0,0,0,0,20/21,B
Madert,Konstantin,TVE,GK,36,0,0,0,0,0.0,9,0,1,0,0,0,0,0,20/21,B
Broy,Matthias Jan,DOR,GK,2,0,0,0,0,0.0,0,0,0,0,0,0,0,0,20/21,B
Broszinski,Jan Niklas,FER,GK,3,0,0,0,0,0.0,1,0,0,0,0,0,1,0,20/21,B
Petursson,Sveinbjorn,AUE,GK,36,0,0,0,0,0.0,11,1,0,0,1,0,0,0,20/21,B
Grunz,Angelo,WHV,GK,5,0,0,0,0,0.0,0,0,0,0,0,0,0,0,20/21,B
Engelhardt,Jorg,VFL,GK,4,0,0,0,0,0.0,0,0,0,0,0,0,0,0,20/21,B
Wesemann,Jan,ASV,GK,36,0,0,0,0,0.0,0,1,0,0,0,0,0,0,20/21,B
Juzbasic,Martin,DOR,GK,22,0,0,0,0,0.0,8,1,3,1,0,0,0,0,20/21,B
Hasenforther,Lasse,GUM,GK,2,0,0,0,0,0.0,0,0,0,0,0,0,0,0,20/21,B
Haller,Christian,FFB,CB,2,0,0,0,0,0.0,0,0,1,0,0,0,0,0,20/21,B
Lehmann,Nick,SGB,GK,32,0,0,0,0,0.0,0,0,0,0,0,1,0,0,20/21,B
Sorg,Leon,FER,LB,2,0,0,0,0,0.0,0,0,0,0,1,0,0,0,20/21,B
Franke,Luis,WÖW,LB,3,0,0,0,0,0.0,0,0,0,0,0,0,0,0,20/21,B
Kokoszka,Marcel,HSV,GK,16,0,0,0,0,0.0,0,0,0,0,0,0,0,0,20/21,B
Stecken,Mathis,ASV,GK,2,0,0,0,0,0.0,0,0,0,0,0,0,0,0,20/21,B
Volar,Kristian,EIS,CB,21,0,0,0,0,0.0,0,0,0,0,0,0,0,0,20/21,B
Bojanic,Vladimir,WHV,P,2,0,0,0,0,0.0,0,0,0,2,0,2,0,0,20/21,B
Herrmann,Lukas,KON,GK,4,0,0,0,0,0.0,0,0,0,0,0,0,0,0,20/21,B
Simonsen,Christian Ole,DOR,GK,17,0,0,0,0,0.0,0,0,0,0,0,1,0,0,20/21,B
Borchert,Julian,VFL,GK,4,0,0,0,0,0.0,0,0,0,0,0,0,0,0,20/21,B
Jepsen,Johannes,NLB,GK,22,0,0,0,0,0.0,1,0,0,1,0,0,0,0,20/21,B
Eres,Ivan,WHV,GK,20,0,0,0,0,0.0,2,0,1,0,0,0,0,0,20/21,B
Conrad,Nils,VFL,GK,32,0,0,0,0,0.0,3,2,0,0,0,0,0,0,20/21,B
Bohne,Simon,TVH,GK,6,0,0,0,0,0.0,0,0,0,0,0,0,0,0,20/21,B
Eichberger,Thomas,EIS,GK,31,0,0,0,0,0.0,3,0,0,0,0,0,0,0,20/21,B
Winkler,Markus,FFB,GK,2,0,0,0,0,0.0,0,0,0,0,0,0,0,0,20/21,B
Baranasic,Filip,DOR,GK,6,0,0,0,0,0.0,0,0,0,0,0,0,0,0,20/21,B
Hass,Alexander,VFL,GK,6,0,0,0,0,0.0,0,1,0,0,0,0,0,0,20/21,B
Schuster,Joe,GUM,LB,8,0,0,0,0,0.0,1,0,0,0,0,0,0,0,20/21,B
Gores,Tom,ELB,GK,17,0,0,0,0,0.0,0,0,0,0,0,0,0,0,20/21,B
Noack,Marius,ELB,GK,19,0,0,0,0,0.0,2,0,0,0,0,0,0,0,20/21,B
Ebert,Moritz,KON,GK,10,0,0,0,0,0.0,0,1,0,0,0,0,0,0,20/21,B
Durica,Marin,FER,GK,34,0,0,0,0,0.0,5,1,0,0,0,0,0,0,20/21,B
Lucke,Ole,TVE,GK,7,0,0,0,0,0.0,0,0,0,0,0,0,0,0,20/21,B
Leubner,Jonas,AUE,LB,1,0,0,0,0,0.0,0,0,0,0,0,0,0,0,20/21,B
Bochmann,Pascal,AUE,GK,26,0,0,0,0,0.0,3,0,0,0,0,0,0,0,20/21,B
Bader,Jona,SGB,RW,2,0,0,0,0,0.0,0,0,0,0,0,0,0,0,20/21,B
Reich,Lucas,SGB,GK,5,0,0,0,0,0.0,0,0,0,0,0,0,0,0,20/21,B
Fehr,Andreas,EIS,GK,18,0,0,0,0,0.0,0,0,0,0,0,0,0,0,20/21,B
Kowalski,Peter,NLB,GK,4,0,0,0,0,0.0,0,0,0,0,0,0,0,0,20/21,B
Gronek,Bjarne,VFL,GK,1,0,0,0,0,0.0,0,0,0,0,0,0,0,0,20/21,B
Stasch,Levin,WHV,GK,34,0,0,0,0,0.0,2,0,0,0,0,0,0,0,20/21,B
Moller,Jan,HSV,RW,1,0,0,0,0,0.0,0,0,0,0,0,0,0,0,20/21,B
Ludorf,Benjamin,DOR,GK,1,0,0,0,0,0.0,0,0,0,0,0,0,0,0,20/21,B
Eigenbrodt,Moritz,ASV,CB,3,0,0,0,0,0.0,0,2,0,0,0,0,0,0,20/21,B
Mehlhorn,Nick,AUE,GK,1,0,0,0,0,0.0,0,0,0,0,0,0,0,0,20/21,B
Steinhaus,Soren,DOR,CB,3,0,0,0,0,0.0,0,3,0,0,0,0,0,0,20/21,B
Tschuri,Robert,WÖW,GK,3,0,0,0,0,0.0,0,0,0,0,0,0,0,0,20/21,B
Tamms,Lukas,TVE,CB,3,0,0,0,0,0.0,0,0,0,0,0,0,0,0,20/21,B
Beck Jorgensen,Mikkel Junggaard,ASV,CB,4,0,0,0,0,0.0,0,0,0,0,0,0,0,0,20/21,B
Kaysen,Loic,GUM,CB,1,0,0,0,0,0.0,0,0,0,0,0,0,0,0,20/21,B
Martic Gercar,,NLB,GK,11,0,0,0,0,0.0,1,0,0,0,0,0,0,0,20/21,B
Niestroj,Maurice,ELB,CB,2,0,0,0,0,0.0,0,0,0,0,0,0,0,0,20/21,B
Ohm,Julian,TVG,GK,6,0,0,0,0,0.0,0,0,0,0,0,0,0,0,20/21,B
Albers,Kenneth,WHV,RB,1,0,0,0,0,0.0,0,0,0,0,0,0,0,0,20/21,B
Weiner,Filip,WHV,LW,1,0,0,0,0,0.0,0,0,0,0,0,0,0,0,20/21,B
Hangstein,Fynn,EIS,CB,38,277,137,173,104,0.6690999999999999,99,37,13,0,10,12,1,0,21/22,B
Savvas,Savvas,TVG,LB,38,261,224,229,32,0.5381,115,70,19,5,3,7,0,0,21/22,B
Holzner,Dirk,TVE,LW,38,229,86,130,99,0.727,13,16,6,0,1,4,0,0,21/22,B
Huesmann,Fabian,ASV,LW,38,222,71,124,98,0.7576999999999999,3,20,8,1,1,7,0,0,21/22,B
Mappes,Dominik,TVH,CB,30,211,110,175,36,0.6573,115,37,6,0,2,13,0,0,21/22,B
Norouzinezhad Gharehlou,Pouya,HAG,LB,37,209,126,182,27,0.6239,93,36,9,4,1,11,0,0,21/22,B
Hrstka,Jakub,DES,LW,35,208,47,166,42,0.8157,11,17,10,2,2,9,1,0,21/22,B
Pohle,Georg,NOL,LB,37,203,136,178,25,0.5988,89,41,5,15,9,30,4,0,21/22,B
ten Velde,Rutger,FER,LW,35,192,62,104,88,0.7559,6,11,9,0,0,9,1,0,21/22,B
Versteijnen,Niels Gerardus,VFL,RB,38,192,135,165,27,0.5871999999999999,142,69,9,4,4,15,0,0,21/22,B
Vorlicek,Philipp,HAG,RB,36,188,109,188,0,0.633,47,41,8,4,7,17,0,0,21/22,B
Weber,Ian,TVH,CB,38,186,101,127,59,0.6481,79,29,12,8,9,14,2,0,21/22,B
Schmidt,Patrick,WÖW,CB,32,184,126,125,59,0.5935,68,31,9,4,1,12,0,0,21/22,B
Beyer,Noah,TUE,LW,29,184,62,73,111,0.748,9,12,15,0,0,4,0,0,21/22,B
Wagner,Hendrik,LUD,LB,35,182,165,155,27,0.5245000000000001,62,31,4,8,4,9,0,0,21/22,B
Wesseling,Sven,SGB,LB,38,173,118,86,87,0.5945,77,35,7,14,5,9,2,0,21/22,B
Koster,Julian,GUM,LB,35,173,104,173,0,0.6245,129,43,24,17,5,12,0,0,21/22,B
Baijens,Dani,ASV,CB,37,168,89,168,0,0.6537000000000001,107,61,6,1,6,15,0,0,21/22,B
Bozovic,Janko,GUM,RB,33,167,109,101,66,0.6051,39,28,4,3,2,5,0,0,21/22,B
Weber,Robert,NOL,RW,38,166,85,100,66,0.6614,14,17,15,3,0,2,0,0,21/22,B
Blohme,Lukas,GUM,RW,32,166,49,144,22,0.7720999999999999,7,11,14,1,3,8,1,1,21/22,B
Gress,Sebastian,ELB,CB,36,166,102,166,0,0.6194,81,26,8,5,1,2,0,0,21/22,B
Salger,Stefan,LUD,RB,37,162,127,162,0,0.5606,36,27,7,10,9,27,2,0,21/22,B
Ribeiro,Goncalo,AUE,CB,37,160,100,125,35,0.6154,70,43,5,0,0,4,0,0,21/22,B
Reimer,Jan,DOR,RW,33,160,58,83,77,0.7339,1,11,5,1,1,2,0,0,21/22,B
Grozdanic,Milos,COB,LW,36,159,69,73,86,0.6973999999999999,6,11,14,0,2,7,1,0,21/22,B
Billek,Florian,COB,RW,30,156,51,139,17,0.7536,19,14,17,0,0,5,0,0,21/22,B
Schafer,Christian,SGB,RW,38,156,60,112,44,0.7222,14,3,20,0,1,6,0,0,21/22,B
Schomig,Dominik,WÖW,LW,37,155,62,110,45,0.7143,17,15,14,0,1,3,0,0,21/22,B
Meuser,Andre,DOR,RB,35,147,127,147,0,0.5365,46,48,2,2,2,9,1,0,21/22,B
Loser,Timo,DES,LB,33,147,92,147,0,0.6151,65,41,2,2,1,4,0,0,21/22,B
Morante Maldonado,Eloy,TUE,CB,37,145,74,122,23,0.6620999999999999,75,43,28,7,3,15,0,0,21/22,B
Lux,Maximilian,AUE,RW,35,143,73,140,3,0.662,6,13,3,0,4,7,0,0,21/22,B
Busch,Pierre,TVG,RW,37,142,53,90,52,0.7282,6,7,11,0,1,5,2,0,21/22,B
Jansen,Tom,TVG,RB,25,141,93,119,22,0.6026,52,22,4,3,3,10,1,0,21/22,B
Klima,Matej,VFL,LB,28,139,80,139,0,0.6347,59,27,5,3,4,7,0,0,21/22,B
Dierberg,Julius,ELB,LW,37,136,38,92,44,0.7816,6,16,17,0,1,1,0,0,21/22,B
Sohmann,Vincent,DES,CB,32,134,58,74,60,0.6979000000000001,70,35,1,3,4,13,0,0,21/22,B
Pust,Yannick-Marcos,DES,RW,34,134,73,133,1,0.6473,8,27,21,1,3,16,1,0,21/22,B
Breitenfeldt,Robin,HRO,CB,21,130,67,74,56,0.6598999999999999,34,19,2,0,0,0,0,0,21/22,B
Bornhorn,Bengt,AUE,P,28,129,47,69,60,0.733,0,26,0,1,0,4,2,1,21/22,B
Emanuel,Max,DES,RB,36,129,117,129,0,0.5244,55,48,7,4,11,20,0,0,21/22,B
Kammlodt,Adrian,AUE,LB,30,128,103,128,0,0.5540999999999999,56,34,10,1,3,8,0,0,21/22,B
Dumcius,Mindaugas,ELB,RB,36,126,91,124,2,0.5806,67,41,3,4,5,10,1,0,21/22,B
Fuss,Merlin,COB,RB,38,125,88,125,0,0.5869,80,50,20,3,1,6,0,0,21/22,B
Saul,Alexander,EIS,RB,35,124,99,124,0,0.5561,61,46,1,2,0,5,0,0,21/22,B
Fischer,Jonathan,SGB,P,37,124,36,124,0,0.775,11,17,7,1,3,9,0,0,21/22,B
Terhaer,Yannick,TVE,RW,37,123,55,97,26,0.691,6,15,10,0,2,10,0,0,21/22,B
Bornemann,Andreas,FER,RB,29,122,99,122,0,0.552,41,35,2,0,4,7,0,0,21/22,B
De la Pena,Juan,SGB,CB,38,122,77,122,0,0.6131,56,43,10,5,4,16,0,0,21/22,B
Genz,Jo Gerrit,ASV,RB,38,120,95,118,2,0.5581,46,18,3,4,3,9,0,0,21/22,B
Kretschmer,Nils Holger,ELB,LB,36,119,83,90,29,0.5891,65,26,12,27,5,26,1,0,21/22,B
Stegefelt,Markus,NOL,LB,38,119,80,89,30,0.598,48,30,3,9,10,23,0,0,21/22,B
Halfdansson,Arnar Birkir,AUE,RB,38,116,108,116,0,0.5179,101,50,7,2,1,9,0,0,21/22,B
Hansen,Markus,VFL,CB,37,115,60,73,42,0.6570999999999999,37,27,6,5,3,4,0,0,21/22,B
Theiss,Niklas,TVH,RB,36,115,86,115,0,0.5721,83,14,14,4,2,9,0,0,21/22,B
Von Boenigk,Jan,ASV,RB,38,114,88,114,0,0.5644,80,19,12,2,0,5,0,0,21/22,B
Thummler,Jonas,HRO,P,28,112,33,111,1,0.7724,6,19,2,11,4,11,0,0,21/22,B
Schreiber,Hendrik,TVH,LB,32,112,79,112,0,0.5864,47,24,15,3,6,10,0,0,21/22,B
Vidarsson,Ellidi Snaer,GUM,P,37,109,30,109,0,0.7842,25,19,11,16,7,18,1,1,21/22,B
Snajder,Ivan,EIS,LW,32,108,37,106,2,0.7448,15,12,11,3,7,31,2,0,21/22,B
Orlowski,Marian,ASV,LB,38,107,107,99,8,0.5,72,54,1,7,3,8,1,0,21/22,B
Claus,Dominik,SGB,RB,32,107,52,107,0,0.6729999999999999,64,31,8,3,0,8,1,0,21/22,B
Falk,Alexander,LUD,RW,35,106,39,106,0,0.731,11,6,4,0,1,10,0,0,21/22,B
Raguse,Mex,VFL,LB,36,104,96,104,0,0.52,49,32,9,0,3,12,0,0,21/22,B
Wieling,Tim,ASV,RW,37,103,40,83,20,0.7203,4,14,8,0,2,3,0,0,21/22,B
Tokic,Ante,EIS,RW,36,102,48,102,0,0.68,19,20,15,1,0,6,1,0,21/22,B
Dayan,Yonatan,WÖW,CB,35,102,87,102,0,0.5397,53,31,7,0,2,11,0,0,21/22,B
Schneibel,Jannis,EIS,CB,37,102,67,99,3,0.6036,98,43,23,3,0,9,0,0,21/22,B
Pregler,Ole,GUM,CB,37,101,81,101,0,0.5549000000000001,70,66,1,3,2,2,0,0,21/22,B
Schroder,Andreas,COB,LB,36,100,104,100,0,0.4902,36,26,13,9,1,7,0,0,21/22,B
Firnhaber,Lucas,TUE,RB,36,100,93,100,0,0.5181,50,28,2,3,3,11,1,0,21/22,B
Ottsen,Jonas,HRO,LB,36,99,73,99,0,0.5756,58,57,5,2,4,6,0,0,21/22,B
Huter,Ian,DOR,CB,27,98,67,98,0,0.5939,57,38,9,4,2,17,0,0,21/22,B
Brosch,Jan,ASV,P,36,97,38,97,0,0.7184999999999999,12,18,6,23,8,26,3,0,21/22,B
Roch,Kevin,AUE,LW,35,95,58,95,0,0.6209,8,10,3,16,8,25,6,0,21/22,B
Toom,Karl,COB,LB,37,95,72,95,0,0.5689,32,35,1,2,3,9,0,0,21/22,B
Stark,Mario,TVG,CB,33,94,79,94,0,0.5434,68,44,4,4,3,17,0,0,21/22,B
Kaufmann,Steffen,WÖW,RB,34,93,122,93,0,0.4326,90,40,3,1,3,7,0,0,21/22,B
Schmidt,Valentin,HAG,CB,24,93,71,59,34,0.5671,65,14,0,0,1,0,0,0,21/22,B
Witte,Nick,HRO,LW,34,93,37,62,31,0.7154,3,9,9,0,0,4,1,0,21/22,B
Klingler,Felix,TUE,RW,37,92,36,74,18,0.7188,8,13,11,4,0,5,0,0,21/22,B
Mestrum,Daniel,HAG,LW,35,92,50,92,0,0.6479,3,11,7,1,0,6,1,0,21/22,B
Michel,Mattis,FER,P,36,92,31,76,16,0.748,13,17,6,16,7,17,0,0,21/22,B
Toromanovic,Damian,HAG,RW,35,91,48,91,0,0.6547,4,8,17,0,1,7,0,0,21/22,B
Kirschner,Tristan,TVH,RW,33,91,39,91,0,0.7,3,14,6,1,2,11,0,0,21/22,B
Prohl,Tilman,HAG,P,38,90,39,90,0,0.6977,22,32,16,23,13,18,0,0,21/22,B
Varvne,Tobias,COB,LB,29,90,44,90,0,0.6716,43,32,6,3,3,6,0,0,21/22,B
Becher,Lukas,TUE,LW,36,88,39,88,0,0.6929000000000001,9,12,7,1,2,5,0,0,21/22,B
Zobel,Rene,ELB,RB,32,87,104,87,0,0.45549999999999996,15,21,1,6,2,11,1,0,21/22,B
Possehl,Julian,NOL,RB,36,86,45,86,0,0.6565000000000001,78,36,5,1,5,15,1,0,21/22,B
Muller,Justin,TUE,CB,35,85,56,85,0,0.6028,57,42,5,6,4,7,0,0,21/22,B
Kurch,Justin,COB,P,35,85,21,85,0,0.8019,3,27,1,5,10,24,1,0,21/22,B
Steidtmann,Janos,HRO,RW,31,85,37,65,20,0.6967,4,13,4,1,1,2,0,0,21/22,B
Gaubatz,Jan-Lars,HAG,RB,32,84,86,75,9,0.4941,34,16,5,1,0,4,0,0,21/22,B
Wucherpfennig,Lukas,ELB,RW,16,84,23,49,35,0.785,2,2,5,0,0,1,0,0,21/22,B
Rozman,Tim,TUE,RB,33,84,61,84,0,0.5793,80,54,4,10,1,11,0,0,21/22,B
Stefan,Tim,HAG,LB,34,83,91,83,0,0.47700000000000004,38,21,8,7,6,8,2,0,21/22,B
Link,Jonas,SGB,CB,35,82,68,82,0,0.5467,35,22,6,2,0,8,0,0,21/22,B
Mickal,Pavel,NOL,LW,36,82,53,74,8,0.6074,5,4,10,0,2,4,0,0,21/22,B
Stuber,Frederic,TVE,P,32,81,24,81,0,0.7714,14,18,7,16,10,27,4,0,21/22,B
Huter,Patrick,DOR,P,38,79,35,79,0,0.693,12,28,6,6,12,29,3,0,21/22,B
Lofstrom,Carl,VFL,P,30,79,39,79,0,0.6695,5,19,3,10,4,9,0,0,21/22,B
Danneberg,Yannick,DES,LB,32,79,75,76,3,0.513,57,27,4,12,3,7,0,0,21/22,B
Grbavac,Ante,DOR,LB,31,79,79,58,21,0.5,14,19,0,1,1,4,0,0,21/22,B
Walz,Peter,EIS,P,37,78,37,78,0,0.6783,19,31,5,10,10,36,3,0,21/22,B
Ignatow,Dimitri,TUE,RW,36,78,34,78,0,0.6964,7,10,10,0,1,6,0,0,21/22,B
Paraschiv,Sebastian,AUE,CB,36,77,51,77,0,0.6015999999999999,63,45,15,3,4,11,1,0,21/22,B
Styrmisson,Hakon Dadi,GUM,LW,16,76,29,61,15,0.7238,4,6,5,1,1,3,0,0,21/22,B
Vlahovic,Nikola,SGB,LB,38,75,79,75,0,0.48700000000000004,30,21,7,9,10,20,0,0,21/22,B
Kovacic,David,WÖW,P,36,75,29,75,0,0.7212000000000001,7,29,2,3,8,34,1,0,21/22,B
Schwabe,Jakob,TVE,P,37,74,18,74,0,0.8043,11,10,6,38,13,18,1,0,21/22,B
Santos,Raul,GUM,LW,31,74,28,73,1,0.7254999999999999,9,9,8,1,2,5,1,0,21/22,B
Sauer,Julian,WÖW,RW,36,74,42,74,0,0.6379,3,12,8,0,2,14,0,0,21/22,B
Strakeljahn,Simon,FER,CB,29,73,46,72,1,0.6134000000000001,28,20,1,2,2,1,0,0,21/22,B
Schult,Jan,VFL,LB,33,72,26,72,0,0.7347,15,14,5,9,9,13,1,0,21/22,B
Volzke,Tim,HRO,LB,27,72,53,72,0,0.5760000000000001,61,28,3,10,2,15,0,0,21/22,B
Kretschmer,Finn,VFL,RW,32,72,39,72,0,0.6486,5,13,11,0,4,9,0,0,21/22,B
Asmussen,Philipp,HRO,RB,30,72,52,72,0,0.5806,32,31,4,0,0,8,0,0,21/22,B
Bandlow,Frieder,TVG,RB,37,72,51,72,0,0.5854,55,39,7,0,6,12,0,0,21/22,B
Neuhold,Christoph,ELB,CB,36,71,66,71,0,0.5182,53,30,5,1,2,1,1,0,21/22,B
Emanuel,Oskar,ELB,RB,36,71,48,71,0,0.5966,11,5,6,1,3,7,0,0,21/22,B
Szczesny,Dennis,TUE,LB,36,70,58,70,0,0.5468999999999999,44,30,14,15,4,22,2,1,21/22,B
Jungemann,Philip,ELB,P,33,70,19,70,0,0.7865000000000001,13,18,6,23,8,34,2,0,21/22,B
Schneider,Julian,FER,CB,36,70,43,70,0,0.6195,30,26,2,2,6,17,0,0,21/22,B
Schwarz,Philipp,TVH,LW,36,70,26,69,1,0.7292000000000001,2,10,5,0,1,1,1,0,21/22,B
Pechstein,Marc,HRO,LB,37,69,56,32,37,0.552,30,33,4,18,8,22,1,0,21/22,B
Hofmann,Jannik,LUD,LW,35,68,29,50,18,0.701,5,12,2,2,2,4,0,0,21/22,B
Corak,Dino,TVG,P,35,68,27,68,0,0.7158,11,16,5,10,4,22,0,0,21/22,B
Siegler,Lukas,FER,LB,31,67,55,67,0,0.5492,26,25,5,3,3,8,0,0,21/22,B
Neuhaus,Max,LUD,CB,36,67,40,48,19,0.6262,18,21,1,1,0,4,2,0,21/22,B
Pfeifer,Alexander,SGB,LW,37,67,34,67,0,0.6634,1,14,11,0,1,7,0,0,21/22,B
Senden,Alexander,DOR,LB,19,67,46,67,0,0.5929,21,22,2,1,4,10,0,0,21/22,B
Barthe,Paco,SGB,CB,36,66,36,66,0,0.6470999999999999,33,19,14,11,5,23,1,0,21/22,B
Nowatzki,Maximilian,TVE,RB,33,66,79,66,0,0.45520000000000005,58,35,8,0,3,11,0,0,21/22,B
Eres,Josip,FER,RW,19,66,28,56,10,0.7021,7,10,13,0,0,1,0,0,21/22,B
Schliedermann,Marcel,TVE,CB,35,65,45,65,0,0.5909,36,33,1,0,1,8,1,0,21/22,B
Torbrugge,Nils,NOL,P,29,65,13,65,0,0.8332999999999999,5,14,3,18,2,16,0,0,21/22,B
Rink,Thomas,TVG,P,37,65,20,65,0,0.7646999999999999,7,24,4,19,5,15,0,0,21/22,B
Lossner,Richard,HRO,RW,36,65,42,65,0,0.6075,2,5,10,0,0,4,1,0,21/22,B
Dahlhaus,Tim,SGB,RB,35,64,72,64,0,0.4706,26,18,5,5,0,22,1,0,21/22,B
Seidel,Lasse,NOL,LW,31,63,24,63,0,0.7241,7,5,10,2,1,2,0,0,21/22,B
Runarsson,Anton,TVE,CB,37,63,58,63,0,0.5207,65,47,1,0,0,2,0,0,21/22,B
Eisel,Marc-Robin,LUD,CB,37,63,38,62,1,0.6238,32,25,4,0,1,5,1,0,21/22,B
Schramm,Ole,TVE,LB,19,62,52,62,0,0.5439,29,26,1,4,1,8,0,0,21/22,B
Wilhelm,Christian,HRO,P,36,62,20,62,0,0.7561,5,5,1,9,2,6,0,0,21/22,B
Dangers,Markus,TUE,P,32,61,30,61,0,0.6703,8,20,1,1,0,6,1,0,21/22,B
Seesing,Aron,DOR,P,37,61,24,61,0,0.7176,8,22,10,11,6,25,0,0,21/22,B
Rompf,Christian,TVH,LW,35,59,40,54,5,0.596,8,1,3,4,7,15,0,0,21/22,B
Schaffer,Jan,COB,P,37,59,23,59,0,0.7195,22,14,15,25,7,19,0,0,21/22,B
Skorupa,Paul,VFL,P,34,59,25,59,0,0.7023999999999999,0,9,8,6,2,14,0,0,21/22,B
Stavast,Ivar,ELB,CB,33,58,58,58,0,0.5,51,36,7,4,5,18,1,0,21/22,B
Zorb,Moritz,TVH,P,34,57,22,57,0,0.7215,5,14,6,14,10,21,4,0,21/22,B
Stuber,Jonas,GUM,P,38,57,15,56,1,0.7917000000000001,1,12,0,0,1,1,0,0,21/22,B
Gonschor,Fynn,VFL,LW,36,57,20,57,0,0.7403,2,14,3,0,0,8,0,0,21/22,B
Herzig,Fynn,GUM,LB,27,56,31,56,0,0.6437,35,18,6,3,1,7,0,0,21/22,B
Pretzewofsky,Jan,ASV,RW,38,55,17,55,0,0.7639,7,4,7,0,0,1,0,0,21/22,B
Schauer,Kuno,TVG,CB,36,55,43,55,0,0.5611999999999999,30,28,3,0,0,3,0,0,21/22,B
Karle,Felix,WÖW,RW,37,55,22,55,0,0.7143,5,6,4,0,3,2,0,0,21/22,B
Schrader,Janik,VFL,RB,32,54,32,32,22,0.6279,8,15,2,0,3,3,0,0,21/22,B
Keskic,Enes,LUD,LW,38,53,27,53,0,0.6625,6,9,5,1,0,4,0,0,21/22,B
Egilsnes,Aki,AUE,RB,35,52,35,52,0,0.5977,43,29,0,4,4,11,0,0,21/22,B
Seidler,Oliver,DES,P,23,52,28,52,0,0.65,11,12,10,12,4,24,1,0,21/22,B
Scheithauer,Max,DES,LB,30,51,52,51,0,0.4951,69,34,5,3,7,8,1,0,21/22,B
Voss-Fels,Kim,FER,RB,23,51,51,50,1,0.5,23,15,0,0,4,7,0,0,21/22,B
Janssen,Robin,TVE,LB,18,51,37,51,0,0.5795,31,27,7,5,3,7,0,0,21/22,B
Bicer,Gorkem,TVG,RW,31,50,19,45,5,0.7245999999999999,4,6,3,0,1,2,0,0,21/22,B
Grgic,Mislav,DOR,LB,17,50,30,45,5,0.625,11,17,2,1,0,1,1,0,21/22,B
Persson,Jorn,FER,CB,38,50,28,50,0,0.6409999999999999,38,30,4,0,1,2,0,0,21/22,B
Weyhrauch,Willy,EIS,RW,35,49,31,49,0,0.6125,5,12,6,0,1,4,0,0,21/22,B
Remmlinger,Jan,LUD,LB,21,49,49,49,0,0.5,52,21,2,0,1,6,0,0,21/22,B
Asmuth,Jan,SGB,LW,27,48,15,48,0,0.7619,6,4,13,0,1,5,0,0,21/22,B
Rudiger,Tim,FER,RW,27,48,31,48,0,0.6076,2,2,3,0,1,1,0,0,21/22,B
Meyer-Siebert,Julius,LUD,LB,18,48,44,48,0,0.5217,13,18,0,7,1,5,0,0,21/22,B
Mast,Tim,DOR,LW,2,48,38,48,0,0.5581,8,17,7,0,0,2,0,0,21/22,B
Fujita,Ryuga,TVH,RW,38,48,26,48,0,0.6486,10,5,1,0,0,0,0,0,21/22,B
Langhans,Gabor,TVE,RB,11,46,52,46,0,0.4694,17,12,1,4,1,8,0,0,21/22,B
Bruhn,Jasper,VFL,RB,32,46,53,46,0,0.4646,25,18,6,6,3,15,0,0,21/22,B
Kalafut,Dominik,NOL,P,36,46,12,46,0,0.7931,1,22,3,3,7,20,2,0,21/22,B
Diebel,Niklas,FER,LB,36,46,51,46,0,0.4742,28,21,3,0,2,4,0,0,21/22,B
Ostenberg,Orn Vesteinsson,TVE,LB,19,45,44,45,0,0.5056,18,20,0,1,1,1,0,0,21/22,B
Terwolbeck,Alexander,NOL,CB,30,44,25,44,0,0.6377,47,26,0,0,0,1,0,0,21/22,B
Reichl,Vit,TVH,P,19,44,16,44,0,0.7333,0,15,0,0,0,1,0,0,21/22,B
Zeman,Stepan,GUM,P,37,44,13,44,0,0.7719,9,22,7,41,11,35,0,0,21/22,B
Runarsson,Tumi Steinn,COB,CB,21,43,29,40,3,0.5972,37,27,1,0,0,2,0,0,21/22,B
Jaeger,Felix,WÖW,LB,27,42,42,42,0,0.5,30,16,0,1,1,1,0,0,21/22,B
Klenk,Moritz,TVG,LW,38,42,35,42,0,0.5455,3,10,7,0,2,5,1,0,21/22,B
Fontaine,Daniel,NOL,LB,37,41,50,41,0,0.45049999999999996,45,27,7,5,1,4,0,0,21/22,B
Wohler,Adrian,EIS,LW,34,41,15,33,8,0.7321,0,3,2,0,0,3,0,0,21/22,B
Bohm,Lukas,WÖW,RB,33,41,53,41,0,0.4362,25,18,2,1,1,6,0,0,21/22,B
Schutze,Maximilian,HRO,P,37,41,29,41,0,0.5857,4,10,1,2,2,2,0,0,21/22,B
Kolk,Paul,TVE,LW,36,41,19,41,0,0.6833,3,2,8,1,0,6,0,0,21/22,B
Buergin,Theo Guenter,HAG,LW,38,41,28,41,0,0.5942000000000001,0,4,7,0,0,2,0,0,21/22,B
Duvancic,Valentino,FER,P,28,41,14,41,0,0.7454999999999999,3,13,4,14,4,12,0,0,21/22,B
Quade,Henning,ELB,P,33,40,19,37,3,0.6779999999999999,2,7,0,0,0,2,0,0,21/22,B
Hideg,Daniel,EIS,LB,24,40,51,40,0,0.4396,17,11,7,6,1,8,0,0,21/22,B
Dzialakiewicz,Szymon,GUM,RB,37,40,54,40,0,0.4255,26,16,1,0,0,3,0,0,21/22,B
Schneider,Timm,GUM,CB,33,39,34,39,0,0.5342,52,18,8,8,1,15,1,0,21/22,B
Brielmeier,Benedikt,WÖW,LB,23,39,49,39,0,0.4432,15,12,5,4,2,9,0,0,21/22,B
Schmidt,Jesper,HRO,LW,29,39,19,39,0,0.6724,2,5,5,1,0,6,2,0,21/22,B
Kohnagel,Per Oke,HRO,CB,31,38,19,38,0,0.6667000000000001,112,54,3,0,0,5,0,0,21/22,B
Biernacki,Patryk,DOR,LB,26,38,39,36,2,0.4935,20,20,3,1,3,8,0,0,21/22,B
Dimietrievski,Darko,TVE,LB,38,38,41,38,0,0.48100000000000004,44,32,2,2,2,7,1,0,21/22,B
Gliese,Lennart,DES,RB,24,37,20,37,0,0.6491,2,4,2,1,1,9,3,0,21/22,B
Klimek,Christian,LUD,P,28,36,18,36,0,0.6667000000000001,9,23,2,18,4,23,1,0,21/22,B
Eisentrager,Florian,TVG,LW,21,36,17,34,2,0.6792,6,8,4,0,1,5,0,0,21/22,B
de Boer,Luca,NOL,P,37,36,19,36,0,0.6545000000000001,10,17,3,22,6,24,3,0,21/22,B
Preller,Max,COB,LW,29,35,22,32,3,0.614,3,6,3,0,2,1,0,0,21/22,B
Vanco,Marek,ELB,LW,38,34,15,34,0,0.6939,6,6,8,0,1,1,0,0,21/22,B
Leu,Tillman,DES,P,35,34,17,34,0,0.6667000000000001,5,6,3,11,4,15,2,0,21/22,B
Durak,Pascal,LUD,RW,17,33,19,21,12,0.6346,2,7,1,0,0,0,0,0,21/22,B
Schneider,Lucas,FER,RB,34,33,36,33,0,0.4783,16,10,1,2,2,11,1,0,21/22,B
Slachta,Petr,AUE,P,37,33,7,33,0,0.825,14,13,9,17,7,15,1,0,21/22,B
Klein,Jannek,LUD,RB,13,32,20,32,0,0.6154,21,9,3,1,0,4,0,0,21/22,B
Potisk,Martin,EIS,CB,33,32,17,32,0,0.6531,21,15,1,1,0,1,0,0,21/22,B
Ohler,Max,SGB,LW,32,32,25,32,0,0.5614,10,12,3,0,1,9,0,0,21/22,B
Mehler,Dennis,HRO,P,38,32,14,32,0,0.6957,5,5,8,27,9,23,4,0,21/22,B
Bielzer,Tim,DES,P,38,31,17,31,0,0.6457999999999999,14,16,8,18,5,17,0,0,21/22,B
Becker,Alexander,HAG,P,20,30,4,30,0,0.8824,7,6,8,19,3,11,0,0,21/22,B
Sudmeier,Soren,ASV,CB,27,30,24,30,0,0.5556,12,11,1,0,1,4,0,0,21/22,B
Ellwanger,Jonas,TUE,CB,20,30,21,30,0,0.5882000000000001,25,14,7,2,1,7,1,0,21/22,B
Sousa,Ruben,EIS,P,38,30,11,30,0,0.7317,3,11,4,0,4,15,0,0,21/22,B
Haider,Maximilian,LUD,P,22,29,10,29,0,0.7436,8,12,0,7,5,15,2,0,21/22,B
Klein,Johannes,TVH,LB,34,29,20,29,0,0.5918,7,3,9,3,3,23,3,0,21/22,B
Knauer,Jakob,COB,RB,26,29,14,29,0,0.6744,8,10,2,0,1,1,0,0,21/22,B
Mubenzem,Dieudonne,COB,RB,34,29,23,29,0,0.5577000000000001,15,8,2,2,2,1,0,0,21/22,B
Visser,Sander,NOL,RW,36,29,19,28,1,0.6042000000000001,3,4,5,0,0,0,0,0,21/22,B
Steinhaus,Soren,DOR,CB,30,29,23,28,1,0.5577000000000001,20,17,2,1,0,2,0,0,21/22,B
Sterba,Jakub,DOR,RW,16,28,16,28,0,0.6364,6,11,8,0,4,10,0,0,21/22,B
Dietrich,Gunnar,LUD,LB,38,27,19,27,0,0.5870000000000001,24,16,4,48,8,20,2,0,21/22,B
Meddeb,Yessine,LUD,RB,32,27,19,27,0,0.5870000000000001,5,8,2,1,0,1,0,0,21/22,B
Kneer,Stefan,TVH,LB,37,26,27,26,0,0.49060000000000004,14,8,6,6,2,13,0,0,21/22,B
Hermann,Alexander,GUM,LB,19,26,27,26,0,0.49060000000000004,11,9,0,3,0,6,0,0,21/22,B
Neumann,Nicolas,DES,LW,37,26,16,21,5,0.619,0,3,3,2,0,2,0,0,21/22,B
Ritterbach,Joscha,VFL,LW,13,25,13,25,0,0.6579,4,5,5,0,2,1,0,0,21/22,B
Mizumachi,Kotaro,VFL,CB,34,25,26,25,0,0.4902,11,13,3,0,0,3,0,0,21/22,B
Jerebie,Julian Ernest,AUE,P,18,24,8,24,0,0.75,4,17,1,4,3,21,1,0,21/22,B
Miedema,Patrick,NOL,CB,34,23,26,23,0,0.4694,15,15,0,2,1,1,0,0,21/22,B
Mikita,Matej,ASV,LB,32,23,21,23,0,0.5227,22,9,1,17,6,18,1,0,21/22,B
Fanger,Julius,GUM,CB,33,23,15,23,0,0.6053000000000001,7,9,0,1,0,2,0,0,21/22,B
Hahn,Tobias,TVH,RW,24,22,13,15,7,0.6286,4,3,0,1,0,1,0,0,21/22,B
Buschmann,Arseniy,ELB,CB,35,22,13,22,0,0.6286,21,17,7,0,5,15,0,0,21/22,B
Andrejew,Daniel,HAG,P,12,22,5,22,0,0.8148000000000001,2,3,1,1,1,1,0,0,21/22,B
Engelhardt,Alexander,ASV,P,38,22,10,22,0,0.6875,1,3,0,4,0,1,0,0,21/22,B
Ulshofer,Jonas,EIS,CB,34,22,19,22,0,0.5366,12,14,0,0,0,2,0,0,21/22,B
Merk,Alexander,WÖW,P,32,22,4,22,0,0.8462000000000001,4,2,5,1,3,5,0,0,21/22,B
Boschen,Nils,SGB,P,34,21,12,21,0,0.6364,6,6,5,2,3,18,1,0,21/22,B
Wasielewski,Johannes,NOL,RB,17,21,22,21,0,0.48840000000000006,15,14,1,2,3,10,0,0,21/22,B
Schneider,Nico,AUE,LB,15,21,15,21,0,0.5832999999999999,6,10,1,1,2,9,0,0,21/22,B
Bergner,Tom,TUE,P,19,21,14,21,0,0.6,5,11,0,0,1,5,0,0,21/22,B
Neagu,Stefan Valentin,WÖW,P,21,21,8,21,0,0.7241,3,3,1,6,3,8,0,0,21/22,B
Bauer,Stefan,COB,P,29,21,6,21,0,0.7778,1,9,0,4,1,13,1,0,21/22,B
Mihaljevic,Rene,TVE,P,38,21,6,21,0,0.7778,4,7,3,12,4,12,1,0,21/22,B
Athanassoglou,Julian,HAG,RW,37,19,10,18,1,0.6552,0,6,3,1,0,3,0,0,21/22,B
Reuland,Joshua,DOR,LW,10,18,10,12,6,0.6429,0,1,1,0,0,1,0,0,21/22,B
Kiesler,Tom,GUM,LB,38,18,5,18,0,0.7826000000000001,18,6,15,13,6,10,1,0,21/22,B
Opitz,Phillip,TVH,RB,28,18,13,18,0,0.5806,3,5,3,3,0,8,0,0,21/22,B
Renninger,Julian,HAG,P,14,17,5,17,0,0.7726999999999999,2,3,6,5,4,5,0,0,21/22,B
Dicker,Daniel,EIS,LB,38,17,14,17,0,0.5484,18,5,5,24,5,34,1,0,21/22,B
Rikhardsson,Odinn Thor,GUM,RW,3,17,5,17,0,0.7726999999999999,0,0,0,0,0,0,0,0,21/22,B
Karvatski,Artur,DOR,RB,8,17,17,15,2,0.5,5,4,1,0,0,0,0,0,21/22,B
Schutze,Alexander,HRO,RB,15,17,10,17,0,0.6296,6,4,2,0,1,1,0,0,21/22,B
Baumgarten,Simon,WÖW,P,13,16,7,16,0,0.6957,4,6,2,2,5,6,0,0,21/22,B
Meyer,Philipp,WÖW,P,24,16,9,16,0,0.64,10,5,9,18,9,21,2,0,21/22,B
Reimann,Alexander,ASV,LW,34,16,12,16,0,0.5714,3,0,5,0,0,2,0,0,21/22,B
Haseler,Mathis,GUM,RW,17,16,4,16,0,0.8,1,3,3,0,0,3,0,0,21/22,B
Meschke,Benjamin,ASV,P,20,15,9,15,0,0.625,3,4,1,3,4,15,2,0,21/22,B
Durr,Linus,WÖW,LW,31,15,7,15,0,0.6818000000000001,2,1,2,0,0,0,0,0,21/22,B
Ribeiro,Joel,TVH,LB,15,15,11,14,1,0.5769,9,7,0,2,0,2,0,0,21/22,B
Jockel,Patrick,TVH,P,29,15,7,15,0,0.6818000000000001,1,6,1,2,0,5,0,0,21/22,B
Kister,Lukas,HAG,CB,31,14,13,14,0,0.5185,18,6,4,6,0,2,0,0,21/22,B
Donker,Malte,EIS,RB,35,14,9,14,0,0.6087,19,16,3,2,0,9,0,0,21/22,B
Juskenas,Lukas,COB,CB,32,14,20,14,0,0.4118,24,15,2,0,0,0,0,0,21/22,B
Dettenthaler,Felix,COB,LW,15,14,4,12,2,0.7778,0,1,2,0,0,0,0,0,21/22,B
Thomas,Julian,TVE,RW,38,14,16,14,0,0.4667,1,5,1,0,0,3,0,0,21/22,B
Bratzke,Niko,HAG,CB,29,14,17,14,0,0.45159999999999995,8,7,2,1,3,5,0,0,21/22,B
Schulz,Michael,ELB,P,24,13,7,13,0,0.65,7,5,1,8,4,12,0,0,21/22,B
Buhrer,Pascal,LUD,CB,7,13,2,13,0,0.8667,12,3,3,0,1,0,0,0,21/22,B
Klein,Luca,HAG,CB,19,13,9,13,0,0.5909,8,6,0,0,0,1,0,0,21/22,B
Waschul,Martin,VFL,CB,26,12,1,12,0,0.9231,3,4,4,13,6,19,2,0,21/22,B
Richter,Benjamin,DOR,CB,5,12,15,11,1,0.44439999999999996,10,5,0,0,0,0,0,0,21/22,B
Potratz,Mattis,VFL,LW,27,12,8,12,0,0.6,2,0,0,0,0,1,0,0,21/22,B
Klepp,Vincent Emilio,ELB,RW,22,12,7,11,1,0.6315999999999999,1,0,2,0,0,1,0,0,21/22,B
Ebert,Pascal,AUE,LW,16,11,4,10,1,0.7333,1,2,0,0,1,1,0,0,21/22,B
Glatthard,Viktor,TUE,P,37,11,5,11,0,0.6875,5,3,5,5,5,8,2,0,21/22,B
Haeske,Malvin,DES,RB,30,11,14,11,0,0.44,4,2,1,0,0,1,0,0,21/22,B
Bombelka,Elias,AUE,RW,26,11,5,11,0,0.6875,0,4,0,0,0,3,0,0,21/22,B
Weit,Dennis,TVG,CB,27,10,13,10,0,0.43479999999999996,4,6,1,1,2,6,0,0,21/22,B
Zboril,Jakub,HRO,LW,21,10,7,10,0,0.5882000000000001,0,1,3,0,0,4,0,0,21/22,B
Leitz,Lennart,DOR,RW,24,10,11,6,4,0.47619999999999996,0,0,2,0,0,1,0,0,21/22,B
Beckers,Janis,DOR,RB,3,10,2,10,0,0.8332999999999999,1,4,0,0,0,1,0,0,21/22,B
Ranke,Fynn,VFL,P,8,9,4,9,0,0.6923,1,4,1,3,1,2,0,0,21/22,B
Vekic,Josip,TVE,RB,13,9,15,9,0,0.375,10,8,0,1,0,2,0,0,21/22,B
Ravensbergen,Bart,NOL,GK,28,9,4,9,0,0.6923,6,1,0,0,0,1,0,0,21/22,B
Seidel,Malte,TUE,LB,31,8,1,8,0,0.8889,11,1,5,18,4,10,0,0,21/22,B
Iffert,Hannes,EIS,P,31,8,0,8,0,1.0,1,1,0,0,0,1,0,0,21/22,B
Kasai,Oleksandr,FER,LW,6,8,4,6,2,0.6667000000000001,0,1,2,1,0,1,0,0,21/22,B
Zurga,Jaka,DOR,LW,27,8,10,8,0,0.44439999999999996,1,2,0,0,0,2,0,0,21/22,B
Sova,Daniel,AUE,LB,18,8,5,8,0,0.6154,4,0,0,0,0,0,0,0,21/22,B
Job,Stefan,LUD,P,6,7,2,7,0,0.7778,0,1,0,0,1,1,0,0,21/22,B
Franke,Luis,WÖW,LB,2,7,2,7,0,0.7778,0,2,1,0,0,0,0,0,21/22,B
Wellner,Leon,ELB,P,13,7,2,7,0,0.7778,0,0,0,0,0,1,0,0,21/22,B
Schroven,Finn,GUM,RW,13,7,3,4,3,0.7,3,0,1,0,0,1,0,0,21/22,B
Koloper,Branimir,FER,P,38,6,1,6,0,0.8571,6,4,2,19,8,29,3,0,21/22,B
Lux,Kevin,AUE,P,18,6,4,6,0,0.6,0,0,0,9,5,11,0,0,21/22,B
Baumgart,Luka,DES,CB,19,6,2,6,0,0.75,10,4,3,6,5,13,1,0,21/22,B
Schikora,Paul,COB,RW,21,6,4,6,0,0.6,0,3,0,0,0,3,0,0,21/22,B
Fuchs,Markus,ASV,LB,25,5,1,5,0,0.8332999999999999,5,4,4,16,7,15,3,0,21/22,B
Faulenbach,Jonas,FER,LB,3,5,3,5,0,0.625,4,5,0,0,0,2,0,0,21/22,B
Petursson,Sveinbjorn,AUE,GK,35,5,1,5,0,0.8332999999999999,1,0,0,0,0,0,0,0,21/22,B
Babarskas,Povilas,TVG,RB,36,5,5,5,0,0.5,6,4,2,20,10,18,1,0,21/22,B
Ivanisevic,Tibor,GUM,GK,38,5,4,5,0,0.5556,13,3,0,0,0,0,0,0,21/22,B
Simonsen,Christian Ole,DOR,GK,31,5,1,5,0,0.8332999999999999,2,0,0,0,0,0,0,0,21/22,B
Urban,Mario,SGB,RW,29,5,7,5,0,0.4167,1,0,2,0,0,0,0,0,21/22,B
Patzel,Jonas,NOL,LB,23,5,9,5,0,0.35710000000000003,0,3,0,0,0,1,0,0,21/22,B
Kooij,Lars Mitchell,ASV,P,13,5,2,5,0,0.7143,0,1,0,0,1,2,0,0,21/22,B
Rehfus,Lucas,DOR,LB,7,5,4,5,0,0.5556,1,2,0,0,0,0,0,0,21/22,B
Dutschke,Jannik,AUE,LW,29,5,4,5,0,0.5556,0,1,0,0,0,1,0,0,21/22,B
Niestroj,Maurice,ELB,CB,5,5,2,5,0,0.7143,0,2,0,0,0,0,0,0,21/22,B
Minerva,Jan Steffen,TVG,GK,35,4,2,4,0,0.6667000000000001,6,4,1,0,0,0,0,0,21/22,B
Mallwitz,Marino,WÖW,GK,38,4,1,4,0,0.8,6,1,0,0,0,1,0,0,21/22,B
Topfer,Erik,AUE,GK,36,4,5,4,0,0.44439999999999996,14,3,0,0,1,0,1,0,21/22,B
Kamper,Jonas,TUE,LB,7,4,1,4,0,0.8,0,1,0,0,0,0,0,0,21/22,B
Queckenstedt,Jonas,HAG,CB,16,4,9,4,0,0.3077,4,5,0,0,0,0,0,0,21/22,B
Puhl,Lucas,FER,GK,26,3,0,3,0,1.0,7,1,1,0,0,0,0,0,21/22,B
Ambrosius,Philip,DES,GK,37,3,0,3,0,1.0,25,13,0,0,0,0,0,0,21/22,B
Plaue,Dominik,TVH,GK,37,3,2,3,0,0.6,0,0,0,0,0,0,0,0,21/22,B
Wieser,Andreas,WÖW,GK,38,3,2,3,0,0.6,3,0,0,0,0,0,0,0,21/22,B
Sorda,Nikola,LUD,P,5,3,0,3,0,1.0,0,0,0,0,0,0,0,0,21/22,B
Nagy,Martin,GUM,GK,36,3,3,3,0,0.5,6,0,0,0,0,0,0,0,21/22,B
Lucin,Fran,EIS,GK,22,3,0,3,0,1.0,3,0,1,0,0,1,0,0,21/22,B
Homscheid,Nils,TUE,CB,16,3,2,2,1,0.6,3,0,0,0,0,0,0,0,21/22,B
Gansau,Elias,DES,LB,9,3,4,3,0,0.4286,1,1,0,0,0,1,0,0,21/22,B
Reidegeld,Jona,TUE,RW,5,3,1,3,0,0.75,0,0,0,0,0,0,0,0,21/22,B
Koster,Moritz,DOR,LB,5,3,1,3,0,0.75,0,0,0,0,0,0,0,0,21/22,B
Maier,Jonas,NOL,GK,15,2,0,2,0,1.0,4,0,0,0,0,0,0,0,21/22,B
Mehrkens,Felix,HRO,CB,12,2,2,2,0,0.5,3,3,0,0,0,1,0,0,21/22,B
Poltrum,Konstantin,SGB,GK,36,2,1,2,0,0.6667000000000001,7,0,0,0,0,0,0,0,21/22,B
Buhrmester,Bjorn,NOL,GK,30,2,1,2,0,0.6667000000000001,3,1,0,0,0,0,0,0,21/22,B
Beemsterboer,Jaap,HAG,LB,3,2,0,2,0,1.0,2,1,1,0,0,0,0,0,21/22,B
Mohs,Max,ELB,GK,33,2,0,2,0,1.0,2,1,0,0,0,0,0,0,21/22,B
Grzesinski,Mats,HAG,GK,37,2,2,2,0,0.5,3,2,0,0,0,1,0,0,21/22,B
Dasburg,Oliver,DOR,LB,4,2,2,2,0,0.5,5,2,0,0,0,1,0,0,21/22,B
Adanir,Can,TVG,GK,37,2,0,2,0,1.0,1,0,0,0,0,0,0,0,21/22,B
Bozic,Vladimir,ASV,GK,34,1,0,1,0,1.0,10,0,0,0,0,1,0,0,21/22,B
Klockmann,Dennis,VFL,GK,25,1,2,1,0,0.3333,3,0,0,0,0,0,0,0,21/22,B
Kulhanek,Jan,COB,GK,36,1,1,1,0,0.5,19,0,0,0,0,0,0,0,21/22,B
Rentschler,Marco,SGB,RW,6,1,1,1,0,0.5,4,6,0,0,0,0,0,0,21/22,B
Asanin,Matej,LUD,GK,30,1,1,1,0,0.5,2,1,0,0,0,0,0,0,21/22,B
Mahncke,Tobias,HAG,GK,37,1,1,1,0,0.5,9,0,0,0,0,0,0,0,21/22,B
Roth,Felix,AUE,RW,11,1,0,1,0,1.0,0,2,0,0,0,1,0,0,21/22,B
Lehmann,Nick,SGB,GK,36,1,1,1,0,0.5,1,0,0,0,0,0,0,0,21/22,B
Witte,Leon,HRO,CB,2,1,0,1,0,1.0,1,1,0,0,0,0,0,0,21/22,B
Schauer,Franz,AUE,LB,30,1,8,1,0,0.11109999999999999,0,3,0,2,0,7,1,0,21/22,B
Buinenko,Evgeniy,TVE,LB,4,1,5,1,0,0.16670000000000001,1,2,0,0,0,1,0,0,21/22,B
Diedrich,Lukas,TUE,GK,33,1,0,1,0,1.0,8,0,0,0,0,0,0,0,21/22,B
Jepsen,Johannes,EIS,GK,38,1,1,1,0,0.5,7,1,0,0,0,1,0,0,21/22,B
Jochens,Jan,COB,GK,38,1,0,1,0,1.0,6,1,0,0,0,0,0,0,21/22,B
Uth,Till Bastian,TVH,P,3,1,0,1,0,1.0,0,0,0,0,0,0,0,0,21/22,B
Noack,Marius,ELB,GK,10,1,0,1,0,1.0,2,0,0,0,0,0,0,0,21/22,B
Lewandowski,Luca,TUE,LW,2,1,1,1,0,0.5,0,0,0,0,0,1,0,0,21/22,B
Bochmann,Pascal,AUE,GK,16,1,0,1,0,1.0,0,0,0,0,0,0,0,0,21/22,B
Viana,Gabriel,GUM,LW,5,1,2,1,0,0.3333,0,0,1,0,0,0,0,0,21/22,B
Susser,Lukas,SGB,P,6,1,0,1,0,1.0,0,0,0,0,0,0,0,0,21/22,B
Goldbeck,Leon,TVE,LB,4,1,0,1,0,1.0,0,0,0,0,0,0,0,0,21/22,B
Wellner,Julio,ELB,P,3,1,0,1,0,1.0,0,1,0,0,0,0,0,0,21/22,B
Huhnstock,Mario,ELB,GK,33,0,0,0,0,0.0,7,2,0,0,0,0,0,0,21/22,B
Bliss,Sebastian,TUE,GK,36,0,0,0,0,0.0,9,1,0,0,0,0,0,0,21/22,B
Leenders,Toon,NOL,P,2,0,0,0,0,0.0,0,0,0,0,0,0,0,0,21/22,B
Peribonio,Roko,LUD,GK,1,0,0,0,0,0.0,0,0,0,0,0,0,0,0,21/22,B
Michel,Jannis,FER,GK,2,0,0,0,0,0.0,0,0,0,0,0,0,0,0,21/22,B
Hertlein,Felix,ASV,GK,38,0,0,0,0,0.0,5,2,0,0,0,0,0,0,21/22,B
Welz,Pascal,SGB,GK,3,0,0,0,0,0.0,0,0,0,0,0,0,0,0,21/22,B
Schmidt,Daniel,DES,P,15,0,0,0,0,0.0,1,0,0,0,0,5,0,0,21/22,B
Meinl,Timo,ELB,GK,7,0,0,0,0,0.0,0,0,0,0,0,0,0,0,21/22,B
Bartels,Dennis,NOL,GK,4,0,0,0,0,0.0,0,1,0,0,0,0,0,0,21/22,B
Krechel,Oliver,TVE,GK,37,0,0,0,0,0.0,7,0,1,0,0,3,0,0,21/22,B
Wetzel,Robert,HRO,GK,34,0,0,0,0,0.0,1,1,0,0,0,0,0,0,21/22,B
Broy,Matthias Jan,DOR,GK,2,0,0,0,0,0.0,0,0,0,0,0,0,0,0,21/22,B
Rottschafer,Kai Bastian,FER,GK,30,0,0,0,0,0.0,5,0,0,0,0,0,0,0,21/22,B
Paske,Maurice,TVE,GK,38,0,0,0,0,0.0,16,5,1,0,0,1,0,0,21/22,B
Hottgenroth,Tim,FER,GK,24,0,0,0,0,0.0,3,0,0,0,0,0,0,0,21/22,B
Kraus,Marius,HAG,RW,2,0,0,0,0,0.0,0,0,0,0,0,0,0,0,21/22,B
Apfel,Fabian,COB,GK,18,0,0,0,0,0.0,3,1,0,0,0,0,0,0,21/22,B
Hoffmann,Robin,ELB,RW,1,0,0,0,0,0.0,0,0,0,0,0,0,0,0,21/22,B
Wesemann,Jan,ASV,GK,7,0,0,0,0,0.0,0,0,0,0,0,0,0,0,21/22,B
Juzbasic,Martin,DOR,GK,37,0,0,0,0,0.0,8,0,1,0,0,0,0,0,21/22,B
Fuchs,Arne,TUE,GK,8,0,0,0,0,0.0,1,0,0,0,0,0,0,0,21/22,B
Wicklein,Jan,FER,RW,1,0,0,0,0,0.0,0,0,0,0,0,0,0,0,21/22,B
Mehler,Leon,HRO,GK,34,0,0,0,0,0.0,1,0,0,0,0,1,0,0,21/22,B
Cirac,Manel,LUD,P,1,0,0,0,0,0.0,0,0,0,0,0,0,0,0,21/22,B
Urban,Lukas,SGB,LB,1,0,0,0,0,0.0,0,0,0,0,0,0,0,0,21/22,B
Valerio,Diogo,GUM,GK,3,0,0,0,0,0.0,1,0,0,0,0,0,0,0,21/22,B
Michel,Linus,FER,CB,5,0,0,0,0,0.0,0,0,0,0,0,0,0,0,21/22,B
Voncina,Blaz,VFL,GK,27,0,0,0,0,0.0,0,1,0,0,0,1,0,0,21/22,B
Hoblaj,Leon,LUD,GK,19,0,0,0,0,0.0,0,0,0,0,0,0,0,0,21/22,B
Prager,Tillmann,ELB,GK,1,0,0,0,0,0.0,0,0,0,0,0,0,0,0,21/22,B
Conrad,Nils,VFL,GK,26,0,0,0,0,0.0,3,0,0,0,0,0,0,0,21/22,B
Bohne,Simon,TVH,GK,29,0,0,0,0,0.0,0,0,0,0,0,0,0,0,21/22,B
Eichberger,Thomas,EIS,GK,15,0,0,0,0,0.0,0,0,0,0,0,0,0,0,21/22,B
Jurisic,David,ASV,RB,2,0,0,0,0,0.0,0,0,0,0,0,0,0,0,21/22,B
Klama,Joonas,DOR,GK,8,0,0,0,0,0.0,0,0,0,0,0,0,0,0,21/22,B
Kozubik,Vojta,AUE,RB,2,0,0,0,0,0.0,0,0,0,0,0,0,0,0,21/22,B
Panisic,Igor,HAG,P,3,0,0,0,0,0.0,0,0,0,0,0,0,0,0,21/22,B
Hagen,Melf,VFL,CB,5,0,0,0,0,0.0,0,0,0,0,0,0,0,0,21/22,B
Johannmeyer,Fynn,DOR,RB,21,0,0,0,0,0.0,0,0,0,0,0,0,0,0,21/22,B
Barth,Dario,FER,LW,1,0,0,0,0,0.0,0,0,0,0,0,0,0,0,21/22,B
Malek,Julian,DES,GK,37,0,0,0,0,0.0,1,0,0,0,0,0,0,0,21/22,B
Urbic,Ziga,LUD,GK,37,0,0,0,0,0.0,4,0,0,0,0,0,0,0,21/22,B
Ludorf,Benjamin,DOR,GK,1,0,0,0,0,0.0,0,0,0,0,0,0,0,0,21/22,B
Tschuri,Robert,WÖW,GK,1,0,0,0,0,0.0,0,0,0,0,0,0,0,0,21/22,B
Schoesse,Florian,ASV,CB,15,0,0,0,0,0.0,0,1,0,0,0,0,0,0,21/22,B
Tamms,Lukas,TVE,CB,5,0,0,0,0,0.0,0,0,0,0,0,0,0,0,21/22,B
Eickhoff,Bruno,GUM,P,1,0,0,0,0,0.0,0,0,0,0,0,0,0,0,21/22,B
Hoepfner,Noel Benjamin,TVH,LB,2,0,0,0,0,0.0,0,0,0,0,0,0,0,0,21/22,B
Ohm,Julian,TVG,GK,8,0,0,0,0,0.0,0,0,0,0,0,0,0,0,21/22,B
Koelsch,Niklas,ASV,CB,1,0,0,0,0,0.0,0,0,0,0,0,0,0,0,21/22,B
Waldgenbach,Jan,LUD,RB,1,0,0,0,0,0.0,0,0,0,0,0,0,0,0,21/22,B
Moussa,Noah,ASV,LB,3,0,0,0,0,0.0,0,0,0,0,0,0,0,0,21/22,B
Schaller,Tim,LUD,LW,2,0,0,0,0,0.0,0,0,0,0,0,0,0,0,21/22,B
Siegler,Julius,COB,CB,7,0,0,0,0,0.0,0,0,0,0,0,0,0,0,21/22,B
Maximilian,Eugler,DOR,P,7,0,0,0,0,0.0,0,0,0,2,0,2,0,0,21/22,B
Wolfram,Finn,DOR,P,5,0,0,0,0,0.0,0,0,0,0,0,0,0,0,21/22,B
Valkovskis,Janis Pavels,COB,LB,2,0,0,0,0,0.0,0,0,0,0,0,0,0,0,21/22,B
Goldbeck,Leon,TVE,LB,1,0,0,0,0,0.0,0,1,0,0,0,0,0,0,21/22,B
Stein,Daniel,DOR,RW,4,0,0,0,0,0.0,0,0,0,0,0,0,0,0,21/22,B
Schrammm,Silas,VFL,GK,5,0,0,0,0,0.0,0,0,0,0,0,0,0,0,21/22,B
Trager,Florian,DOR,RB,4,0,0,0,0,0.0,0,0,0,0,0,0,0,0,21/22,B
Kutt,Silas,WÖW,RW,2,0,0,0,0,0.0,0,0,0,0,0,0,0,0,21/22,B
Ewers,Jesse,HRO,GK,4,0,0,0,0,0.0,0,0,0,0,0,0,0,0,21/22,B
Ruspeler,Finn,TVH,GK,9,0,0,0,0,0.0,1,0,0,0,0,0,0,0,21/22,B
Schroter,Niklas,VFL,GK,2,0,0,0,0,0.0,0,0,0,0,0,0,0,0,21/22,B
Panzer,Ariel Alberto,VFL,GK,4,0,0,0,0,0.0,0,0,0,0,0,0,0,0,21/22,B
Uhl,Paul Ernst,HRO,GK,8,0,0,0,0,0.0,0,0,0,0,0,0,0,0,21/22,B
Speckmann,Silas,NOL,CB,5,0,0,0,0,0.0,0,0,0,0,0,0,0,0,21/22,B
Seidemann,Philipp,DES,GK,3,0,0,0,0,0.0,0,0,0,0,0,0,0,0,21/22,B
Meier,Kilian,HRO,P,1,0,0,0,0,0.0,0,0,0,0,0,0,0,0,21/22,B
Steinberg,Tom,HRO,LB,2,0,0,0,0,0.0,0,0,0,0,0,0,0,0,21/22,B
Bednar,Jan,HAG,CB,16,0,0,0,0,0.0,1,1,0,0,0,4,0,0,21/22,B
Schlafmann,Veit,LUD,RW,8,0,0,0,0,0.0,0,1,0,0,0,0,0,0,21/22,B
Martin,Nicolai,TVH,LW,1,0,0,0,0,0.0,0,0,0,0,0,0,0,0,21/22,B
Mund,Noah,COB,RW,4,0,0,0,0,0.0,0,0,1,0,0,0,0,0,21/22,B
Funke,Christopher-Robin,HAG,LW,1,0,0,0,0,0.0,0,0,0,0,0,0,0,0,21/22,B
Tietbohl,Nils,TVH,LB,1,0,0,0,0,0.0,0,0,0,0,0,0,0,0,21/22,B
Hochmuth,Moritz,HRO,RB,2,0,0,0,0,0.0,0,0,0,0,0,0,0,0,21/22,B
Titzmann,Tim,SGB,LB,2,0,0,0,0,0.0,0,0,0,0,0,0,0,0,21/22,B
Brenner,Vincent,SGB,RW,2,0,0,0,0,0.0,0,0,0,0,0,0,0,0,21/22,B
Umejiwgo,Wesley,HAG,GK,2,0,0,0,0,0.0,0,0,0,0,0,0,0,0,21/22,B
Werschkull,Finley,DOR,LW,1,0,0,0,0,0.0,0,0,0,0,0,0,0,0,21/22,B
Weller,Jonas,SGB,GK,2,0,0,0,0,0.0,0,0,0,0,0,0,0,0,21/22,B
Ingwald,Marc,HAG,RW,1,0,0,0,0,0.0,0,0,0,0,0,0,0,0,21/22,B
Holtz,Jan Frederik,TVE,GK,1,0,0,0,0,0.0,0,0,0,0,0,0,0,0,21/22,B
Krenz,Jonas,WÖW,P,2,0,0,0,0,0.0,0,0,0,0,0,1,0,0,21/22,B
Schmidt,Jan-Christian,DOR,P,1,0,0,0,0,0.0,0,0,0,0,0,0,0,0,21/22,B
Malchow,Viktor,HRO,GK,1,0,0,0,0,0.0,0,0,0,0,0,0,0,0,21/22,B
Schwaiger,Timo,ELB,LB,1,0,0,0,0,0.0,0,0,0,0,0,0,0,0,21/22,B
Hangstein,Fynn,EIS,CB,37,262,110,135,127,0.7043,65,39,6,0,3,16,0,0,22/23,B
Turchenko,Ihor,HCM,LB,36,241,177,186,55,0.5766,82,59,5,5,4,23,2,0,22/23,B
Weber,Ian,TVH,CB,37,226,136,145,81,0.6243,74,44,7,3,5,17,0,0,22/23,B
Loser,Timo,DES,LB,38,226,135,226,0,0.626,124,78,2,7,1,5,0,0,22/23,B
Wucherpfennig,Lukas,ELB,RW,36,220,72,121,99,0.7534000000000001,5,10,5,0,0,4,0,0,22/23,B
Beneke,Max Christoph,POT,RB,35,204,156,203,1,0.5667,77,75,6,2,0,11,0,0,22/23,B
Schafer,Christian,SGB,RW,35,202,60,90,112,0.7709999999999999,12,6,17,0,0,3,1,0,22/23,B
Skroblien,Tom,NLB,LW,34,197,64,106,91,0.7548,8,16,2,0,2,8,1,0,22/23,B
Norouzinezhad Gharehlou,Pouya,HAG,LB,37,194,128,192,2,0.6025,97,59,8,4,3,18,2,0,22/23,B
Schmidt,Patrick,WÖW,CB,37,192,167,143,49,0.5347999999999999,94,91,9,4,3,6,1,0,22/23,B
Gretarsson,Oddur,HBW,LW,34,190,50,101,89,0.7917000000000001,12,7,8,0,1,4,0,0,22/23,B
Sohmann,Vincent,DES,CB,38,185,79,119,66,0.7008,122,89,9,1,8,14,0,0,22/23,B
Hrstka,Jakub,DES,LW,37,181,63,134,47,0.7418,5,17,13,0,0,7,1,0,22/23,B
Speckmann,Jan-Eric,VFL,LW,32,174,41,97,77,0.8093,9,17,17,1,4,12,0,0,22/23,B
Pohle,Georg,NOL,LB,37,171,154,153,18,0.5262,100,78,7,29,7,30,2,0,22/23,B
Seidler,Oliver,WÖW,P,37,168,51,168,0,0.7670999999999999,20,31,19,21,7,31,2,0,22/23,B
Raguse,Mex,VFL,LB,36,163,87,163,0,0.652,79,53,20,7,4,17,4,0,22/23,B
Schneibel,Jannis,EIS,CB,36,161,114,161,0,0.5855,96,83,10,1,0,3,0,0,22/23,B
Morante Maldonado,Eloy,TUE,CB,35,157,90,134,23,0.6356,78,67,10,9,4,18,2,0,22/23,B
Klein,Jannek,LUD,RB,34,157,108,157,0,0.5925,60,47,9,4,4,8,0,0,22/23,B
Billek,Florian,COB,RW,28,152,44,106,46,0.7755,12,13,10,1,2,5,0,0,22/23,B
Wullenweber,Finn,TVG,LB,37,151,105,151,0,0.5898,52,48,11,11,9,36,5,0,22/23,B
Bandlow,Frieder,TVG,RB,38,150,92,114,36,0.6198,65,57,4,2,5,12,1,0,22/23,B
Claus,Dominik,SGB,RB,35,149,75,149,0,0.6652,75,75,16,4,2,10,0,0,22/23,B
Falk,Alexander,LUD,RW,38,148,52,145,3,0.74,3,8,10,1,0,4,1,0,22/23,B
De la Pena,Juan,SGB,CB,38,148,88,148,0,0.6271,79,45,22,6,5,9,0,0,22/23,B
Horiha,Dmytro,HCM,LB,38,147,153,146,1,0.49,109,89,8,12,5,37,4,0,22/23,B
Nissen,Marek,NLB,LB,37,146,109,146,0,0.5725,76,53,3,13,6,23,1,0,22/23,B
Busch,Pierre,HAG,RW,37,144,53,116,28,0.731,14,7,17,1,0,8,0,0,22/23,B
Herzig,Fynn,COB,LB,37,141,137,141,0,0.5072,80,60,8,3,2,10,0,0,22/23,B
Zacharias,Lion,LUD,LW,33,138,54,92,46,0.7188,0,11,6,2,0,1,1,0,22/23,B
Kaufmann,Steffen,WÖW,RB,35,137,123,137,0,0.5268999999999999,151,101,2,3,1,3,0,0,22/23,B
Spohn,Valentin,HAG,LB,35,135,126,135,0,0.5172,48,56,6,9,2,6,0,0,22/23,B
Strosack,Peter,NLB,RW,38,134,38,133,1,0.7791,22,22,12,1,0,6,0,0,22/23,B
Strosack,Moritz,HBW,RW,35,133,70,132,1,0.6552,13,15,16,0,2,1,0,0,22/23,B
Gress,Sebastian,ELB,CB,30,132,101,132,0,0.5665,72,38,3,7,2,2,0,0,22/23,B
Kammlodt,Adrian,TVG,LB,33,131,133,131,0,0.4962,49,61,7,7,3,15,0,0,22/23,B
Dumcius,Mindaugas,ELB,RB,37,131,129,125,6,0.5038,92,59,5,3,2,10,0,0,22/23,B
Reimer,Jan,DOR,RW,37,129,60,68,61,0.6825,0,7,5,0,0,6,0,0,22/23,B
Stavast,Ivar,ELB,CB,35,127,110,127,0,0.5359,93,69,14,2,4,21,0,0,22/23,B
Koder,Lukas,KON,RW,35,126,56,68,58,0.6923,5,13,2,2,0,6,0,0,22/23,B
Schrader,Janik,VFL,RB,38,122,53,86,36,0.6970999999999999,64,62,8,0,0,6,0,0,22/23,B
Michelberger,Lars,KON,LB,38,121,110,121,0,0.5238,26,31,0,4,6,23,1,0,22/23,B
Knezevic,David,KON,LB,37,120,100,120,0,0.5455,74,69,6,11,1,8,0,0,22/23,B
Muller,Justin,TUE,CB,36,119,86,106,13,0.5805,81,71,5,5,2,11,1,0,22/23,B
Genz,Jo Gerrit,NLB,RB,36,119,97,119,0,0.5509000000000001,45,23,1,4,1,6,0,0,22/23,B
Klingler,Felix,TUE,RW,32,118,47,69,49,0.7152,2,13,5,0,1,1,1,0,22/23,B
Emanuel,Max,DES,RB,35,117,92,117,0,0.5598,86,56,10,5,2,19,1,0,22/23,B
Hansson,Emil,POT,LB,36,116,85,116,0,0.5771000000000001,71,65,8,23,7,26,1,0,22/23,B
Steinhaus,Soren,DOR,CB,38,116,85,115,1,0.5771000000000001,54,52,3,3,2,12,0,0,22/23,B
Saul,Alexander,EIS,RB,37,115,57,113,2,0.6686,35,46,1,1,0,2,0,0,22/23,B
Schoch,Jona,HBW,LB,35,114,90,114,0,0.5588000000000001,89,41,3,19,5,26,1,0,22/23,B
Reuland,Joshua,DOR,LW,37,113,48,75,38,0.7019,4,12,2,0,0,2,0,0,22/23,B
Schmidt,Valentin,HAG,CB,34,112,68,67,45,0.6222,36,46,1,0,0,3,0,0,22/23,B
Schomig,Dominik,WÖW,LW,30,112,68,67,45,0.6222,11,8,4,1,0,2,1,0,22/23,B
Haider,Maximilian,LUD,P,32,112,21,112,0,0.8421,4,23,1,22,10,24,2,0,22/23,B
Theiss,Niklas,TVH,RB,37,112,106,112,0,0.5138,65,28,15,3,3,12,0,0,22/23,B
Gempp,Patrick,DES,P,37,111,32,111,0,0.7762,10,17,11,19,10,11,0,0,22/23,B
Akakpo,David Cyrill,POT,RW,38,111,52,111,0,0.6809999999999999,6,14,10,2,1,28,2,0,22/23,B
Tiutiunnyk,Dmytro,HCM,P,35,111,36,111,0,0.7551000000000001,9,21,4,10,9,33,4,0,22/23,B
Lindberg,Samuel,NOL,RW,32,109,72,109,0,0.6022,7,10,6,0,0,4,0,0,22/23,B
Corak,Dino,TVG,P,32,108,17,108,0,0.8640000000000001,6,20,6,2,3,10,0,0,22/23,B
Ciudad Benitez,Leon,VFL,P,37,108,38,108,0,0.7397,6,38,3,23,10,36,2,0,22/23,B
Pechstein,Marc,HRO,LB,32,107,89,87,20,0.5459,35,76,2,17,5,20,0,0,22/23,B
Wolf,Tom,SGB,LB,29,106,78,77,29,0.5761,47,39,4,7,4,11,0,0,22/23,B
Marschall,Tarek,NOL,CB,36,106,82,106,0,0.5638000000000001,20,29,5,1,0,7,0,0,22/23,B
Snajder,Ivan,EIS,LW,38,106,64,92,14,0.6235,34,19,27,7,3,24,3,0,22/23,B
Jaeger,Max,COB,LW,26,105,36,101,4,0.7447,6,10,4,1,1,4,0,0,22/23,B
Sauter,Moritz,POT,CB,33,105,81,91,14,0.5645,49,42,3,1,1,4,0,0,22/23,B
Fischer,Jonathan,SGB,P,38,104,35,104,0,0.7482,4,18,4,1,2,10,0,0,22/23,B
Kirschner,Tristan,TVH,RW,37,104,48,88,16,0.6842,3,12,10,0,3,8,0,0,22/23,B
Vorlicek,Philipp,HAG,RB,28,103,71,103,0,0.5920000000000001,54,43,5,1,2,6,0,0,22/23,B
Ingason,Daniel Thor,HBW,LB,37,103,74,103,0,0.5819,57,57,9,10,2,21,1,0,22/23,B
Fernandez Fernandez,Jaime,NOL,LW,24,102,43,59,43,0.7034,14,17,6,0,0,5,0,0,22/23,B
Sterba,Jakub,DOR,RW,36,101,35,84,17,0.7426,7,29,18,0,3,10,0,0,22/23,B
Karle,Felix,WÖW,RW,32,99,42,99,0,0.7021,4,5,9,0,2,5,0,0,22/23,B
Rose,Julius,WÖW,CB,31,99,80,99,0,0.5531,24,54,10,8,3,4,0,0,22/23,B
Kasai,Oleksandr,HCM,LW,37,98,58,81,17,0.6282,3,17,9,1,1,8,0,0,22/23,B
Schwarz,Philipp,TVH,LW,36,97,47,97,0,0.6736,7,5,10,1,0,6,0,0,22/23,B
Wilhelm,Christian,HRO,P,33,96,24,96,0,0.8,5,11,4,20,4,13,0,0,22/23,B
Patzel,Vojtech,VFL,LB,37,95,88,92,3,0.5191,75,51,3,2,2,4,0,0,22/23,B
ten Velde,Rutger,NLB,LW,37,94,33,72,22,0.7402,11,13,4,0,0,5,1,0,22/23,B
Steidtmann,Janos,HRO,RW,25,94,39,44,50,0.7068000000000001,1,7,3,2,0,1,0,0,22/23,B
Thomann,Gregor,KON,RW,31,93,35,59,34,0.7265999999999999,2,3,8,0,1,5,1,0,22/23,B
Eisentrager,Florian,TVG,LW,31,92,39,45,47,0.7023,3,11,11,0,3,9,1,0,22/23,B
Stegefelt,Markus,NOL,LB,35,92,84,56,36,0.5227,40,17,3,2,2,14,1,0,22/23,B
Kravchenko,Eduard,HCM,RW,38,92,29,91,1,0.7603,2,9,4,1,0,4,0,0,22/23,B
Tokic,Ante,EIS,RW,36,91,36,90,1,0.7165,10,14,11,1,1,6,2,0,22/23,B
Schneider,Timm,TVH,CB,28,90,58,85,5,0.6081,69,45,3,6,1,16,2,0,22/23,B
Denysov,Zakhar,HCM,LW,33,89,45,89,0,0.6642,38,47,5,5,3,13,0,0,22/23,B
Trost,Sebastian,LUD,CB,34,89,103,88,1,0.4635,100,61,4,13,2,10,1,0,22/23,B
Heinzelmann,Tobias,HBW,P,32,89,17,89,0,0.8395999999999999,10,11,4,7,3,25,1,0,22/23,B
Ebner,Dominik,NLB,RB,32,88,80,88,0,0.5238,51,37,2,5,0,2,0,0,22/23,B
Ottsen,Jonas,HRO,LB,31,88,71,88,0,0.5535,38,48,6,1,0,3,0,0,22/23,B
Velz,Alexander,SGB,LB,38,88,77,84,4,0.5333,57,46,0,0,1,2,0,0,22/23,B
Buhrer,Pascal,LUD,CB,36,88,59,87,1,0.5986,104,54,9,0,0,12,0,0,22/23,B
Possehl,Julian,NOL,RB,37,87,57,87,0,0.6042000000000001,70,61,10,2,1,10,1,0,22/23,B
Gruner,Tim,POT,LW,29,87,34,38,49,0.7190000000000001,1,4,3,1,0,4,1,0,22/23,B
Vistorop,Filip,HBW,LB,25,86,87,86,0,0.4971,86,56,6,6,3,4,0,0,22/23,B
Horner,Max,VFL,RB,25,86,54,86,0,0.6143,33,45,12,0,1,11,0,0,22/23,B
Misovych,David,DES,RW,38,86,39,86,0,0.688,4,13,5,7,2,4,1,0,22/23,B
Jukic,Josip,HAG,LW,32,86,44,86,0,0.6615000000000001,3,6,7,0,0,7,0,0,22/23,B
Wasielewski,Johannes,NOL,RB,32,85,46,85,0,0.6489,31,39,12,16,5,23,1,0,22/23,B
Seesing,Aron,DOR,P,32,85,24,85,0,0.7798,6,19,15,18,4,20,1,0,22/23,B
Volz,Patrick,HBW,LW,31,84,43,62,22,0.6614,6,7,5,2,0,0,0,0,22/23,B
Pust,Yannick-Marcos,DES,RW,30,83,28,83,0,0.7476999999999999,3,9,12,2,0,5,0,0,22/23,B
Kalafut,Dominik,NOL,P,38,82,24,80,2,0.7736,7,24,4,6,5,29,2,0,22/23,B
Rozman,Tim,TUE,RB,31,82,89,82,0,0.47950000000000004,60,71,4,3,3,7,1,0,22/23,B
Reichl,Vit,TVH,P,37,82,22,82,0,0.7885,2,26,5,6,1,10,0,0,22/23,B
Ossowski,Arkadiusz,COB,CB,38,82,74,69,13,0.5256000000000001,69,56,2,0,0,5,0,0,22/23,B
Kuntscher,David,TVH,RB,37,82,79,82,0,0.5093,41,21,4,0,0,3,0,0,22/23,B
Voss-Fels,Kim,HAG,RB,37,81,68,81,0,0.5436,40,33,7,6,4,7,0,0,22/23,B
Czako,Aron,KON,LW,38,81,58,81,0,0.5827,5,10,13,1,1,4,0,0,22/23,B
Grgic,Mislav,DOR,LB,34,80,80,78,2,0.5,55,56,1,1,2,6,0,0,22/23,B
Homscheid,Nils,TUE,CB,38,80,37,31,49,0.6838,29,23,0,0,0,0,0,0,22/23,B
Walz,Peter,EIS,P,37,79,38,79,0,0.6751999999999999,14,35,4,9,12,23,2,1,22/23,B
Bis,Bartlomiej,COB,P,32,79,21,79,0,0.79,6,33,6,9,6,23,1,0,22/23,B
Huter,Ian,DOR,CB,36,77,72,77,0,0.5168,91,51,16,9,4,10,1,0,22/23,B
Erifopoulos,Christos,KON,CB,38,77,49,68,9,0.6111,73,50,3,2,3,11,0,0,22/23,B
Szczesny,Dennis,TUE,LB,28,76,36,76,0,0.6786,18,27,4,10,4,18,2,0,22/23,B
Meuser,Andre,DOR,RB,30,76,85,76,0,0.47200000000000003,26,43,0,5,3,10,0,0,22/23,B
Fuss,Merlin,COB,RB,36,76,72,76,0,0.5135000000000001,59,50,10,2,3,5,0,0,22/23,B
Schreiber,Hendrik,TVH,LB,29,75,58,75,0,0.5639,52,30,8,7,4,9,0,0,22/23,B
Beckmann,Fynn,KON,RB,36,74,81,74,0,0.47740000000000005,61,63,4,2,3,10,0,0,22/23,B
Runarsson,Tumi Steinn,COB,CB,23,74,57,52,22,0.5649000000000001,39,49,0,0,0,1,0,0,22/23,B
Ingenpass,Niklas,KON,P,37,74,32,74,0,0.6981,10,22,5,9,4,33,1,0,22/23,B
Senden,Alexander,DOR,LB,32,74,68,74,0,0.5211,19,31,0,8,2,20,1,0,22/23,B
Werschkull,Finley,TUE,LW,35,74,39,74,0,0.6548999999999999,3,8,7,0,0,12,0,0,22/23,B
Blyzniuk,Illia,HCM,RB,38,73,72,73,0,0.5034000000000001,40,70,2,2,0,6,2,0,22/23,B
Schaller,Tim,LUD,LW,27,73,30,25,48,0.7087,1,5,1,0,0,2,0,0,22/23,B
Wiederstein,Fabian,SGB,P,38,72,25,72,0,0.7423000000000001,10,17,8,21,11,27,1,0,22/23,B
Schaffer,Jan,COB,P,32,72,18,72,0,0.8,10,15,5,15,7,17,2,0,22/23,B
Witte,Nick,HRO,LW,29,72,42,69,3,0.6315999999999999,0,12,12,1,0,9,0,0,22/23,B
Stotz,Michel,KON,P,36,72,31,72,0,0.6990000000000001,14,16,4,3,6,21,0,0,22/23,B
Thummler,Jonas,HRO,P,30,71,26,71,0,0.732,5,13,3,6,2,8,0,0,22/23,B
Jungemann,Philip,ELB,P,28,71,23,71,0,0.7553,8,25,2,15,3,20,1,0,22/23,B
Vlahovic,Nikola,SGB,LB,37,71,80,71,0,0.4702,45,42,8,20,7,25,0,0,22/23,B
Petreikis,Benas,NLB,CB,38,70,58,70,0,0.5468999999999999,53,48,0,1,0,6,0,0,22/23,B
Pfeifer,Alexander,SGB,LW,27,70,24,67,3,0.7447,2,6,7,0,0,3,0,0,22/23,B
Mast,Tim,TUE,LW,37,70,34,70,0,0.6731,7,15,9,3,1,2,0,0,22/23,B
Dangers,Markus,TUE,P,32,69,23,69,0,0.75,11,34,1,2,4,17,0,0,22/23,B
Ohler,Max,SGB,LW,37,69,40,69,0,0.633,4,12,11,1,1,7,0,0,22/23,B
Schmidt,Jesper,HRO,LW,27,69,37,30,39,0.6509,0,9,4,1,2,3,0,0,22/23,B
Weyhrauch,Willy,EIS,RW,33,67,28,67,0,0.7053,9,13,13,0,1,12,0,0,22/23,B
Petrovsky,Leos,NLB,P,38,67,19,67,0,0.7791,9,18,4,24,9,21,2,0,22/23,B
Langhoff,Matthes,POT,LB,15,67,38,67,0,0.6381,38,39,2,5,2,5,0,0,22/23,B
Lossner,Richard,HRO,RW,35,67,32,67,0,0.6768000000000001,3,18,9,3,0,5,0,0,22/23,B
Kretschmer,Nils Holger,ELB,LB,33,66,67,66,0,0.4962,43,36,14,18,8,31,1,0,22/23,B
Salger,Stefan,LUD,RB,37,66,72,66,0,0.4783,26,21,1,4,2,6,0,0,22/23,B
Grgic,Marko,EIS,LB,33,66,29,66,0,0.6947,27,21,4,4,0,12,0,0,22/23,B
Kretschmer,Finn,VFL,RW,30,64,35,63,1,0.6465000000000001,5,9,4,0,1,9,0,0,22/23,B
Bohm,Lukas,WÖW,RB,31,64,52,64,0,0.5517,29,37,4,1,1,7,0,0,22/23,B
Simic,Josip,POT,P,35,64,20,64,0,0.7619,15,12,1,11,6,20,0,0,22/23,B
Asmussen,Philipp,HRO,RB,30,64,76,64,0,0.4571,52,40,1,0,1,5,0,0,22/23,B
Schroder,Andreas,COB,LB,37,63,39,63,0,0.6175999999999999,35,30,9,26,1,12,0,0,22/23,B
Stark,Mario,TVG,CB,37,62,65,62,0,0.4882,79,47,1,1,4,14,0,0,22/23,B
Schalles,Maxim,TVG,RW,34,62,42,57,5,0.5962,2,6,13,0,0,11,0,0,22/23,B
Meyer-Siebert,Julius,LUD,LB,34,62,73,62,0,0.4593,28,32,4,11,1,11,0,0,22/23,B
Eissing,Felix,TUE,RW,29,62,29,62,0,0.6812999999999999,4,10,6,1,0,2,0,0,22/23,B
Dierberg,Julius,ELB,LW,26,61,18,50,11,0.7722,6,9,9,0,0,1,0,0,22/23,B
Mrakovcic,Luka,NLB,CB,37,61,51,61,0,0.5446,60,62,2,1,1,11,0,0,22/23,B
Wendel,Samuel,KON,LW,30,60,27,60,0,0.6897,3,6,4,1,1,3,0,0,22/23,B
Krone,Jannes,COB,RW,31,60,32,42,18,0.6522,5,17,10,2,1,7,0,0,22/23,B
Schauer,Kuno,TVG,CB,37,60,62,60,0,0.4918,34,36,4,1,0,3,0,0,22/23,B
Wellner,Leon,ELB,P,34,60,18,60,0,0.7692,0,15,1,3,2,13,0,0,22/23,B
Rehfus,Lucas,DOR,LB,31,60,47,60,0,0.5607,14,30,1,1,1,7,0,0,22/23,B
Zorb,Moritz,TVH,P,34,59,24,59,0,0.7108,3,14,4,16,3,25,0,0,22/23,B
Bruhn,Jasper,VFL,RB,35,58,57,58,0,0.5043,21,24,9,4,6,16,0,0,22/23,B
Prohl,Tilman,HAG,P,38,57,32,57,0,0.6404000000000001,14,31,9,25,11,26,2,0,22/23,B
Stuber,Frederic,HAG,P,32,56,20,56,0,0.7368000000000001,5,20,3,15,5,25,0,0,22/23,B
Drager,Yannick,NLB,P,32,54,22,54,0,0.7105,19,23,2,42,6,25,2,0,22/23,B
de Boer,Luca,NOL,P,38,54,24,54,0,0.6923,9,23,8,28,1,21,2,0,22/23,B
Saueressig,Lukas,HBW,CB,25,54,43,54,0,0.5567,59,43,4,4,1,5,1,0,22/23,B
Knauer,Jakob,COB,RB,36,54,57,54,0,0.4865,30,31,5,0,1,7,0,0,22/23,B
Strakeljahn,Simon,TVG,CB,38,54,53,48,6,0.5047,12,16,2,0,0,2,0,0,22/23,B
Eisel,Marc-Robin,LUD,CB,37,54,52,49,5,0.5094,39,34,4,0,0,0,0,0,22/23,B
Foege,Luis Plymford,KON,RB,34,53,54,53,0,0.4953,17,38,7,2,1,6,0,0,22/23,B
Sveinnsson,Sveinn,HRO,CB,23,52,34,52,0,0.6047,31,41,2,0,0,3,0,0,22/23,B
Leu,Tillman,DES,P,29,52,25,52,0,0.6753,5,11,3,11,2,35,3,0,22/23,B
Neagu,Stefan Valentin,WÖW,P,37,51,17,51,0,0.75,6,13,6,8,4,25,1,0,22/23,B
Fuhrmann,Nils,POT,LW,37,51,18,51,0,0.7391,3,10,9,0,1,2,0,0,22/23,B
Ellwanger,Jonas,TUE,CB,21,50,40,50,0,0.5556,31,36,5,3,1,9,1,0,22/23,B
Volzke,Tim,HRO,LB,30,50,52,50,0,0.4902,51,34,12,4,3,12,0,0,22/23,B
Linhares de Souza,Guilherme,HBW,RB,30,50,47,50,0,0.5155,32,31,1,1,1,2,1,0,22/23,B
Munzinger,Luca,TVG,RB,35,48,43,48,0,0.5275,12,27,2,2,1,5,0,0,22/23,B
Huber,Elias,HBW,CB,38,48,33,48,0,0.5926,46,26,2,1,1,4,0,0,22/23,B
Schoss,Alex,TUE,RB,32,48,37,48,0,0.5647,24,39,4,7,2,17,2,0,22/23,B
Schongarth,Jens,HBW,RB,14,47,46,47,0,0.5054,16,12,1,1,0,6,0,0,22/23,B
Stefan,Tim,HAG,LB,33,47,49,47,0,0.48960000000000004,13,20,3,9,1,11,0,0,22/23,B
Kubatko,Iurii,HCM,RW,34,47,22,38,9,0.6812,2,12,1,0,0,1,0,0,22/23,B
Danner,Felix,HBW,P,29,46,11,46,0,0.807,9,6,5,31,8,15,0,0,22/23,B
Hofmann,Jannik,TVH,LW,29,46,34,36,10,0.575,5,9,2,0,1,1,0,0,22/23,B
Brielmeier,Benedikt,WÖW,LB,25,44,47,44,0,0.48350000000000004,46,39,2,5,2,9,1,0,22/23,B
Jaeger,Felix,COB,LB,23,44,33,44,0,0.5714,24,18,1,1,1,7,0,0,22/23,B
Thiele,Joshua,POT,P,30,44,14,44,0,0.7585999999999999,2,9,0,22,5,20,2,0,22/23,B
Horovyi,Vitaliy,HCM,CB,27,44,39,42,2,0.5301,20,25,1,0,0,7,0,0,22/23,B
Kraus,Dustin,POT,LB,33,42,24,42,0,0.6364,25,29,4,1,0,1,0,0,22/23,B
Huter,Patrick,DOR,P,33,41,24,41,0,0.6308,7,10,3,11,7,22,2,0,22/23,B
Roosna,Karl,POT,RB,7,41,19,18,23,0.6833,6,11,2,0,0,0,0,0,22/23,B
Braun,Joschua,KON,RB,15,40,23,40,0,0.6349,17,21,0,0,2,5,0,0,22/23,B
Kohnagel,Per Oke,HRO,CB,23,40,16,40,0,0.7143,80,59,2,0,1,0,0,0,22/23,B
Nowak,Marcel,POT,RW,28,40,22,40,0,0.6452,15,16,7,5,2,15,1,0,22/23,B
Zurga,Jaka,DOR,LW,37,40,20,40,0,0.6667000000000001,2,10,6,0,0,3,0,0,22/23,B
Klein,Johannes,TVH,LB,36,39,37,39,0,0.5132,16,13,4,1,3,19,0,0,22/23,B
Skorupa,Paul,VFL,P,23,39,11,39,0,0.78,0,9,7,6,6,13,1,0,22/23,B
Lichtlein,Nils,POT,CB,12,39,34,30,9,0.5342,25,15,2,0,1,1,0,0,22/23,B
Gaubatz,Jan-Lars,HAG,RB,19,38,30,38,0,0.5588000000000001,21,11,2,4,0,1,0,0,22/23,B
Andjelic,Bozo,HCM,CB,16,38,33,38,0,0.5352,23,33,0,0,0,5,0,0,22/23,B
Buergin,Theo Guenter,HAG,LW,35,38,30,38,0,0.5588000000000001,1,3,2,0,0,4,1,0,22/23,B
Mauch,Joel,KON,CB,25,38,24,38,0,0.6129,38,55,2,2,0,5,0,0,22/23,B
Hildenbrand,Tim,HBW,RW,37,38,22,37,1,0.6333,6,5,2,0,0,3,0,0,22/23,B
Barthe,Paco,SGB,CB,20,37,39,37,0,0.4868,24,15,4,6,0,14,0,0,22/23,B
Vanco,Marek,ELB,LW,37,37,17,37,0,0.6851999999999999,6,9,9,2,2,6,2,1,22/23,B
Remmlinger,Jan,LUD,LB,31,37,27,37,0,0.5781000000000001,36,24,2,1,4,9,0,0,22/23,B
Klenk,Moritz,TVG,LW,34,37,21,37,0,0.6379,1,4,7,0,0,1,0,0,22/23,B
Lofstrom,Carl,VFL,P,26,36,16,36,0,0.6923,5,20,5,3,3,12,1,0,22/23,B
Kompenhans,Paul,TVH,CB,23,36,29,36,0,0.5538000000000001,16,23,7,1,1,10,0,0,22/23,B
Weiss,Dominik,VFL,LB,31,35,34,35,0,0.5072,30,26,14,40,3,12,1,0,22/23,B
Danneberg,Yannick,DES,LB,25,35,33,27,8,0.5146999999999999,26,20,2,5,0,3,0,0,22/23,B
Firnhaber,Lucas,NOL,RB,14,34,26,34,0,0.5667,10,9,0,0,1,1,0,0,22/23,B
Dettenthaler,Felix,COB,LW,36,34,19,33,1,0.6415000000000001,4,7,2,0,0,5,0,0,22/23,B
Durak,Pascal,LUD,RW,37,33,19,33,0,0.6346,1,8,2,0,1,6,0,0,22/23,B
Durr,Linus,WÖW,LW,38,33,33,33,0,0.5,5,10,3,0,0,3,0,0,22/23,B
Reichmuth,Timothy,EIS,LW,38,33,22,33,0,0.6,4,9,11,0,1,2,0,0,22/23,B
Manfeldt-Hansen,Kasper,LUD,P,31,33,14,33,0,0.7021,5,6,0,2,3,10,0,0,22/23,B
Terwolbeck,Alexander,NOL,CB,36,32,22,32,0,0.5926,43,53,0,0,0,0,0,0,22/23,B
Donker,Malte,EIS,RB,38,32,18,32,0,0.64,42,29,17,2,1,23,1,0,22/23,B
Hutecek,Sebastian,KON,CB,34,32,23,32,0,0.5818,28,34,0,0,1,12,0,0,22/23,B
Siemer,Marvin,POT,LW,6,32,11,15,17,0.7442,0,3,2,0,0,1,0,0,22/23,B
Haake,Carl Philipp,DES,LW,38,31,18,31,0,0.6327,4,5,3,0,0,4,0,0,22/23,B
Buschmann,Arseniy,ELB,CB,31,30,42,30,0,0.4167,24,25,5,9,4,15,0,0,22/23,B
Franke,Luis,WÖW,LB,21,30,17,29,1,0.6383,10,17,1,0,0,6,0,0,22/23,B
Zhuk,Ievgen,TVG,LW,33,30,16,30,0,0.6522,1,3,3,1,0,5,1,0,22/23,B
Kaludjerovic,Vasilje,POT,CB,29,30,21,30,0,0.5882000000000001,3,18,1,0,1,3,0,0,22/23,B
Zobel,Rene,ELB,RB,28,28,63,28,0,0.3077,21,10,4,6,2,7,1,0,22/23,B
Osadchyi,Danylo,HCM,P,32,28,6,28,0,0.8234999999999999,3,11,1,1,1,13,0,0,22/23,B
Hejny,Maximilian,SGB,RB,37,28,36,28,0,0.4375,7,14,4,2,0,10,0,0,22/23,B
Schutze,Alexander,HRO,RB,29,28,27,28,0,0.5091,12,32,5,2,0,2,0,0,22/23,B
Beciri,Kristian,HBW,P,27,27,18,27,0,0.6,6,9,3,17,3,13,1,0,22/23,B
Fujita,Ryuga,TVH,RW,37,27,24,27,0,0.5294,7,2,3,0,0,1,0,0,22/23,B
Wolfram,Finn,TUE,P,35,27,10,27,0,0.7297,3,6,1,3,0,6,1,0,22/23,B
Seidel,Lasse,NOL,LW,32,25,10,25,0,0.7143,1,10,3,0,0,1,0,0,22/23,B
Orlov,Maxim,POT,CB,7,25,21,18,7,0.5435,6,6,1,2,0,1,0,0,22/23,B
Tomashevskyi,Oleksii,HCM,P,30,25,8,25,0,0.7576,1,9,3,5,1,11,0,0,22/23,B
Klima,Matej,VFL,LB,6,24,10,24,0,0.7059000000000001,8,13,0,2,0,2,0,0,22/23,B
Klepp,Vincent Emilio,ELB,RW,36,24,10,24,0,0.7059000000000001,1,1,1,1,0,3,0,0,22/23,B
Vignisson,Hafthor,HRO,RB,15,24,25,23,1,0.48979999999999996,15,20,1,0,3,4,0,0,22/23,B
Emanuel,Oskar,ELB,RB,27,23,35,23,0,0.39659999999999995,7,11,2,0,1,4,0,0,22/23,B
Gliese,Lennart,DES,RB,22,23,16,23,0,0.5897,11,11,3,1,0,7,0,0,22/23,B
Haeske,Malvin,DES,RB,37,23,23,23,0,0.5,15,13,1,0,1,5,0,0,22/23,B
Cohen,Nadav,VFL,RW,28,23,10,23,0,0.6970000000000001,4,6,2,0,0,4,0,0,22/23,B
Toromanovic,Damian,HAG,RW,13,22,13,22,0,0.6286,1,1,3,0,0,0,0,0,22/23,B
Aukstakalnis,Romas,HRO,CB,18,22,26,22,0,0.4583,5,16,0,0,1,4,0,0,22/23,B
Simovic,Nebojsa,NOL,P,35,21,10,21,0,0.6774,3,6,1,9,9,41,8,0,22/23,B
Hideg,Daniel,EIS,LB,32,21,22,21,0,0.48840000000000006,9,9,2,9,2,12,2,0,22/23,B
Kontrec,Tin,NLB,P,34,21,10,21,0,0.6774,15,7,5,20,6,20,1,0,22/23,B
Hack,Benedikt,WÖW,RW,36,21,25,21,0,0.45649999999999996,2,5,5,0,1,4,0,0,22/23,B
Keskic,Enes,LUD,LW,18,21,14,21,0,0.6,3,10,0,0,0,1,0,0,22/23,B
Redkyn,Dmytro,TVG,RW,30,21,9,21,0,0.7,1,3,1,0,0,1,0,0,22/23,B
Funke,Kay,HRO,LW,20,21,14,17,4,0.6,0,4,4,0,0,1,0,0,22/23,B
Ritterbach,Joscha,NOL,LW,14,20,6,14,6,0.7692,0,5,1,0,0,5,0,0,22/23,B
Mehler,Dennis,HRO,P,36,20,12,20,0,0.625,1,6,6,21,5,17,5,0,22/23,B
Rink,Thomas,TVG,P,20,19,11,19,0,0.6333,2,9,1,6,2,14,0,0,22/23,B
Urios Gonzales,Rolando,POT,P,17,18,9,18,0,0.6667000000000001,1,6,1,1,0,1,0,0,22/23,B
Sousa,Ruben,EIS,P,30,18,6,18,0,0.75,2,8,0,0,0,4,0,0,22/23,B
Schmidt,Jan-Christian,DOR,P,26,18,6,18,0,0.75,0,3,0,1,0,2,0,0,22/23,B
Mylonas,Christodoulos,ELB,LB,16,17,17,17,0,0.5,4,13,1,0,0,4,1,0,22/23,B
Ribeiro,Joel,TVH,LB,8,17,10,17,0,0.6296,4,4,0,0,0,0,0,0,22/23,B
Shcherbina,Vladyslav,HCM,LB,21,17,12,17,0,0.5861999999999999,6,14,1,1,0,2,0,0,22/23,B
Wesseling,Sven,NLB,LB,4,16,14,13,3,0.5333,7,9,0,4,1,2,0,0,22/23,B
Ulshofer,Jonas,EIS,CB,37,16,12,16,0,0.5714,11,11,0,0,0,0,0,0,22/23,B
Schulz,Michael,ELB,P,12,15,4,15,0,0.7895,3,2,0,2,0,6,0,0,22/23,B
Truchanovicius,Jonas,HCM,LB,7,15,1,15,0,0.9375,3,3,1,4,0,4,1,0,22/23,B
Glatthard,Viktor,COB,P,18,15,7,15,0,0.6818000000000001,4,5,2,2,3,18,4,0,22/23,B
Neuhaus,Max,LUD,CB,32,15,9,15,0,0.625,19,3,0,1,0,0,0,0,22/23,B
Onufriienko,Oleksandr,HCM,P,29,15,19,15,0,0.4412,1,3,1,0,1,4,0,0,22/23,B
Gorpishin,Sergey,LUD,P,29,15,12,15,0,0.5556,3,10,2,4,0,5,0,0,22/23,B
Wolf,Victor Foged,VFL,LW,25,15,10,15,0,0.6,0,4,3,1,0,3,0,0,22/23,B
Ostenberg,Orn Vesteinsson,NLB,LB,22,15,21,15,0,0.4167,7,15,0,0,0,2,0,0,22/23,B
Becker,Alexander,HAG,P,21,14,6,14,0,0.7,8,3,9,18,3,19,1,0,22/23,B
Visser,Sander,NOL,RW,5,14,5,14,0,0.7368000000000001,0,2,0,0,0,1,0,0,22/23,B
Geis,Linus,WÖW,LB,30,14,24,14,0,0.36840000000000006,2,10,2,5,3,9,0,0,22/23,B
Bones,Paul,DES,CB,27,14,8,14,0,0.6364,17,10,2,1,2,1,0,0,22/23,B
Babarskas,Povilas,TVG,RB,32,12,5,12,0,0.7059000000000001,2,3,0,8,2,13,1,0,22/23,B
Holzhacker,Paul,NLB,RW,38,11,11,11,0,0.5,1,4,0,0,0,0,0,0,22/23,B
Dutschke,Jannik,ELB,LW,9,11,5,11,0,0.6875,0,3,0,0,0,0,0,0,22/23,B
Klein,Luca,HAG,CB,15,11,6,11,0,0.6470999999999999,1,6,1,0,0,1,0,0,22/23,B
Karvatski,Artur,DOR,RB,9,10,20,10,0,0.3333,10,9,0,0,0,1,0,0,22/23,B
Baumgart,Luka,DES,CB,30,10,2,10,0,0.8332999999999999,8,11,3,11,4,19,0,0,22/23,B
Dragunski,Arvid,HAG,LB,14,10,12,10,0,0.4545,4,5,0,0,0,0,0,0,22/23,B
Hanemann,Hendrik,ELB,P,4,10,5,10,0,0.6667000000000001,1,2,0,1,0,1,0,0,22/23,B
Renninger,Julian,HAG,P,14,8,3,8,0,0.7273000000000001,0,3,1,1,0,4,0,0,22/23,B
Baumgartner,Florian,NLB,RB,18,8,19,8,0,0.2963,12,5,0,1,0,0,0,0,22/23,B
Leitz,Lennart,VFL,RW,15,8,7,8,0,0.5333,0,0,1,0,0,0,0,0,22/23,B
Buschhaus,Luis,TUE,CB,18,8,3,8,0,0.7273000000000001,1,3,1,0,0,1,0,0,22/23,B
Gunther,Max,POT,RW,20,8,7,6,2,0.5333,1,0,1,0,0,0,0,0,22/23,B
Richter,Luca,HAG,RW,11,8,1,8,0,0.8889,1,3,1,0,0,0,0,0,22/23,B
Oberman Etzion,Alon,POT,LW,12,7,3,6,1,0.7,0,1,1,0,0,1,0,0,22/23,B
Simonsen,Christian Ole,DOR,GK,31,7,1,7,0,0.875,11,5,0,0,0,0,0,0,22/23,B
Demerza,Alexej,HRO,LB,12,7,20,7,0,0.2593,2,6,2,1,0,1,0,0,22/23,B
Klimpke,Ole,DOR,LB,11,7,6,7,0,0.5385,11,9,2,0,0,2,0,0,22/23,B
Clarius,Valentin,SGB,P,11,7,2,7,0,0.7778,0,1,0,3,0,3,0,0,22/23,B
Seidel,Malte,TUE,LB,37,6,2,6,0,0.75,15,4,9,35,4,12,1,0,22/23,B
Bicer,Gorkem,TVG,RW,3,6,0,6,0,1.0,1,0,0,0,0,0,0,0,22/23,B
Jockel,Patrick,TVH,P,24,6,3,6,0,0.6667000000000001,1,0,0,2,0,2,0,0,22/23,B
Kaulitz,Tim,SGB,LW,13,6,5,6,0,0.5455,0,0,1,0,0,0,0,0,22/23,B
Reidegeld,Jona,TUE,RW,17,6,5,6,0,0.5455,0,0,2,0,0,0,0,0,22/23,B
Trager,Florian,DOR,RB,13,6,11,6,0,0.3529,7,15,0,0,0,0,0,0,22/23,B
Kuhn,Benedikt,POT,RB,19,6,2,6,0,0.75,2,4,0,0,0,0,0,0,22/23,B
Hagedorn,Ole,VFL,LB,18,6,14,6,0,0.3,5,1,1,1,0,0,0,0,22/23,B
Zimmer,Ben,HRO,RB,9,6,3,6,0,0.6667000000000001,0,1,0,0,0,2,0,0,22/23,B
Schmidt,Daniel,DES,P,36,5,0,5,0,1.0,6,2,4,6,3,22,1,0,22/23,B
Asmuth,Jan,SGB,LW,9,5,2,5,0,0.7143,0,1,1,0,0,0,0,0,22/23,B
Ranftl,Julian,NOL,RW,3,5,3,5,0,0.625,0,2,0,0,0,0,0,0,22/23,B
Gonschor,Fynn,VFL,LW,12,5,3,5,0,0.625,0,1,0,0,0,0,0,0,22/23,B
Bader,Jona,SGB,RW,7,5,2,5,0,0.7143,0,0,0,0,0,0,0,0,22/23,B
Hubke,Torben,EIS,P,27,5,3,5,0,0.625,1,2,1,0,0,5,0,0,22/23,B
Merk,Alexander,WÖW,P,24,5,6,5,0,0.4545,2,1,1,2,2,9,0,0,22/23,B
Wente,Till,HBW,LB,14,5,4,5,0,0.5556,0,2,0,2,1,3,0,0,22/23,B
Mallwitz,Marino,ELB,GK,36,4,1,4,0,0.8,14,3,1,0,0,0,0,0,22/23,B
Molina,Carlos,HCM,P,37,4,2,4,0,0.6667000000000001,20,10,6,19,7,24,2,1,22/23,B
Meyer,Philipp,EIS,P,31,4,3,4,0,0.5714,8,0,5,16,7,28,3,0,22/23,B
Boukovinas,Petros,TVG,GK,38,4,3,4,0,0.5714,14,2,0,0,0,0,0,0,22/23,B
Grazioli,Leonard,TVH,GK,36,4,5,4,0,0.44439999999999996,4,2,0,0,0,0,0,0,22/23,B
Blum,Matthis,VFL,CB,27,4,9,4,0,0.3077,10,7,0,0,1,1,0,0,22/23,B
Niestroj,Maurice,ELB,CB,16,4,5,3,1,0.44439999999999996,2,4,1,0,0,0,0,0,22/23,B
Ilic,Mihailo,LUD,LB,1,4,0,4,0,1.0,1,0,0,0,0,0,0,0,22/23,B
Pawelka,Lukas,HBW,LB,2,4,2,4,0,0.6667000000000001,1,1,1,0,0,1,0,0,22/23,B
Brenner,Vincent,SGB,RW,23,4,5,4,0,0.44439999999999996,0,2,4,0,0,0,0,0,22/23,B
Fuoss,Dennis,HBW,LW,9,4,2,0,4,0.6667000000000001,0,0,0,0,0,0,0,0,22/23,B
Boehnert,Florian,DOR,CB,12,4,5,4,0,0.44439999999999996,4,3,1,0,0,0,0,0,22/23,B
Flathe,Luca Leon,POT,RB,11,4,5,4,0,0.44439999999999996,1,5,0,0,0,0,0,0,22/23,B
Reimer,Erik,HRO,LB,4,4,4,4,0,0.5,0,0,0,0,0,0,0,0,22/23,B
Kneer,Stefan,TVH,LB,2,3,1,3,0,0.75,3,2,0,0,1,2,0,0,22/23,B
Asanin,Matej,LUD,GK,27,3,0,3,0,1.0,4,1,0,0,0,0,0,0,22/23,B
Wieser,Andreas,WÖW,GK,38,3,1,3,0,0.75,3,2,0,0,0,0,0,0,22/23,B
Genz,Fredrik,SGB,GK,35,3,3,3,0,0.5,12,1,0,0,0,0,0,0,22/23,B
Ravensbergen,Bart,NOL,GK,38,3,2,3,0,0.6,7,1,0,0,1,1,0,0,22/23,B
Conrad,Nils,VFL,GK,32,3,2,3,0,0.6,2,2,0,0,0,1,0,0,22/23,B
Preller,Max,COB,LW,11,3,4,2,1,0.4286,0,0,0,0,0,0,0,0,22/23,B
Knipp,Jo,KON,RB,9,3,6,3,0,0.3333,3,3,1,1,0,2,0,0,22/23,B
Kamper,Jonas,TUE,LB,7,3,3,3,0,0.5,1,1,0,0,0,0,0,0,22/23,B
Valkovskis,Janis Pavels,COB,LB,2,3,3,3,0,0.5,1,1,0,0,0,0,0,0,22/23,B
Fugel,Elias,HBW,RW,5,3,1,3,0,0.75,0,1,0,0,0,0,0,0,22/23,B
Mund,Noah,COB,RW,15,3,1,3,0,0.75,0,1,0,0,0,1,0,0,22/23,B
Schuler,Mika,HBW,CB,7,3,3,3,0,0.5,6,2,0,1,0,0,0,0,22/23,B
Plaue,Dominik,TVH,GK,36,2,1,2,0,0.6667000000000001,2,0,0,0,0,0,0,0,22/23,B
Sauer,Julian,WÖW,RW,1,2,2,2,0,0.5,0,0,0,0,0,1,0,0,22/23,B
Schramm,Peter,KON,LB,6,2,4,2,0,0.3333,1,7,0,5,2,4,0,0,22/23,B
Grzesinski,Mats,HAG,GK,22,2,0,2,0,1.0,1,3,0,1,0,0,0,0,22/23,B
Noack,Marius,ELB,GK,30,2,0,2,0,1.0,4,1,0,0,0,0,0,0,22/23,B
Ebert,Moritz,KON,GK,37,2,1,2,0,0.6667000000000001,8,5,0,0,0,0,0,0,22/23,B
Urbic,Ziga,LUD,GK,38,2,2,2,0,0.5,5,2,0,0,0,0,0,0,22/23,B
Asheim,Havard,NLB,GK,31,2,1,2,0,0.6667000000000001,4,2,0,0,0,1,0,0,22/23,B
Siegler,Julius,COB,CB,16,2,3,2,0,0.4,1,6,0,0,0,0,0,0,22/23,B
Meier,Kilian,HRO,P,1,2,1,2,0,0.6667000000000001,0,0,0,0,0,0,0,0,22/23,B
Marquardt,Cedric,EIS,LW,4,2,2,0,2,0.5,0,0,0,0,0,0,0,0,22/23,B
Schneider,Jan-Niclas,HAG,RW,4,2,1,2,0,0.6667000000000001,0,1,0,0,0,1,0,0,22/23,B
Pauli,Luis,DOR,LW,4,2,2,2,0,0.5,0,0,0,0,0,0,0,0,22/23,B
Kasper,Moritz,DOR,CB,1,2,2,2,0,0.5,0,1,0,0,0,0,0,0,22/23,B
Locher,Mischa,HBW,LW,1,2,0,2,0,1.0,0,0,0,0,0,0,0,0,22/23,B
Katsigiannis,Nikolas,NLB,GK,32,1,0,1,0,1.0,9,5,0,0,0,1,0,0,22/23,B
Minerva,Jan Steffen,TVG,GK,15,1,0,1,0,1.0,1,0,1,0,0,2,0,0,22/23,B
Maier,Jonas,WÖW,GK,36,1,0,1,0,1.0,4,2,0,0,0,0,0,0,22/23,B
Kulhanek,Jan,COB,GK,18,1,2,1,0,0.3333,4,0,0,0,0,0,0,0,22/23,B
Ambrosius,Philip,DES,GK,38,1,0,1,0,1.0,20,14,1,0,1,1,0,0,22/23,B
Buhrmester,Bjorn,NOL,GK,36,1,0,1,0,1.0,2,0,0,0,0,0,0,0,22/23,B
Paske,Maurice,HAG,GK,31,1,1,1,0,0.5,8,5,0,0,0,0,0,0,22/23,B
Komok,Gennadiy,HCM,GK,36,1,1,1,0,0.5,9,5,0,0,0,1,0,0,22/23,B
Diedrich,Lukas,TUE,GK,37,1,1,1,0,0.5,6,3,0,0,0,0,0,0,22/23,B
Jepsen,Johannes,EIS,GK,36,1,0,1,0,1.0,4,1,0,0,0,0,0,0,22/23,B
Todorovic,Uros,HBW,RB,4,1,2,1,0,0.3333,2,4,0,1,0,1,0,0,22/23,B
Sejr Jensen,Simon,HBW,GK,37,1,2,1,0,0.3333,21,5,0,0,1,0,0,0,22/23,B
Potratz,Mattis,VFL,LW,7,1,2,1,0,0.3333,0,0,0,0,0,0,0,0,22/23,B
Ludwig,Lasse,POT,GK,33,1,0,1,0,1.0,6,2,0,0,0,0,0,0,22/23,B
Opitz,Phillip,TVH,RB,21,1,5,1,0,0.16670000000000001,2,5,4,1,2,1,0,0,22/23,B
Chudinov,Nazar,HCM,GK,34,1,0,1,0,1.0,5,1,0,0,0,0,0,0,22/23,B
Finn-Jannes,Gernus,NLB,LW,5,1,0,1,0,1.0,0,0,0,0,0,0,0,0,22/23,B
Borren,Julian,NLB,LB,4,1,0,1,0,1.0,0,1,0,0,0,0,0,0,22/23,B
Wagner,Silas,HBW,P,5,1,1,1,0,0.5,0,1,0,0,0,0,0,0,22/23,B
Steinberg,Tom,HRO,LB,3,1,0,1,0,1.0,0,1,0,0,0,0,0,0,22/23,B
Koester,Jens,KON,P,4,1,1,1,0,0.5,0,0,0,0,0,0,0,0,22/23,B
Wellner,Julio,ELB,P,6,1,1,1,0,0.5,0,0,0,0,0,0,0,0,22/23,B
Krenz,Jonas,WÖW,P,15,1,3,1,0,0.25,0,2,0,1,0,1,0,0,22/23,B
Krugele,Paul,SGB,LW,1,1,0,1,0,1.0,0,0,0,0,0,0,0,0,22/23,B
Luegering,Fynn,NOL,LB,4,1,0,1,0,1.0,1,0,0,0,0,1,0,0,22/23,B
Sondermann,Frederik,DOR,P,4,1,0,1,0,1.0,0,0,0,0,0,0,0,0,22/23,B
Rabe,Hannes,WÖW,LB,3,1,0,1,0,1.0,0,0,0,0,0,0,0,0,22/23,B
Weber,Josef,WÖW,LW,1,1,0,1,0,1.0,0,0,0,0,0,0,0,0,22/23,B
Kremp,Robin,DOR,RB,3,1,3,1,0,0.25,1,2,0,0,0,0,0,0,22/23,B
Stolze,Luca,ELB,LW,4,1,1,1,0,0.5,0,0,0,0,0,0,0,0,22/23,B
Schmidt,Maximilian,DOR,LB,4,1,0,1,0,1.0,1,1,0,0,0,0,0,0,22/23,B
Emmerich,Johannes,DOR,LB,1,1,0,1,0,1.0,0,1,0,0,0,0,0,0,22/23,B
Herbel,Gianluca,KON,LW,8,1,1,1,0,0.5,0,0,0,0,0,0,0,0,22/23,B
Stankewitz,Konrad,TVH,LW,2,1,0,1,0,1.0,0,0,0,0,0,0,0,0,22/23,B
Klockmann,Dennis,VFL,GK,31,0,0,0,0,0.0,0,1,0,0,0,0,0,0,22/23,B
Rezar,Aljosa,NLB,GK,8,0,0,0,0,0.0,0,0,0,0,0,0,0,0,22/23,B
Bliss,Sebastian,TUE,GK,26,0,0,0,0,0.0,2,0,0,0,0,0,0,0,22/23,B
Gorobtschuk,Stanislaw,EIS,GK,24,0,0,0,0,0.0,1,0,0,0,1,0,0,0,22/23,B
Peribonio,Roko,LUD,GK,2,0,0,0,0,0.0,0,0,0,0,0,0,0,0,22/23,B
Miljak,Duje,EIS,RB,1,0,0,0,0,0.0,0,0,0,0,0,1,0,0,22/23,B
Waschul,Martin,VFL,CB,14,0,0,0,0,0.0,2,0,1,3,0,1,0,0,22/23,B
Poltrum,Konstantin,SGB,GK,27,0,0,0,0,0.0,4,0,1,0,0,0,0,0,22/23,B
Wolf,Maximilian,KON,GK,1,0,0,0,0,0.0,0,0,0,0,0,0,0,0,22/23,B
Schmidt,Nils Thorben,HAG,GK,3,0,0,0,0,0.0,0,0,0,0,0,0,0,0,22/23,B
Mahncke,Tobias,HAG,GK,26,0,0,0,0,0.0,3,1,0,0,0,0,0,0,22/23,B
Bartels,Dennis,NOL,GK,2,0,0,0,0,0.0,0,0,0,0,0,0,0,0,22/23,B
Martinsen,Havard,COB,GK,2,0,0,0,0,0.0,0,0,0,0,0,0,0,0,22/23,B
Zemlin,Florian,HRO,CB,3,0,0,0,0,0.0,0,0,0,0,5,0,0,0,22/23,B
Wetzel,Robert,HRO,GK,31,0,0,0,0,0.0,0,1,0,0,0,0,0,0,22/23,B
Broy,Matthias Jan,DOR,GK,11,0,0,0,0,0.0,0,0,0,0,0,0,0,0,22/23,B
Brustmann,Max,EIS,GK,2,0,0,0,0,0.0,0,0,0,0,0,0,0,0,22/23,B
Keidel,Matthias,WÖW,LW,1,0,0,0,0,0.0,0,0,0,0,0,0,0,0,22/23,B
Schmitt,Stefan,WÖW,LB,1,0,0,0,0,0.0,1,1,0,0,0,0,0,0,22/23,B
Topfer,Erik,EIS,GK,13,0,0,0,0,0.0,1,2,0,0,0,0,0,0,22/23,B
Schlotmann,Lorenz,HAG,LW,1,0,0,0,0,0.0,0,0,0,0,0,0,0,0,22/23,B
Kister,Lukas,HAG,CB,2,0,0,0,0,0.0,0,0,0,0,0,0,0,0,22/23,B
Apfel,Fabian,COB,GK,32,0,0,0,0,0.0,6,7,0,0,0,0,0,0,22/23,B
Hoffmann,Robin,ELB,RW,1,0,0,0,0,0.0,0,0,0,0,0,1,0,0,22/23,B
Ferjan,Mark,POT,GK,38,0,0,0,0,0.0,2,0,1,0,0,0,0,0,22/23,B
Juzbasic,Martin,DOR,GK,36,0,0,0,0,0.0,14,4,0,0,0,0,0,0,22/23,B
Fuchs,Arne,TUE,GK,36,0,0,0,0,0.0,0,0,0,0,0,0,0,0,22/23,B
Mehler,Leon,HRO,GK,33,0,0,0,0,0.0,6,7,0,0,0,0,0,0,22/23,B
Boieck,Janis,KON,GK,1,0,0,0,0,0.0,0,0,0,0,0,0,0,0,22/23,B
Mohs,Max,ELB,GK,12,0,0,0,0,0.0,1,0,0,0,0,0,0,0,22/23,B
Voncina,Blaz,POT,GK,30,0,0,0,0,0.0,0,1,1,0,0,0,0,0,22/23,B
Ruminsky,Mario,HBW,GK,38,0,0,0,0,0.0,11,8,0,1,0,0,0,0,22/23,B
Prager,Tillmann,ELB,GK,2,0,0,0,0,0.0,0,0,0,0,0,0,0,0,22/23,B
Bohne,Simon,TVH,GK,1,0,0,0,0,0.0,0,0,0,0,0,0,0,0,22/23,B
Jochens,Jan,COB,GK,24,0,0,0,0,0.0,4,3,0,0,0,0,0,0,22/23,B
Klein,Sebastian,EIS,GK,2,0,0,0,0,0.0,0,0,0,0,0,0,0,0,22/23,B
Baranasic,Filip,HBW,GK,1,0,0,0,0,0.0,0,0,0,0,0,0,0,0,22/23,B
Dreyer,Paul,VFL,GK,21,0,0,0,0,0.0,0,0,0,0,0,0,0,0,22/23,B
Grabenstein,Leon,KON,GK,38,0,0,0,0,0.0,1,1,0,0,0,0,0,0,22/23,B
Klama,Joonas,NLB,GK,12,0,0,0,0,0.0,0,0,0,0,0,1,0,0,22/23,B
Panisic,Igor,HAG,P,1,0,0,0,0,0.0,0,0,0,0,0,0,0,0,22/23,B
Budko,Mykhailo,HCM,GK,17,0,0,0,0,0.0,0,0,0,0,0,0,0,0,22/23,B
Patzwaldt,Janik,DES,GK,38,0,0,0,0,0.0,4,0,0,0,0,0,0,0,22/23,B
Hagen,Melf,VFL,CB,8,0,0,0,0,0.0,1,0,0,0,0,0,0,0,22/23,B
Urban,Lukas,SGB,LW,2,0,0,0,0,0.0,0,0,0,0,0,0,0,0,22/23,B
Krass,Robert,EIS,RB,6,0,0,0,0,0.0,0,0,0,0,0,0,0,0,22/23,B
Grupe,Mats,LUD,GK,12,0,0,0,0,0.0,2,0,0,0,0,0,0,0,22/23,B
Ohm,Julian,TVG,GK,26,0,0,0,0,0.0,0,0,0,0,0,0,0,0,22/23,B
Siryk,Oleksandr,TVG,LW,1,0,0,0,0,0.0,0,0,0,0,0,0,0,0,22/23,B
Pysarevskyi,Mykhailo,TVG,GK,3,0,0,0,0,0.0,0,0,0,0,0,0,0,0,22/23,B
Kasai,Andrii,HCM,CB,22,0,0,0,0,0.0,0,1,0,0,0,0,0,0,22/23,B
Schenderlein,Calvin,TUE,LW,1,0,0,0,0,0.0,0,0,0,0,0,0,0,0,22/23,B
Stein,Daniel,DOR,RW,1,0,0,0,0,0.0,0,0,0,0,0,0,0,0,22/23,B
Kutt,Silas,WÖW,RW,1,0,0,0,0,0.0,0,0,0,0,0,0,0,0,22/23,B
Ruspeler,Finn,TVH,GK,9,0,0,0,0,0.0,0,0,0,0,0,0,0,0,22/23,B
Mack,Pascal,KON,P,1,0,0,0,0,0.0,0,0,0,0,0,0,0,0,22/23,B
Martin,Nicolai,TVH,LW,1,0,0,0,0,0.0,0,0,1,0,0,0,0,0,22/23,B
Funke,Christopher-Robin,HAG,LW,2,0,0,0,0,0.0,0,0,0,0,0,0,0,0,22/23,B
Schartl,Lasse,COB,LW,2,0,0,0,0,0.0,0,0,0,0,0,0,0,0,22/23,B
Hochmuth,Moritz,HRO,RB,1,0,0,0,0,0.0,0,0,2,0,0,0,0,0,22/23,B
Umejiwgo,Wesley,HAG,GK,1,0,0,0,0,0.0,0,0,0,0,0,0,0,0,22/23,B
Weller,Jonas,SGB,GK,1,0,0,0,0,0.0,0,0,0,0,0,0,0,0,22/23,B
Ingwald,Marc,HAG,RW,4,0,0,0,0,0.0,0,0,0,0,0,0,0,0,22/23,B
Elsasser,Louis,TUE,LW,2,0,0,0,0,0.0,0,0,0,0,0,0,0,0,22/23,B
Malchow,Viktor,HRO,GK,13,0,0,0,0,0.0,4,0,0,0,0,1,0,0,22/23,B
Schwaiger,Timo,ELB,LB,2,0,0,0,0,0.0,0,0,0,0,0,0,0,0,22/23,B
van der Merwe,Kristian,COB,GK,7,0,0,0,0,0.0,0,0,0,0,0,0,0,0,22/23,B
Lopez,Antonio,SGB,RW,5,0,0,0,0,0.0,0,2,0,0,0,0,0,0,22/23,B
Kanters,Jan,SGB,GK,16,0,0,0,0,0.0,0,0,0,0,0,0,0,0,22/23,B
Ehrlich,Nicolas,SGB,RW,2,0,0,0,0,0.0,0,0,0,0,0,0,0,0,22/23,B
Horlitz,Karl Ole,HRO,LW,1,0,0,0,0,0.0,0,0,0,0,0,0,0,0,22/23,B
Orzol,Tim,HRO,RB,1,0,0,0,0,0.0,0,0,0,0,0,0,0,0,22/23,B
Knutzen,Tim,HAG,P,1,0,0,0,0,0.0,0,0,0,0,0,0,0,0,22/23,B
Quittmann,Arne,HAG,P,1,0,0,0,0,0.0,0,0,0,0,0,0,0,0,22/23,B
Siegl,Paul,WÖW,GK,2,0,0,0,0,0.0,0,0,0,0,0,0,0,0,22/23,B
Daugs,Finn,WÖW,LW,3,0,0,0,0,0.0,0,0,0,0,0,0,0,0,22/23,B
Beran,Lukas,WÖW,LB,5,0,0,0,0,0.0,4,2,0,0,0,0,0,0,22/23,B
Weckesser,Jannis,WÖW,LW,1,0,0,0,0,0.0,0,0,0,0,0,0,0,0,22/23,B
Boeckenholt,Felix Elias,DOR,LW,1,0,0,0,0,0.0,0,0,0,0,0,0,0,0,22/23,B
Ostrowski,Luca Wolfgang,DOR,P,1,0,0,0,0,0.0,0,0,0,0,0,0,0,0,22/23,B
Schnurpe,Moritz,HRO,P,1,0,0,0,0,0.0,0,0,0,0,0,0,0,0,22/23,B
Meiser,Nils,LUD,GK,1,0,0,0,0,0.0,0,0,0,0,0,0,0,0,22/23,B
Drefahl,Jan,ELB,GK,1,0,0,0,0,0.0,0,0,0,0,0,0,0,0,22/23,B
Zwanzig,Jannis,POT,LW,1,0,0,0,0,0.0,0,0,0,0,0,0,0,0,22/23,B
Osann,Fynn,KON,CB,3,0,0,0,0,0.0,0,2,0,0,0,0,0,0,22/23,B
Schulz,Jan,HRO,LW,1,0,0,0,0,0.0,0,0,0,0,0,0,0,0,22/23,B
Harm,Hennes Benedikt,HRO,CB,1,0,0,0,0,0.0,0,0,0,0,0,0,0,0,22/23,B
Kryszon,Philip,ELB,LB,1,0,0,0,0,0.0,0,1,0,0,0,0,0,0,22/23,B
Bayer,Anton,TVG,CB,2,0,0,0,0,0.0,0,0,0,0,0,0,0,0,22/23,B
Johannisson,Leon,HRO,GK,3,0,0,0,0,0.0,0,0,0,0,0,0,0,0,22/23,B
Beneke,Max Christoph,POT,RB,31,267,133,168,99,0.6675,85,68,13,5,1,7,0,0,23/24,B
Loser,Timo,DES,LB,31,215,120,215,0,0.6418,87,56,1,1,1,3,0,0,23/24,B
Hangstein,Fynn,NLB,CB,31,197,94,120,77,0.677,93,68,2,3,1,6,0,0,23/24,B
Huesmann,Fabian,ASV,LW,31,174,47,61,113,0.7873,5,5,3,2,0,7,1,0,23/24,B
Schafer,Christian,SGB,RW,29,170,44,76,94,0.7944,2,5,10,0,0,4,0,0,23/24,B
Raguse,Mex,LUD,LB,30,170,109,170,0,0.6093,104,58,13,1,3,18,0,0,23/24,B
Wucherpfennig,Lukas,ELB,RW,31,167,51,79,88,0.7661,2,9,9,0,0,4,1,0,23/24,B
Hrstka,Jakub,DES,LW,29,167,43,115,52,0.7951999999999999,9,19,5,1,1,8,0,0,23/24,B
Weber,Ian,TVH,CB,30,166,115,149,17,0.5907,85,65,8,2,7,3,1,0,23/24,B
Billek,Florian,COB,RW,29,154,53,91,63,0.7440000000000001,15,20,7,0,1,2,0,0,23/24,B
Lux,Maximilian,NOL,RW,31,152,62,89,63,0.7103,6,12,7,0,0,4,1,0,23/24,B
Schrader,Janik,VFL,RB,31,152,102,125,27,0.5984,113,76,4,2,3,5,0,0,23/24,B
Marschall,Tarek,NOL,CB,29,147,102,147,0,0.5904,60,45,7,5,2,10,0,0,23/24,B
Klein,Jannek,LUD,RB,31,145,97,145,0,0.5992000000000001,94,57,8,4,0,6,0,0,23/24,B
Steinhaus,Soren,DOR,CB,30,143,99,141,2,0.5909,60,50,3,2,2,12,0,0,23/24,B
Darmoul,Mohamed Amine,GWD,CB,24,142,49,132,10,0.7434999999999999,58,75,6,0,0,2,0,0,23/24,B
Styrmisson,Hakon Dadi,HAG,LW,30,141,68,126,15,0.6746,5,16,9,1,1,6,0,0,23/24,B
Zintel,Bjorn,ASV,CB,31,138,85,136,2,0.6188,90,78,7,0,1,5,0,0,23/24,B
Wasielewski,Johannes,NOL,RB,30,136,84,136,0,0.6182,50,48,5,7,4,19,1,0,23/24,B
Simic,Josip,POT,P,31,136,46,136,0,0.7473000000000001,13,25,6,7,4,17,0,0,23/24,B
Kuntscher,David,TVH,RB,29,136,110,136,0,0.5528,62,37,12,3,3,11,0,0,23/24,B
Busch,Pierre,HAG,RW,28,135,47,97,38,0.7418,16,10,18,1,0,4,0,0,23/24,B
Speckmann,Jan-Eric,VFL,LW,26,132,46,83,49,0.7415999999999999,3,5,11,0,0,10,1,1,23/24,B
Kirschner,Tristan,TVH,RW,30,132,53,73,59,0.7134999999999999,7,10,13,0,0,10,0,0,23/24,B
Bicer,Gorkem,TVG,RW,29,131,52,65,66,0.7158,5,13,3,0,1,6,0,0,23/24,B
Homscheid,Nils,TUE,CB,30,130,48,44,86,0.7303000000000001,30,24,1,1,0,0,0,0,23/24,B
Fischer,Jonathan,SGB,P,31,120,31,120,0,0.7947,4,14,11,1,0,10,0,0,23/24,B
Bandlow,Frieder,TVG,RB,31,119,77,110,9,0.6071,72,65,14,0,1,13,0,0,23/24,B
Schwarzer,Kian,LUD,LW,30,119,49,84,35,0.7082999999999999,10,14,5,1,0,6,0,0,23/24,B
Schaller,Tim,LUD,LW,29,117,30,62,55,0.7959,1,6,1,0,0,3,0,0,23/24,B
Von Boenigk,Jan,ASV,RB,31,116,55,116,0,0.6784,82,40,13,4,1,4,0,0,23/24,B
Stavast,Ivar,ELB,CB,31,116,102,116,0,0.5321,88,46,6,4,3,13,1,0,23/24,B
Pfeifer,Alexander,SGB,LW,31,116,46,116,0,0.716,0,8,7,0,2,5,0,0,23/24,B
Kranzmann,Florian,GWD,LW,28,115,41,63,52,0.7372,8,5,8,0,0,3,0,0,23/24,B
Jaeger,Max,COB,LW,29,114,47,114,0,0.7081000000000001,13,12,5,2,0,6,0,0,23/24,B
Mileta,Fran,VIN,RW,31,113,44,102,11,0.7197,10,25,21,0,2,6,0,0,23/24,B
Norouzinezhad Gharehlou,Pouya,HAG,LB,27,112,75,112,0,0.5989,61,40,4,4,2,11,0,0,23/24,B
Schottle,Nico,ASV,LB,24,111,75,111,0,0.5968,63,40,8,7,1,6,0,0,23/24,B
Sauter,Moritz,POT,CB,26,108,62,108,0,0.6353,46,53,1,0,0,2,0,0,23/24,B
Gansau,Elias,AUE,LB,27,108,87,108,0,0.5538000000000001,53,59,3,1,3,16,2,0,23/24,B
Falk,Alexander,LUD,RW,30,107,42,103,4,0.7181000000000001,8,6,11,1,1,3,0,0,23/24,B
Gress,Sebastian,ELB,CB,28,106,63,106,0,0.6272,75,49,10,2,1,6,1,0,23/24,B
Hild,Matthias,VIN,RB,31,106,102,106,0,0.5096,21,38,4,11,4,21,0,0,23/24,B
Mazic,Milan,VIN,P,31,105,45,93,12,0.7,1,15,1,2,4,33,3,0,23/24,B
Staar,Max,GWD,RW,28,104,36,104,0,0.7429000000000001,23,19,27,3,0,4,0,0,23/24,B
Sohmann,Vincent,DES,CB,30,103,53,65,38,0.6603,80,65,8,0,2,11,1,0,23/24,B
Reimer,Jan,DOR,RW,29,103,40,40,63,0.7203,0,5,3,0,0,1,0,0,23/24,B
Sterba,Jakub,ASV,RW,30,98,45,97,1,0.6853,4,12,17,0,1,9,0,0,23/24,B
Claus,Dominik,SGB,RB,29,97,59,97,0,0.6218,77,44,9,0,1,4,0,0,23/24,B
Vorlicek,Philipp,HAG,RB,27,97,76,97,0,0.5607,42,31,3,2,1,8,0,0,23/24,B
Velz,Alexander,SGB,LB,31,97,76,94,3,0.5607,78,49,1,1,0,3,0,0,23/24,B
Mubenzem,Dieudonne,AUE,RB,31,94,104,94,0,0.4747,80,67,5,0,4,4,0,0,23/24,B
Jaeger,Felix,COB,LB,27,92,64,92,0,0.5897,20,32,2,0,0,1,0,0,23/24,B
Neuhaus,Max,TUE,CB,31,91,60,91,0,0.6026,27,33,2,3,1,4,1,0,23/24,B
Fuss,Merlin,COB,RB,28,91,64,91,0,0.5871,67,52,10,4,2,4,0,0,23/24,B
Pohle,Georg,NOL,LB,28,88,88,80,8,0.5,70,49,8,17,5,21,3,0,23/24,B
Kalafut,Dominik,NOL,P,28,88,25,87,1,0.7787999999999999,2,16,0,4,4,23,4,0,23/24,B
Reichl,Vit,TVH,P,31,87,24,87,0,0.7837999999999999,6,26,4,3,0,3,0,0,23/24,B
Akakpo,David Cyrill,POT,RW,29,87,25,87,0,0.7768,11,8,12,2,0,15,2,0,23/24,B
Wolf,Tom,SGB,LB,27,86,74,64,22,0.5375,21,18,2,2,0,2,0,0,23/24,B
Klingler,Felix,TUE,RW,31,85,37,80,5,0.6967,8,13,11,1,0,3,1,0,23/24,B
Vignjevic,Marko,AUE,LB,31,85,71,84,1,0.5449,52,36,12,19,1,15,1,0,23/24,B
Ebner,Dominik,NLB,RB,25,83,53,83,0,0.6103000000000001,24,44,0,2,1,10,1,0,23/24,B
Schroven,Finn,DOR,RW,31,83,59,77,6,0.5845,113,66,0,0,2,8,0,0,23/24,B
Kammlodt,Adrian,TVG,LB,21,82,78,82,0,0.5125,31,25,2,1,0,4,1,0,23/24,B
Dumcius,Mindaugas,ELB,RB,26,79,70,79,0,0.5302,56,55,4,0,2,7,1,0,23/24,B
Radovic,Danilo,GWD,LB,31,79,57,79,0,0.5809000000000001,38,65,12,3,0,9,2,0,23/24,B
Pust,Yannick-Marcos,DES,RW,31,78,29,77,1,0.7290000000000001,4,10,21,0,0,12,1,0,23/24,B
De la Pena,Juan,SGB,CB,31,77,72,77,0,0.5168,67,48,17,4,2,7,1,0,23/24,B
Gertges,Jonas,VIN,LW,31,77,35,34,43,0.6875,1,7,3,0,2,10,2,0,23/24,B
Hagen,Melf,VIN,CB,31,77,69,77,0,0.5274,36,54,1,0,1,2,1,0,23/24,B
Skroblien,Tom,NLB,LW,30,76,38,42,34,0.6667000000000001,8,8,2,0,0,3,0,0,23/24,B
Reuland,Joshua,DOR,LW,23,76,22,68,8,0.7755,2,3,2,0,0,2,0,0,23/24,B
Genz,Jo Gerrit,NLB,RB,27,75,42,75,0,0.6409999999999999,28,20,3,6,2,8,0,0,23/24,B
Wieling,Tim,NLB,RW,31,75,24,75,0,0.7576,6,15,2,2,1,2,0,0,23/24,B
Lungela,Maurice,VIN,RB,30,74,89,63,11,0.45,73,37,4,0,0,3,0,0,23/24,B
Seidler,Oliver,ELB,P,23,74,23,74,0,0.76,6,14,8,12,1,12,0,0,23/24,B
ten Velde,Rutger,NLB,LW,30,73,31,73,0,0.7019,9,12,7,0,0,8,0,0,23/24,B
Stuber,Frederic,HAG,P,31,72,19,72,0,0.7912,10,18,1,13,3,22,0,0,23/24,B
Huter,Ian,DOR,CB,29,72,42,72,0,0.6315999999999999,64,53,7,5,1,13,1,0,23/24,B
Voss-Fels,Kim,HAG,RB,27,72,51,72,0,0.5854,31,25,2,2,5,10,1,0,23/24,B
Kompenhans,Paul,TVH,CB,26,72,31,72,0,0.6990000000000001,33,37,19,1,0,10,1,0,23/24,B
Firnhaber,Lucas,NOL,RB,31,71,66,71,0,0.5182,17,21,3,1,0,7,1,0,23/24,B
Kofler,Elias,POT,CB,30,71,50,71,0,0.5868,97,54,25,12,5,22,1,0,23/24,B
Orlov,Maxim,POT,CB,29,71,53,71,0,0.5726,32,26,8,2,1,6,0,0,23/24,B
Nickelsen,Einar,VFL,CB,22,71,46,71,0,0.6068,42,38,5,2,1,4,0,0,23/24,B
Thummler,Jonas,ELB,P,31,70,24,70,0,0.7447,9,22,5,2,2,10,0,0,23/24,B
Corak,Dino,TVG,P,18,70,16,70,0,0.8140000000000001,4,9,2,7,1,7,0,0,23/24,B
Sajenev,Mika Laurin,AUE,P,26,70,20,70,0,0.7778,2,16,5,16,4,17,1,0,23/24,B
Krone,Jannes,COB,RW,31,69,34,43,26,0.6698999999999999,2,7,2,0,0,6,0,0,23/24,B
Wesseling,Sven,NLB,LB,31,68,47,68,0,0.5913,45,36,0,7,5,15,1,0,23/24,B
Kretschmer,Finn,VFL,RW,26,67,26,67,0,0.7204,3,13,8,0,1,5,0,0,23/24,B
Strosack,Peter,DOR,RW,31,66,25,65,1,0.7253000000000001,8,7,7,0,1,2,0,0,23/24,B
Patzel,Vojtech,VFL,LB,18,66,31,66,0,0.6804000000000001,39,21,5,2,0,1,0,0,23/24,B
Pehlivan,Doruk,ELB,LB,25,66,43,66,0,0.6054999999999999,34,39,13,31,2,15,1,0,23/24,B
Bergner,Tom,LUD,P,28,66,14,66,0,0.825,6,16,2,8,2,17,3,0,23/24,B
Valdimarsson,Bjarni Ofeigur,GWD,LB,24,66,72,66,0,0.48,42,46,3,3,2,10,0,0,23/24,B
Klenk,Moritz,TVG,LW,31,66,26,66,0,0.72,6,9,6,0,0,2,0,0,23/24,B
Pereira,Francisco,AUE,RW,31,66,44,45,21,0.6,5,5,7,1,1,9,1,0,23/24,B
Schoss,Alex,TUE,RB,26,66,53,66,0,0.5546,24,46,7,3,1,18,1,0,23/24,B
Stark,Mario,TVG,CB,26,65,43,65,0,0.6019,78,50,3,1,2,19,1,0,23/24,B
Lofstrom,Carl,VFL,P,30,65,31,65,0,0.6770999999999999,8,28,8,15,3,26,1,0,23/24,B
Weck,Alexander,HAG,LB,22,65,56,65,0,0.5372,73,24,3,5,1,9,1,0,23/24,B
Dayan,Yonatan,ASV,CB,22,65,40,59,6,0.619,29,29,5,0,1,2,0,0,23/24,B
Bornemann,Andreas,ASV,RB,28,64,56,64,0,0.5333,24,21,0,4,0,8,0,0,23/24,B
Sebetic,Luka,GWD,RB,29,64,61,64,0,0.512,24,28,6,2,1,15,1,0,23/24,B
Johannsson,Sveinn,GWD,P,29,64,27,64,0,0.7033,12,18,5,13,5,28,1,0,23/24,B
Schwarz,Philipp,TVH,LW,31,64,32,64,0,0.6667000000000001,4,10,5,1,0,3,0,0,23/24,B
Rehfus,Lucas,DOR,LB,26,64,61,64,0,0.51,28,33,1,0,0,5,0,0,23/24,B
Kretschmer,Nils Holger,ELB,LB,31,63,40,59,4,0.6117,36,25,11,17,2,16,1,0,23/24,B
Wiederstein,Fabian,SGB,P,31,63,17,63,0,0.7875,11,13,2,3,6,20,0,0,23/24,B
Dierberg,Julius,ELB,LW,29,63,18,62,1,0.7778,9,9,14,1,1,1,0,0,23/24,B
Wilhelm,Christian,TUE,P,31,63,33,63,0,0.6563,4,17,3,9,0,4,1,0,23/24,B
Peter,Staffan,AUE,RW,17,63,29,34,29,0.6848000000000001,1,1,2,0,0,0,0,0,23/24,B
Kolodziej,Falk,VIN,CB,22,62,40,57,5,0.6078,79,55,3,1,0,4,0,0,23/24,B
Schulze,Alexander,ASV,LW,27,61,16,61,0,0.7922,4,5,3,1,0,7,0,0,23/24,B
Schauer,Kuno,TVG,CB,31,60,54,60,0,0.5263,51,39,2,1,0,1,0,0,23/24,B
Runarsson,Tumi Steinn,COB,CB,27,60,51,58,2,0.5405,51,27,1,0,0,2,0,0,23/24,B
Gaubatz,Jan-Lars,HAG,RB,29,59,42,59,0,0.5842,33,20,0,0,0,0,0,0,23/24,B
Ritterbach,Joscha,NOL,LW,31,59,26,52,7,0.6940999999999999,7,10,4,1,0,13,0,0,23/24,B
Schreiber,Hendrik,TVH,LB,28,59,39,59,0,0.602,44,15,13,6,1,11,2,0,23/24,B
Trost,Sebastian,LUD,CB,30,59,67,59,0,0.4683,65,55,2,0,1,5,0,0,23/24,B
Sondermann,Frederik,DOR,P,29,59,14,59,0,0.8081999999999999,3,11,2,6,0,10,0,0,23/24,B
Eisentrager,Florian,TVG,LW,24,58,17,45,13,0.7733,3,9,5,2,1,6,2,0,23/24,B
Drager,Yannick,NLB,P,26,58,24,58,0,0.7073,5,19,3,15,2,17,0,0,23/24,B
Paraschiv,Sebastian,AUE,CB,22,58,50,53,5,0.537,28,36,6,0,0,4,0,0,23/24,B
Mast,Tim,TUE,LW,31,58,23,52,6,0.716,10,11,9,4,1,6,0,0,23/24,B
Nissen,Marek,NLB,LB,27,58,43,58,0,0.5743,30,31,0,7,3,16,0,0,23/24,B
Ellwanger,Jonas,TUE,CB,27,57,37,57,0,0.6064,37,45,6,1,0,9,1,0,23/24,B
Blecha,Jan,AUE,LW,23,57,28,57,0,0.6706,7,8,4,4,2,6,0,0,23/24,B
Stuber,Jonas,ASV,P,31,57,14,57,0,0.8028,3,18,4,0,0,4,0,0,23/24,B
Salger,Stefan,TVG,RB,24,56,52,56,0,0.5185,19,24,2,5,0,11,0,0,23/24,B
Skorupa,Paul,VFL,P,31,56,17,56,0,0.7670999999999999,7,13,8,6,7,30,5,0,23/24,B
Danneberg,Yannick,DES,LB,30,56,47,48,8,0.5437,22,19,1,7,0,4,0,0,23/24,B
Szczesny,Dennis,TUE,LB,29,55,60,55,0,0.4783,52,49,5,12,1,17,1,0,23/24,B
Bis,Bartlomiej,COB,P,29,55,19,55,0,0.74,13,25,10,14,6,15,3,0,23/24,B
Blaauw,Niko,VFL,CB,31,55,45,54,1,0.55,67,50,3,1,0,2,0,0,23/24,B
Fuhrmann,Nils,POT,LW,31,55,16,55,0,0.7746,1,3,8,3,1,0,0,0,23/24,B
Haider,Maximilian,LUD,P,27,54,22,54,0,0.7105,6,10,1,10,7,21,1,0,23/24,B
Roosna,Karl,POT,RB,23,54,22,42,12,0.7105,13,9,0,0,0,2,0,0,23/24,B
Wullenweber,Finn,TVG,LB,20,53,33,53,0,0.6163000000000001,26,29,2,5,3,10,1,0,23/24,B
Schmidt,Jan-Christian,DOR,P,31,53,25,53,0,0.6795,4,20,5,6,3,20,3,0,23/24,B
Bruhn,Jasper,VFL,RB,30,52,51,52,0,0.5049,21,19,5,5,0,13,0,0,23/24,B
Barthe,Paco,SGB,CB,31,51,36,51,0,0.5861999999999999,30,37,13,10,3,16,0,0,23/24,B
Mitrovic,Alexander,DES,RB,16,51,46,51,0,0.5257999999999999,7,15,1,0,0,3,0,0,23/24,B
Hertzfeld,Tim Maximilian,DES,P,28,51,25,51,0,0.6711,24,13,3,5,1,20,0,0,23/24,B
Rose,Julius,TUE,CB,25,50,65,50,0,0.43479999999999996,35,34,5,3,0,3,0,0,23/24,B
Asmussen,Philipp,TUE,RB,22,50,37,50,0,0.5747,32,31,1,0,0,4,0,0,23/24,B
Geenen,Kaj,VFL,LW,31,50,27,50,0,0.6494,2,5,5,0,0,4,0,0,23/24,B
Meyer-Siebert,Julius,LUD,LB,31,47,29,47,0,0.6184000000000001,39,21,4,17,4,21,2,0,23/24,B
Klepp,Vincent Emilio,ELB,RW,31,46,22,44,2,0.6765000000000001,4,1,4,0,0,4,1,0,23/24,B
Terwolbeck,Alexander,NOL,CB,30,45,32,45,0,0.5844,53,30,0,0,0,0,0,0,23/24,B
Alves,Andre,HAG,RW,31,45,14,39,6,0.7626999999999999,3,2,1,0,1,1,0,0,23/24,B
Ossowski,Arkadiusz,COB,CB,19,44,44,44,0,0.5,36,34,1,1,1,0,0,0,23/24,B
Misovych,David,DES,RW,31,44,17,44,0,0.72,0,6,2,0,0,1,0,0,23/24,B
Hagedorn,Ole,VFL,LB,31,44,36,44,0,0.55,33,20,6,7,1,6,0,0,23/24,B
Becker,Alexander,HAG,P,27,43,12,43,0,0.7818,9,15,9,16,3,17,2,0,23/24,B
Timm,Marcel,VIN,P,30,43,11,43,0,0.7963,9,16,3,9,3,28,3,0,23/24,B
Ciudad Benitez,Leon,VFL,P,18,42,18,42,0,0.7,5,12,4,12,3,14,0,0,23/24,B
Schaffer,Jan,COB,P,28,41,9,41,0,0.82,10,10,5,6,3,15,0,0,23/24,B
Korte,Mats,GWD,LW,30,41,22,30,11,0.6507999999999999,2,6,3,0,0,4,0,0,23/24,B
Rudiger,Tim,TVH,RW,30,40,18,40,0,0.6897,4,0,6,0,0,0,0,0,23/24,B
Kontrec,Tin,NLB,P,31,40,11,40,0,0.7843000000000001,6,12,3,24,4,22,0,0,23/24,B
Eles,Benedek,GWD,CB,13,40,16,34,6,0.7143,21,17,1,0,0,1,0,0,23/24,B
Schalles,Maxim,TVG,RW,31,40,17,40,0,0.7018000000000001,4,4,10,0,0,2,0,0,23/24,B
Senden,Alexander,DOR,LB,21,39,56,39,0,0.41,17,18,0,2,3,9,0,0,23/24,B
Knauer,Jakob,COB,RB,20,38,31,38,0,0.5507,18,11,1,1,1,9,0,0,23/24,B
Eissing,Felix,TUE,RW,22,38,14,36,2,0.7308,2,9,1,0,0,2,0,0,23/24,B
Wolfram,Finn,TUE,P,30,38,14,38,0,0.7308,3,22,1,9,1,8,0,0,23/24,B
Spohn,Valentin,HAG,LB,17,37,38,37,0,0.49329999999999996,15,14,1,1,0,0,0,0,23/24,B
Vlahovic,Nikola,SGB,LB,29,37,25,37,0,0.6,30,20,6,16,5,12,0,0,23/24,B
Strakeljahn,Simon,TVG,CB,29,37,44,36,1,0.4568,16,25,1,0,0,4,1,0,23/24,B
Pieczkowski,Niclas,HAG,CB,24,36,20,36,0,0.64,40,25,5,9,0,5,1,0,23/24,B
Mohr,Florian,TVG,P,31,36,12,36,0,0.75,2,16,4,12,3,32,11,0,23/24,B
Lopp,Mihkel,AUE,CB,21,36,26,36,0,0.5806,14,20,1,0,0,1,0,0,23/24,B
Haake,Carl Philipp,DES,LW,25,36,19,36,0,0.6545000000000001,5,14,2,0,0,5,0,0,23/24,B
Greilich,Nils,ELB,LW,27,36,10,36,0,0.7826000000000001,2,5,4,0,0,4,0,0,23/24,B
Levak,Bruno,AUE,CB,31,35,45,34,1,0.4375,11,26,3,1,0,5,0,0,23/24,B
Bauer,Stefan,ASV,P,18,34,11,34,0,0.7556,4,8,1,15,3,17,1,0,23/24,B
Helmersson,Mikael,COB,LB,11,34,28,34,0,0.5484,16,17,1,0,0,1,0,0,23/24,B
Petreikis,Benas,NLB,CB,30,33,20,33,0,0.6225999999999999,25,24,0,0,0,4,0,0,23/24,B
Dzialakiewicz,Szymon,GWD,RB,8,33,27,33,0,0.55,7,9,0,0,0,0,0,0,23/24,B
Ruddat,Elias,VIN,LW,30,32,25,32,0,0.5614,5,6,8,1,0,0,0,0,23/24,B
Roller,Lars,TVG,P,13,31,9,31,0,0.775,1,9,1,4,1,14,1,0,23/24,B
Asensio Cambra,Carles,GWD,P,17,31,14,31,0,0.6889,6,9,8,9,0,6,0,0,23/24,B
Boeckenholt,Felix Elias,DOR,LW,19,31,14,31,0,0.6889,0,2,4,1,0,1,0,0,23/24,B
Jungemann,Philip,ASV,P,27,30,10,30,0,0.75,4,14,1,12,0,14,0,0,23/24,B
Jerebie,Julian Ernest,AUE,P,30,30,13,30,0,0.6977,2,18,0,6,2,27,0,0,23/24,B
Haunold,Marc-Andre,ASV,LB,10,30,12,30,0,0.7143,13,12,2,0,0,0,0,0,23/24,B
Eberlein,Sven,VIN,LB,12,30,34,30,0,0.46880000000000005,12,28,1,2,2,6,0,0,23/24,B
Schroder,Nils,VIN,LB,22,30,49,30,0,0.3797,21,17,3,2,0,11,0,0,23/24,B
Klein,Johannes,TVH,LB,27,29,34,29,0,0.4603,11,11,2,0,1,9,1,0,23/24,B
Valkovskis,Janis Pavels,COB,LB,22,29,36,29,0,0.4462,16,23,2,0,1,1,0,0,23/24,B
Schwock,Moritz,AUE,LW,22,29,20,29,0,0.5918,2,3,2,0,0,2,0,0,23/24,B
Huter,Patrick,DOR,P,23,28,12,28,0,0.7,4,8,4,9,4,22,3,0,23/24,B
Hejny,Maximilian,SGB,RB,31,28,30,28,0,0.4828,19,13,6,2,0,9,0,0,23/24,B
Hermeling,Fynn Lukas,GWD,LB,13,28,20,28,0,0.58,4,6,2,0,0,0,0,0,23/24,B
Eisel,Marc-Robin,LUD,CB,27,28,18,28,0,0.6087,21,24,1,0,0,2,0,0,23/24,B
Hofmann,Jannik,TVH,LW,31,27,19,26,1,0.5870000000000001,6,5,3,0,0,4,0,0,23/24,B
Simovic,Nebojsa,NOL,P,27,27,8,27,0,0.7714,3,14,3,10,7,30,5,0,23/24,B
Theiss,Niklas,TVH,RB,10,27,30,27,0,0.47,17,7,2,0,1,2,0,0,23/24,B
Heitkamp,Niclas,GWD,LB,8,27,17,26,1,0.61,15,23,1,1,0,1,0,0,23/24,B
Herzig,Fynn,COB,LB,9,26,23,26,0,0.5306000000000001,9,14,0,0,0,1,0,0,23/24,B
Siegler,Lukas,VIN,LB,21,25,17,25,0,0.5952000000000001,13,14,3,0,0,4,0,0,23/24,B
Werschkull,Finley,TUE,LW,29,25,16,25,0,0.6098,1,1,2,0,0,1,0,0,23/24,B
Seidel,Lasse,NOL,LW,30,24,10,24,0,0.7059000000000001,2,5,8,0,0,6,0,0,23/24,B
Izumoto,Shin,AUE,LB,10,24,26,24,0,0.48,9,12,2,0,0,0,0,0,23/24,B
Bitsch,Mathias,GWD,RB,17,23,26,23,0,0.4694,17,11,2,0,0,1,0,0,23/24,B
Pauli,Luis,DOR,LW,24,23,8,23,0,0.7419,1,0,0,0,0,0,0,0,23/24,B
Gruner,Tim,POT,LW,20,22,14,19,3,0.6111,0,2,0,1,0,0,1,0,23/24,B
Straub,Theo,LUD,RW,20,22,6,22,0,0.7857,0,2,1,0,0,1,0,0,23/24,B
Boehnert,Florian,DOR,CB,29,22,19,22,0,0.5366,12,21,6,0,0,4,0,0,23/24,B
Emanuel,Oskar,DES,RB,25,21,37,21,0,0.36210000000000003,28,17,1,0,3,7,0,0,23/24,B
Nowak,Marcel,POT,RW,26,21,15,21,0,0.58,13,9,3,0,0,0,0,0,23/24,B
Leun,Finn-Lukas,LUD,RB,25,21,13,21,0,0.6175999999999999,6,14,2,1,2,2,0,0,23/24,B
Possehl,Julian,ELB,RB,25,20,25,20,0,0.44,40,22,4,1,0,10,1,0,23/24,B
Haake,Fritz-Leon,DES,CB,13,20,13,20,0,0.6061,16,11,1,1,0,1,0,0,23/24,B
Glatthard,Viktor,COB,P,31,19,10,19,0,0.6552,5,8,3,4,0,11,0,0,23/24,B
Zorb,Moritz,TVH,P,25,18,11,18,0,0.6207,3,6,6,10,7,16,2,0,23/24,B
Stegefelt,Markus,NOL,LB,7,18,7,7,11,0.72,2,4,1,1,0,1,0,0,23/24,B
Buntic,Marko,VIN,RW,27,18,8,17,1,0.6923,2,5,0,1,0,2,0,0,23/24,B
Sova,Daniel,AUE,LB,16,18,22,14,4,0.45,7,5,1,0,0,2,0,0,23/24,B
Bones,Paul,DES,CB,31,18,18,16,2,0.5,9,14,1,0,0,2,0,0,23/24,B
Buergin,Theo Guenter,HAG,LW,20,17,12,17,0,0.5861999999999999,1,4,2,0,0,0,0,0,23/24,B
Leun,Jakob-Jannis,AUE,RB,11,17,15,17,0,0.5313,8,4,0,0,0,4,0,0,23/24,B
Susser,Lukas,NLB,P,28,17,11,17,0,0.6071,3,11,0,1,0,4,0,0,23/24,B
Ostenberg,Orn Vesteinsson,VFL,LB,25,17,21,17,0,0.4474,12,11,0,3,0,2,0,0,23/24,B
Manfeldt-Hansen,Kasper,LUD,P,26,17,6,17,0,0.7391,2,7,0,0,1,8,0,0,23/24,B
Chrintz,Valter,POT,RW,5,16,4,16,0,0.8,1,1,1,0,0,1,0,0,23/24,B
Mrakovcic,Luka,NLB,CB,26,16,16,16,0,0.5,19,21,2,0,0,4,0,0,23/24,B
Kloor,Tim,NLB,RW,31,16,8,16,0,0.67,0,0,0,0,0,1,0,0,23/24,B
Baumgart,Luka,DES,CB,31,16,9,16,0,0.64,11,8,0,10,3,23,3,0,23/24,B
Leu,Tillman,DES,P,10,16,5,16,0,0.7619,3,5,0,3,0,9,0,0,23/24,B
Mussner,Yannik,VIN,LB,31,16,28,16,0,0.3636,4,7,3,14,0,14,0,0,23/24,B
Gempp,Patrick,DES,P,8,15,5,15,0,0.75,3,4,0,3,0,3,0,0,23/24,B
Urban,Tomas,GWD,RW,17,15,12,15,0,0.5556,4,10,1,0,1,2,0,0,23/24,B
Stryc,Jakub,NOL,P,10,15,5,15,0,0.75,1,7,1,2,2,7,0,0,23/24,B
Hansson,Emil,POT,LB,24,15,8,15,0,0.6522,17,11,1,12,7,12,1,0,23/24,B
Klein,Luca,HAG,CB,30,15,19,15,0,0.44,14,12,1,0,0,0,0,0,23/24,B
Leitz,Lennart,VFL,RW,30,15,11,15,0,0.5769,0,3,4,0,0,1,0,0,23/24,B
Dobler,Justin,ELB,LB,25,15,10,15,0,0.6,9,12,3,2,1,5,0,0,23/24,B
Leunissen,Robin,NOL,LB,27,15,12,15,0,0.5556,2,8,0,0,0,1,0,0,23/24,B
Lange,Torben,AUE,P,26,15,6,15,0,0.7143,1,2,0,1,1,4,1,0,23/24,B
Prohl,Tilman,HAG,P,21,14,7,14,0,0.67,6,12,4,8,2,7,0,0,23/24,B
Dettenthaler,Felix,COB,LW,27,14,8,14,0,0.6364,1,7,0,0,0,5,0,0,23/24,B
Hopfmann,Luca,AUE,RB,15,14,14,14,0,0.5,3,13,0,1,0,2,0,0,23/24,B
Ohl,Paul,TVH,LB,11,14,14,14,0,0.5,13,12,1,0,0,0,0,0,23/24,B
Feld,Alexander,NOL,CB,18,13,14,13,0,0.4815,3,8,0,0,0,2,0,0,23/24,B
Bader,Jona,SGB,RW,28,13,12,13,0,0.52,0,4,1,0,0,2,0,0,23/24,B
Katic,Marko,POT,LB,24,12,16,12,0,0.4286,7,10,2,0,0,1,0,0,23/24,B
de Boer,Luca,NOL,P,13,11,1,11,0,0.92,4,7,1,4,1,11,0,0,23/24,B
Thiele,Joshua,POT,P,26,11,2,11,0,0.85,3,7,1,1,1,2,0,0,23/24,B
Trager,Florian,DOR,RB,28,11,9,11,0,0.55,4,14,0,0,0,2,0,0,23/24,B
Jukic,Josip,HAG,LW,11,11,5,11,0,0.69,1,2,1,0,0,1,0,0,23/24,B
Visser,Sander,NOL,RW,17,10,5,8,2,0.67,0,0,0,0,0,3,0,0,23/24,B
Siemer,Marvin,POT,LW,10,10,9,10,0,0.53,1,3,2,0,0,0,0,0,23/24,B
Scheerer,Florian,ASV,P,12,9,8,9,0,0.53,1,2,1,3,2,2,0,0,23/24,B
Scheibel,Nico,TVH,P,25,9,6,9,0,0.6,2,3,0,0,0,3,0,0,23/24,B
Ambrosius,Philip,DES,GK,30,8,1,8,0,0.8889,15,10,1,0,0,0,0,0,23/24,B
Slachta,Petr,AUE,P,21,8,2,8,0,0.8,1,0,3,0,0,2,0,0,23/24,B
Ohler,Max,SGB,LW,15,8,3,8,0,0.7273000000000001,1,2,5,0,0,0,0,0,23/24,B
Langhoff,Matthes,POT,LB,3,8,7,8,0,0.53,7,2,5,1,0,0,0,0,23/24,B
Artmeier,Mark,ASV,RW,27,8,2,8,0,0.8,3,4,0,0,0,0,0,0,23/24,B
Stoyke,Timo,GWD,P,31,8,4,8,0,0.67,3,2,10,12,1,11,0,0,23/24,B
Janke,Maximilian,ELB,CB,5,7,1,7,0,0.875,1,3,0,1,0,2,0,0,23/24,B
Schulz,Michael,GWD,P,11,7,5,7,0,0.5832999999999999,1,0,1,4,1,8,0,0,23/24,B
Schramm,Ole,POT,LB,22,7,6,6,1,0.54,4,5,0,1,0,1,0,0,23/24,B
Durmaz,Tolga,VIN,P,24,6,5,6,0,0.55,1,6,0,1,0,8,2,0,23/24,B
Kix,Marvin,POT,RW,6,6,2,6,0,0.75,5,4,0,0,0,0,0,0,23/24,B
Emanuel,Max,DES,RB,3,5,8,5,0,0.38,4,1,0,0,0,0,0,0,23/24,B
Seidel,Malte,TUE,LB,26,5,1,5,0,0.83,7,2,4,16,4,13,0,0,23/24,B
Simonsen,Christian Ole,DOR,GK,31,5,3,5,0,0.63,16,6,0,0,0,0,0,0,23/24,B
Obranovic,Andrej,COB,LB,31,5,2,5,0,0.71,7,1,0,1,1,9,0,0,23/24,B
Ruspeler,Finn,TVH,GK,29,5,5,5,0,0.5,1,1,0,0,0,0,0,0,23/24,B
van der Merwe,Kristian,COB,GK,31,5,2,5,0,0.71,20,6,0,0,0,0,0,0,23/24,B
Kuhn,Benedikt,GWD,RB,7,5,3,5,0,0.63,9,9,0,0,0,0,0,0,23/24,B
Orlowski,Marian,ASV,LB,12,4,11,4,0,0.27,2,9,0,0,0,2,0,0,23/24,B
Schmidt,Valentin,HAG,CB,2,4,5,3,1,0.44,1,5,0,0,0,1,0,0,23/24,B
Schmidt,Daniel,DES,P,14,4,0,4,0,1.0,2,3,0,1,0,3,0,0,23/24,B
Boukovinas,Petros,TVG,GK,31,4,1,4,0,0.8,15,5,0,0,0,0,0,0,23/24,B
Horner,Max,VFL,RB,1,4,1,4,0,0.8,3,0,1,0,0,0,0,0,23/24,B
Kaulitz,Tim,SGB,LW,19,4,5,4,0,0.44,0,1,2,0,0,0,0,0,23/24,B
Kostuj,Oskar,TUE,CB,11,4,5,4,0,0.44,5,4,0,0,0,1,0,0,23/24,B
Panisic,Igor,HAG,P,5,3,3,3,0,0.5,2,4,1,0,0,0,0,0,23/24,B
Ludwig,Lasse,POT,GK,31,3,2,3,0,0.6,15,5,0,0,0,0,0,0,23/24,B
Colodeti,Marcos Vinicios,ASV,GK,28,3,2,3,0,0.6,4,1,0,0,0,0,0,0,23/24,B
Gorpishin,Sergey,POT,P,29,3,1,3,0,0.75,2,1,0,3,1,1,0,0,23/24,B
Gunther,Ole,NLB,RB,11,3,0,3,0,1.0,1,3,0,0,0,0,0,0,23/24,B
Ilic,Mihailo,LUD,LB,23,3,6,3,0,0.3333,3,6,3,0,0,4,0,0,23/24,B
Diekmann,Jan Malte,GWD,RW,9,3,0,3,0,1.0,1,1,0,0,0,1,0,0,23/24,B
Stricker,Luke,NOL,LB,31,3,6,3,0,0.3333,3,4,1,2,0,4,0,0,23/24,B
Stasch,Knut-Friedemann,VIN,CB,17,3,2,2,1,0.6,4,9,0,0,0,0,0,0,23/24,B
Wrackmeyer,Jannis,TVH,LB,5,3,0,3,0,1.0,3,0,0,0,0,2,0,0,23/24,B
Schliedermann,Marcel,GWD,CB,9,2,1,2,0,0.6667000000000001,1,1,0,0,0,0,0,0,23/24,B
Mallwitz,Marino,ELB,GK,30,2,3,2,0,0.4,6,4,0,0,0,0,0,0,23/24,B
Genz,Fredrik,SGB,GK,31,2,1,2,0,0.6667000000000001,5,4,0,0,0,0,0,0,23/24,B
Fuchs,Arne,TUE,GK,30,2,0,2,0,1.0,1,2,0,0,0,0,0,0,23/24,B
Beemsterboer,Jaap,HAG,LB,1,2,1,2,0,0.6667000000000001,0,1,0,0,0,0,0,0,23/24,B
Schwarz,Simon,LUD,P,1,2,0,2,0,1.0,0,0,0,0,0,0,0,0,23/24,B
Dreyer,Paul,VFL,GK,27,2,3,2,0,0.4,4,1,0,0,0,0,0,0,23/24,B
Noack,Marius,ELB,GK,16,2,0,2,0,1.0,0,0,0,0,0,0,0,0,23/24,B
Grazioli,Leonard,TVH,GK,21,2,3,2,0,0.4,3,2,0,0,0,0,0,0,23/24,B
Kamper,Jonas,TUE,LB,12,2,1,2,0,0.6667000000000001,2,2,0,0,0,0,0,0,23/24,B
Richter,Luca,HAG,RW,8,2,1,2,0,0.6667000000000001,2,2,0,0,0,0,0,0,23/24,B
Valkovskis,Leonards,COB,P,4,2,2,2,0,0.5,1,1,0,0,0,0,0,0,23/24,B
Matysiak,Jeremy,DES,LW,2,2,4,2,0,0.3333,0,0,0,0,0,0,0,0,23/24,B
Katsigiannis,Nikolas,NLB,GK,31,1,0,1,0,1.0,5,3,0,0,0,0,0,0,23/24,B
Semisch,Malte,GWD,GK,30,1,0,1,0,1.0,6,5,0,0,0,1,0,0,23/24,B
Klockmann,Dennis,VFL,GK,20,1,0,1,0,1.0,2,0,0,0,0,0,0,0,23/24,B
Fuchs,Markus,ASV,LB,30,1,1,1,0,0.5,3,1,0,20,1,19,1,0,23/24,B
Hanemann,Stefan,VIN,GK,31,1,0,1,0,1.0,3,3,0,0,0,0,0,0,23/24,B
Buhrmester,Bjorn,NOL,GK,31,1,1,1,0,0.5,1,2,0,0,0,0,0,0,23/24,B
Paske,Maurice,HAG,GK,25,1,1,1,0,0.5,8,1,1,0,0,0,0,0,23/24,B
Juzbasic,Martin,DOR,GK,19,1,0,1,0,1.0,4,0,0,0,0,0,0,0,23/24,B
Diedrich,Lukas,TUE,GK,31,1,0,1,0,1.0,7,2,0,0,0,2,0,0,23/24,B
Shamir,Yahav,GWD,GK,27,1,0,1,0,1.0,2,2,0,0,0,0,0,0,23/24,B
Grzesinski,Mats,HAG,GK,23,1,1,1,0,0.5,5,2,0,0,0,0,0,0,23/24,B
Toromanovic,Damian,HAG,RW,4,1,0,1,0,1.0,0,0,0,0,0,0,0,0,23/24,B
Baranasic,Filip,SGB,GK,31,1,0,1,0,1.0,4,0,0,0,0,0,0,0,23/24,B
Kraus,Dustin,POT,LB,3,1,3,1,0,0.25,0,1,1,0,0,0,0,0,23/24,B
Budalic,Ivan,NOL,GK,29,1,0,1,0,1.0,2,4,0,0,0,0,0,0,23/24,B
Kristoffersen,Thomas Langerud,VIN,GK,31,1,0,1,0,1.0,0,0,0,0,0,0,0,0,23/24,B
Dutschke,Jannik,ELB,LW,5,1,0,1,0,1.0,0,0,0,0,0,0,0,0,23/24,B
Michalski,Niklas,SGB,RW,14,1,3,1,0,0.25,0,1,0,0,0,0,0,0,23/24,B
Niestroj,Maurice,ELB,CB,12,1,6,1,0,0.1429,0,2,0,0,0,0,0,0,23/24,B
Redkyn,Dmytro,TVG,RW,13,1,1,1,0,0.5,0,0,0,0,0,0,0,0,23/24,B
Schiefer,Cedric,TVG,LB,2,1,0,1,0,1.0,1,0,0,2,0,1,0,0,23/24,B
Reshoft,Jorit,NOL,CB,4,1,0,1,0,1.0,0,0,0,0,0,0,0,0,23/24,B
Stange,Nils,ASV,LW,2,1,0,1,0,1.0,0,0,0,0,0,0,0,0,23/24,B
Elsasser,Louis,TUE,LW,2,1,0,1,0,1.0,0,0,0,0,0,0,0,0,23/24,B
Planken,Nico,AUE,LB,15,1,3,1,0,0.25,0,5,0,0,0,0,0,0,23/24,B
Drachau,Julius,DES,LB,3,1,0,1,0,1.0,0,3,0,1,0,0,0,0,23/24,B
Clarius,Valentin,SGB,P,8,1,2,1,0,0.3333,1,0,0,0,0,1,0,0,23/24,B
Kremp,Robin,DOR,RB,9,1,1,1,0,0.5,0,0,0,0,0,0,0,0,23/24,B
Herbel,Gianluca,LUD,LW,3,1,0,1,0,1.0,0,0,0,0,0,0,0,0,23/24,B
Blazicko,Patrik,NLB,LW,1,1,0,1,0,1.0,0,0,0,0,0,0,0,0,23/24,B
Bayer,Anton,TVG,CB,12,1,1,1,0,0.5,0,1,0,0,0,0,0,0,23/24,B
Gonnemann,Lennart Gordon,VFL,RW,3,1,0,1,0,1.0,0,0,0,0,0,0,0,0,23/24,B
Schneider,Timm,TVH,CB,3,0,0,0,0,0.0,0,0,0,0,0,3,1,0,23/24,B
Klier,Kevin,LUD,GK,1,0,0,0,0,0.0,0,0,0,0,0,0,0,0,23/24,B
Spatz,Michael,TVG,RW,1,0,0,0,0,0.0,0,0,0,1,0,1,0,0,23/24,B
Ritschel,Matthias,TVH,GK,6,0,0,0,0,0.0,0,0,0,0,0,0,0,0,23/24,B
Minerva,Jan Steffen,TVG,GK,29,0,0,0,0,0.0,1,1,0,0,0,0,0,0,23/24,B
Klesniks,Evars,GWD,RB,5,0,0,0,0,0.0,0,1,0,0,1,1,0,0,23/24,B
Boschen,Nils,SGB,P,1,0,0,0,0,0.0,0,0,0,0,0,0,0,0,23/24,B
Hertlein,Felix,ASV,GK,31,0,0,0,0,0.0,5,0,0,0,0,2,0,0,23/24,B
Mahncke,Tobias,HAG,GK,15,0,0,0,0,0.0,0,0,0,0,0,0,0,0,23/24,B
Petursson,Sveinbjorn,AUE,GK,31,0,0,0,0,0.0,4,1,1,0,0,0,0,0,23/24,B
Kister,Lukas,HAG,CB,1,0,0,0,0,0.0,0,0,0,0,0,0,0,0,23/24,B
Apfel,Fabian,COB,GK,29,0,0,0,0,0.0,6,3,0,0,0,0,0,0,23/24,B
Wesemann,Jan,ASV,GK,2,0,0,0,0,0.0,0,0,0,0,0,0,0,0,23/24,B
Ferjan,Mark,POT,GK,24,0,0,0,0,0.0,0,0,0,0,0,0,1,0,23/24,B
Mohs,Max,ELB,GK,30,0,0,0,0,0.0,2,1,0,0,0,0,0,0,23/24,B
Voncina,Blaz,POT,GK,2,0,0,0,0,0.0,0,0,0,0,0,0,0,0,23/24,B
Conrad,Nils,VFL,GK,23,0,0,0,0,0.0,0,0,0,0,0,0,1,0,23/24,B
Bohne,Simon,TVH,GK,9,0,0,0,0,0.0,1,0,0,0,0,0,0,0,23/24,B
Grabenstein,Leon,NLB,GK,31,0,0,0,0,0.0,4,2,0,0,0,0,0,0,23/24,B
Klama,Joonas,NLB,GK,1,0,0,0,0,0.0,0,0,0,0,0,0,0,0,23/24,B
Eggert,Glenn-Louis,COB,GK,4,0,0,0,0,0.0,0,0,0,0,0,0,0,0,23/24,B
Patzwaldt,Janik,DES,GK,31,0,0,0,0,0.0,4,0,0,0,0,0,0,0,23/24,B
Bochmann,Pascal,AUE,GK,30,0,0,0,0,0.0,3,1,0,0,0,0,0,0,23/24,B
Oberosler,Louis,DOR,GK,12,0,0,0,0,0.0,0,0,0,0,0,0,0,0,23/24,B
Opitz,Phillip,TVH,RB,3,0,0,0,0,0.0,0,0,0,0,1,0,0,0,23/24,B
Urbic,Ziga,LUD,GK,30,0,0,0,0,0.0,8,5,0,0,0,0,0,0,23/24,B
Runkel,Fabio,ASV,P,1,0,0,0,0,0.0,0,0,0,0,0,0,0,0,23/24,B
Grupe,Mats,LUD,GK,31,0,0,0,0,0.0,10,2,0,0,0,0,0,0,23/24,B
Grabitz,Lucas,GWD,GK,3,0,0,0,0,0.0,0,0,0,0,0,0,0,0,23/24,B
Pysarevskyi,Mykhailo,TVG,GK,1,0,0,0,0,0.0,0,0,0,0,0,0,0,0,23/24,B
Schwenken,Mika,LUD,GK,1,0,0,0,0,0.0,0,0,0,0,0,0,0,0,23/24,B
Dudin,Omar,AUE,GK,1,0,0,0,0,0.0,0,0,0,0,0,0,0,0,23/24,B
Buschhaus,Luis,TUE,CB,1,0,0,0,0,0.0,0,0,0,0,0,0,0,0,23/24,B
Wollert,Ben,ASV,GK,1,0,0,0,0,0.0,0,0,0,0,0,0,0,0,23/24,B
Reis,Marcel,LUD,CB,1,0,0,0,0,0.0,0,0,0,0,0,0,0,0,23/24,B
Solbach Domingo,Hadrian,TUE,GK,1,0,0,0,0,0.0,0,0,0,0,0,0,0,0,23/24,B
Dragunski,Arvid,HAG,LB,3,0,0,0,0,0.0,0,1,0,0,0,0,0,0,23/24,B
Mohs,Felix,DES,GK,1,0,0,0,0,0.0,0,0,0,0,0,0,0,0,23/24,B
Budde,Tom Alexander,GWD,GK,1,0,0,0,0,0.0,0,0,0,0,0,0,0,0,23/24,B
Beckers,Janis,DOR,RB,3,0,0,0,0,0.0,0,0,0,0,0,0,0,0,23/24,B
Weiss,Jan,TUE,P,2,0,0,0,0,0.0,0,0,0,0,0,0,0,0,23/24,B
Kruse,Felix,VFL,LW,3,0,0,0,0,0.0,1,0,0,0,0,0,0,0,23/24,B
Funke,Christopher-Robin,HAG,LW,1,0,0,0,0,0.0,0,0,0,0,0,0,0,0,23/24,B
Schwaiger,Timo,ELB,LB,1,0,0,0,0,0.0,1,0,0,0,0,0,0,0,23/24,B
Petkov,Ivo Rusev,AUE,LW,4,0,0,0,0,0.0,0,0,0,0,0,0,0,0,23/24,B
Sandin,Oliver,ELB,GK,1,0,0,0,0,0.0,0,0,0,0,0,0,0,0,23/24,B
Holer,Frederik,POT,GK,6,0,0,0,0,0.0,0,0,0,0,0,0,0,0,23/24,B
Shchurov,Emil,TVG,GK,2,0,0,0,0,0.0,0,0,0,0,0,0,0,0,23/24,B
Aktas,Ediz,ELB,P,5,0,0,0,0,0.0,0,0,0,0,0,0,0,0,23/24,B
Kriescher,Kaj,DOR,RW,3,0,0,0,0,0.0,0,0,0,0,0,0,0,0,23/24,B
Kaysen,Luke,DOR,CB,3,0,0,0,0,0.0,0,0,0,0,0,0,0,0,23/24,B
Teuteberg,Theodor,GWD,RB,13,0,0,0,0,0.0,0,0,0,0,0,0,0,0,23/24,B
Franz,Lasse,GWD,CB,14,0,0,0,0,0.0,0,0,0,0,0,0,0,0,23/24,B
Steltner,Lennart,POT,RW,1,0,0,0,0,0.0,0,0,0,0,0,0,0,0,23/24,B
Bottcher,Kaspar,ASV,RB,1,0,0,0,0,0.0,0,0,0,0,0,0,0,0,23/24,B
Aly Abdelmotaleb,Mohamed,SGB,GK,8,0,0,0,0,0.0,2,0,0,0,0,0,0,0,23/24,B
Luegering,Fynn,NOL,LB,13,0,0,0,0,0.0,0,0,0,0,0,0,0,0,23/24,B
Rolands,Lebedevs,TVH,GK,1,0,0,0,0,0.0,0,0,0,0,0,0,0,0,23/24,B
Knutzen,Tim,HAG,P,1,0,0,0,0,0.0,0,0,0,0,0,0,0,0,23/24,B
Schmidt,Maximilian,DOR,LB,1,0,0,0,0,0.0,0,0,0,0,0,0,0,0,23/24,B
Emmerich,Johannes,DOR,LB,1,0,0,0,0,0.0,0,0,0,0,0,0,0,0,23/24,B
Krebs,Bent Ole,VIN,GK,7,0,0,0,0,0.0,0,0,0,0,0,0,0,0,23/24,B
Klesniks,Erlens,GWD,GK,1,0,0,0,0,0.0,0,0,0,0,0,0,0,0,23/24,B
Korber,Nicolas,ASV,RB,2,0,0,0,0,0.0,0,0,0,0,0,0,0,0,23/24,B
Dahlhaus,Simon,TVH,RW,2,0,0,0,0,0.0,0,1,0,0,0,0,0,0,23/24,B
Konstantin,Knabe,TVG,CB,1,0,0,0,0,0.0,0,0,0,0,0,0,0,0,23/24,B
Szabo,Mark,DOR,LW,1,0,0,0,0,0.0,0,0,0,0,0,0,0,0,23/24,B
Leis,Krischa,DOR,RB,5,0,0,0,0,0.0,0,0,0,0,0,0,0,0,23/24,B
Kaiser,Lukas,TVH,GK,1,0,0,0,0,0.0,0,0,0,0,0,0,0,0,23/24,B
Loris,Piccoli,LUD,P,1,0,0,0,0,0.0,0,0,0,0,0,0,0,0,23/24,B
Hemeltjen,Florian Tom,NOL,GK,2,0,0,0,0,0.0,0,0,0,0,0,0,0,0,23/24,B
Strodter,Mats,TVH,LB,1,0,0,0,0,0.0,0,0,0,0,0,0,0,0,23/24,B
Mortensen,Casper,HAN,LW,34,230,81,132,98,0.7395,8,3,19,1,2,1,0,0,17/18,A
Kuhn,Julius,MTM,LB,33,224,145,215,9,0.607,92,63,3,13,10,11,0,0,17/18,A
Schiller,Marcel,FAG,LW,33,194,78,69,125,0.7132,9,14,14,0,1,5,0,0,17/18,A
Schmid,Andy,RNL,CB,34,189,171,152,37,0.525,138,44,10,3,3,5,0,0,17/18,A
Hornke,Tim,TBV,RW,34,179,62,98,81,0.7426999999999999,10,5,13,0,5,5,0,0,17/18,A
Lauge,Rasmus,SGF,LB,34,179,94,154,25,0.6557,107,36,2,9,7,9,0,0,17/18,A
Ekberg,Niclas,THW,RW,34,171,58,87,84,0.7467,11,7,10,1,4,3,0,0,17/18,A
Damgaard,Michael,SCM,LB,33,171,138,171,0,0.5534,57,32,4,0,0,3,0,0,17/18,A
Lindberg,Hans,BER,RW,33,169,58,72,97,0.7445,11,6,6,1,1,1,0,0,17/18,A
Weber,Robert,SCM,RW,33,169,89,105,64,0.655,11,6,11,0,3,2,1,0,17/18,A
Steinert,Christoph,HCE,RB,34,166,138,122,44,0.5461,43,50,12,7,18,13,0,0,17/18,A
Hafner,Kai,HAN,RB,34,163,132,163,0,0.5525,54,19,4,5,10,7,0,0,17/18,A
Bjornsen,Kristian,WET,RW,34,159,58,133,26,0.7326999999999999,21,12,4,0,7,3,0,0,17/18,A
Glandorf,Holger,SGF,RB,34,156,126,156,0,0.5532,92,38,3,11,9,6,0,0,17/18,A
Rambo,Christoffer,GWD,RB,34,151,155,141,10,0.4935,89,31,17,9,16,22,1,0,17/18,A
Wanne,Hampus,SGF,LW,34,147,58,127,20,0.7171,12,8,12,0,5,5,0,0,17/18,A
Schagen,Bobby,TVB,RW,34,144,43,106,38,0.7701,31,14,17,0,3,4,0,0,17/18,A
Svan,Lasse,SGF,RW,33,143,60,143,0,0.7044,8,7,11,0,4,6,0,0,17/18,A
Fath,Steffen,BER,LB,28,142,81,142,0,0.6368,37,20,6,7,6,3,0,0,17/18,A
Wernig,Daniel,TVH,RW,34,142,64,74,68,0.6893,11,11,8,1,4,3,0,0,17/18,A
Holst,Maximilian,WET,LW,34,140,46,52,88,0.7526999999999999,10,7,1,0,0,1,0,0,17/18,A
Sigurdsson,Gudjon Valur,RNL,LW,30,139,47,92,47,0.7473000000000001,17,7,5,0,3,1,0,0,17/18,A
Musche,Matthias,SCM,LW,34,138,49,116,22,0.738,17,7,12,0,2,8,1,0,17/18,A
Sommer,Marvin,GUM,LW,32,138,91,116,22,0.6026,10,10,29,3,0,6,1,1,17/18,A
Reichmann,Tobias,MTM,RW,31,133,47,94,39,0.7389,6,13,6,2,5,8,0,0,17/18,A
Mappes,Dominik,TVH,CB,33,132,154,119,13,0.46149999999999997,126,48,6,4,9,6,0,0,17/18,A
Kozina,Kresimir,FAG,P,34,129,32,111,18,0.8012,8,35,5,16,15,17,1,0,17/18,A
Weber,Philipp,LEI,CB,27,127,112,91,36,0.5314,52,30,4,1,2,1,0,0,17/18,A
Kraus,Michael,TVB,LB,23,123,118,86,37,0.5104,58,43,2,0,0,3,0,0,17/18,A
Michalczik,Marian,GWD,LB,34,121,107,118,3,0.5307,65,36,11,4,12,13,1,0,17/18,A
Schmidt,David,LUD,RB,27,120,111,119,1,0.5195000000000001,34,33,3,4,11,19,1,0,17/18,A
Suton,Tim,TBV,CB,34,120,103,120,0,0.5381,78,24,3,3,17,15,1,0,17/18,A
Zhukov,Stanislav,GUM,LB,33,120,97,120,0,0.5529999999999999,58,43,6,21,21,27,3,0,17/18,A
Pekeler,Hendrik,RNL,P,34,119,28,119,0,0.8095,24,13,12,19,15,11,0,0,17/18,A
Johannsson,Ragnar,TVH,RB,34,119,108,119,0,0.5242,41,25,6,3,16,15,2,1,17/18,A
Preuss,Moritz,GUM,P,34,118,24,118,0,0.831,15,24,3,10,19,20,0,0,17/18,A
Allendorf,Michael,MTM,LW,34,117,47,75,42,0.7134,5,15,12,0,5,10,0,0,17/18,A
Wiencek,Patrick,THW,P,34,117,29,117,0,0.8014,8,18,9,24,18,19,1,0,17/18,A
Zieker,Patrick,TBV,LW,33,115,54,111,4,0.6805,8,11,14,0,1,0,0,0,17/18,A
Nenadic,Petar,BER,LB,18,114,75,109,5,0.6032,45,25,7,0,2,5,1,1,17/18,A
Olsen,Morten,HAN,CB,34,113,98,113,0,0.5355,85,59,2,1,1,2,0,0,17/18,A
Jaanimaa,Dener,MTM,RB,34,110,120,110,0,0.4783,52,26,3,0,2,4,0,0,17/18,A
Nilsson,Lukas,THW,LB,34,110,82,110,0,0.5729,50,19,4,2,1,1,0,0,17/18,A
Kneule,Tim,FAG,CB,32,106,56,106,0,0.6543000000000001,47,44,9,2,14,8,0,0,17/18,A
Mensah Larsen,Mads,RNL,CB,34,106,89,106,0,0.5436,75,18,6,10,13,8,0,0,17/18,A
Wiede,Fabian,BER,RB,31,105,93,104,1,0.5303,121,35,7,14,9,5,0,0,17/18,A
Kunkel,Yves,LEI,LW,33,105,55,64,41,0.6563,6,9,3,0,0,3,0,0,17/18,A
Vujin,Marko,THW,RB,34,103,94,82,21,0.5228,41,19,1,1,0,0,0,0,17/18,A
Feld,Alexander,LUD,CB,34,103,98,93,10,0.5124,25,31,5,2,7,10,0,0,17/18,A
Djozic,Denni,LUD,LW,26,100,33,29,71,0.7519,1,3,1,0,2,3,0,0,17/18,A
Cavor,Stefan,WET,RB,34,100,81,100,0,0.5525,45,33,4,4,9,6,0,0,17/18,A
Svitlica,Aleksandar,GWD,RW,30,97,59,77,20,0.6218,5,17,9,1,9,8,1,0,17/18,A
Pieczkowski,Niclas,LEI,CB,31,97,106,97,0,0.4778,65,42,5,7,10,9,0,0,17/18,A
Kohlbacher,Jannik,WET,P,29,95,41,95,0,0.6984999999999999,12,14,0,7,10,9,0,0,17/18,A
Groetzki,Patrick,RNL,RW,32,94,34,93,1,0.7343999999999999,23,10,7,0,4,3,0,0,17/18,A
Link,Nikolai,HCE,LB,32,94,102,94,0,0.4796,44,28,12,30,18,17,1,0,17/18,A
Bechtloff,Jens,NLB,LW,31,94,51,68,26,0.6483,7,12,7,2,4,4,0,0,17/18,A
Rojewski,Andreas,LEI,RB,28,93,82,76,17,0.5314,37,15,4,2,5,7,0,0,17/18,A
Orlowski,Marian,TVB,LB,29,89,101,89,0,0.46840000000000004,19,24,2,3,6,8,0,0,17/18,A
Christiansen,Mads,SCM,RB,34,89,78,89,0,0.5329,52,13,11,3,7,3,0,0,17/18,A
Theuerkauf,Christoph,TBV,P,31,88,39,83,5,0.6929000000000001,4,11,8,1,1,2,0,0,17/18,A
Bilyk,Nikola,THW,LB,31,88,62,88,0,0.5867,52,13,7,8,7,7,0,0,17/18,A
Bagaric,Marko,NLB,LB,31,87,133,87,0,0.39549999999999996,25,33,2,3,6,8,0,0,17/18,A
Zvizej,Luka,GWD,LW,28,86,40,35,51,0.6825,5,10,7,1,2,5,0,0,17/18,A
O'Sullivan,Christian,SCM,CB,34,86,49,69,17,0.637,64,28,4,5,7,9,0,0,17/18,A
Gullerud,Magnus,GWD,P,34,85,35,85,0,0.7082999999999999,10,7,23,14,20,19,0,0,17/18,A
Schweikardt,Michael,TVB,CB,34,84,73,77,7,0.535,44,52,5,3,6,7,0,0,17/18,A
Weiss,Dominik,TVB,LB,30,84,91,84,0,0.48,28,26,15,20,10,9,1,0,17/18,A
Salger,Stefan,TVB,RB,33,83,111,83,0,0.4278,9,22,4,2,4,11,0,0,17/18,A
Guardiola,Isaias,TBV,RB,34,83,92,83,0,0.4743,57,29,24,17,11,7,0,0,17/18,A
Weinhold,Steffen,THW,RB,27,82,59,82,0,0.5816,36,13,2,3,15,14,0,0,17/18,A
Gierak,Lukasz,NLB,CB,34,82,89,63,19,0.47950000000000004,64,49,5,4,12,14,1,0,17/18,A
Pettersson,Alexander,RNL,RB,33,81,65,81,0,0.5548,39,14,12,2,14,10,0,0,17/18,A
Zachrisson,Mattias,BER,RW,34,81,49,81,0,0.6231,17,16,10,1,4,8,0,0,17/18,A
Bezjak,Marko,SCM,CB,34,81,53,78,3,0.6045,96,45,8,1,3,8,1,1,17/18,A
Baumgartner,Florian,GUM,RB,28,80,112,79,1,0.4167,51,53,3,4,6,4,0,0,17/18,A
Doder,Dalibor,GWD,CB,32,79,86,79,0,0.48,30,24,3,0,0,1,0,0,17/18,A
Lipovina,Vladan,TVH,RB,19,79,74,79,0,0.52,16,18,2,0,2,4,0,0,17/18,A
Valiullin,Azat,TBV,LB,33,79,71,78,1,0.5267000000000001,20,12,7,10,11,7,0,0,17/18,A
Kaleb,Ante,NLB,CB,34,79,82,78,1,0.4907,45,29,7,2,2,3,1,0,17/18,A
Semper,Franz,LEI,RB,22,78,54,78,0,0.5909,18,14,1,1,3,4,0,0,17/18,A
Ferraz,Joao,WET,RB,33,78,71,78,0,0.5235,58,41,2,0,11,13,1,0,17/18,A
Mikkelsen,Lasse Reinhold,MTM,CB,34,78,61,65,13,0.5611999999999999,37,21,2,0,3,1,0,0,17/18,A
Patrail,Mait,HAN,LB,30,77,51,77,0,0.6015999999999999,73,24,16,9,5,1,0,0,17/18,A
Budel,Nico,HCE,CB,34,77,65,65,12,0.5423,28,26,2,0,5,5,0,0,17/18,A
von Gruchalla,Florian,GUM,RW,33,75,43,36,39,0.6356,2,6,7,1,2,1,0,0,17/18,A
Kastening,Timo,HAN,RW,34,75,41,58,17,0.6466,8,6,8,0,1,1,0,0,17/18,A
Hermann,Alexander,WET,LB,28,74,78,74,0,0.4868,34,26,2,1,2,8,0,0,17/18,A
Bartok,Donat,TBV,RB,34,74,74,74,0,0.5,21,34,4,1,6,7,0,0,17/18,A
Fernandes,Mario,TVH,P,34,72,25,72,0,0.7423000000000001,4,20,15,1,15,19,0,0,17/18,A
Sklenak,Tomas,TVH,CB,34,72,67,72,0,0.518,56,50,2,1,3,3,1,0,17/18,A
Musa,Zeljko,SCM,P,34,72,22,72,0,0.7659999999999999,8,18,13,30,21,11,0,0,17/18,A
Brozovic,Ilija,HAN,P,34,72,21,72,0,0.7742,7,26,6,11,20,23,1,0,17/18,A
Zelenovic,Nemanja,SCM,RB,34,72,58,72,0,0.5538000000000001,32,23,3,8,8,4,0,0,17/18,A
Zarabec,Miha,THW,CB,34,71,34,66,5,0.6762,53,23,0,0,2,1,0,0,17/18,A
Bohm,Fabian,HAN,LB,32,70,60,70,0,0.5385,30,28,7,6,15,13,0,0,17/18,A
Stranovsky,Martin,HCE,LW,31,70,26,41,29,0.7292000000000001,9,8,3,0,4,3,0,0,17/18,A
Sesum,Zarko,FAG,CB,28,68,67,68,0,0.5,43,22,4,23,6,12,0,0,17/18,A
Zetterman,Pontus,NLB,RB,33,68,53,41,27,0.56,42,23,2,0,8,3,0,0,17/18,A
Tollbring,Jerry,RNL,LW,34,68,28,52,16,0.7082999999999999,3,7,5,0,1,1,0,0,17/18,A
Pujol,Josef,GUM,CB,30,67,73,67,0,0.47859999999999997,57,39,3,3,2,3,0,0,17/18,A
Rakovic,Luka,NLB,RW,33,66,33,51,15,0.6667000000000001,5,8,6,2,5,8,0,0,17/18,A
Spath,Manuel,TVB,P,34,65,20,65,0,0.7646999999999999,8,16,10,29,23,19,1,0,17/18,A
Mogensen,Thomas,SGF,CB,34,65,44,65,0,0.5963,46,25,0,2,7,6,1,0,17/18,A
Mahe,Kentin,SGF,CB,34,64,41,31,33,0.6095,17,18,4,0,1,3,0,0,17/18,A
Thummler,Jonas,HCE,P,26,64,19,64,0,0.7711,4,18,4,2,5,13,0,0,17/18,A
Schroder,Andreas,HCE,LB,29,64,50,64,0,0.5614,28,20,8,15,7,11,0,0,17/18,A
Toft Hansen,Henrik,SGF,P,34,64,26,64,0,0.7111,3,7,16,22,8,8,0,0,17/18,A
Torbrugge,Nils,NLB,P,33,63,17,63,0,0.7875,7,24,1,17,19,34,1,0,17/18,A
Milosevic,Alen,LEI,P,34,63,17,63,0,0.79,9,20,1,3,10,15,0,0,17/18,A
Schongarth,Jens,FAG,RB,29,62,66,62,0,0.4844,8,13,4,1,5,10,0,0,17/18,A
Elisson,Bjarki Mar,BER,LW,30,62,27,60,2,0.6966,4,4,2,1,1,4,0,0,17/18,A
Kopp,Eirik,GUM,LB,32,62,65,45,17,0.4882,15,16,1,4,5,9,0,0,17/18,A
Sellin,Johannes,HCE,RW,18,61,41,52,9,0.598,8,16,10,0,3,3,0,0,17/18,A
Dietrich,Gunnar,LUD,LB,34,61,80,61,0,0.4326,68,49,3,24,9,19,1,0,17/18,A
Janke,Maximilian,LEI,CB,29,61,26,61,0,0.7011,27,13,7,18,14,12,0,0,17/18,A
Reinkind,Harald,RNL,RB,34,61,33,61,0,0.6489,33,15,0,7,7,4,0,0,17/18,A
Kogut,Andrej,TBV,CB,32,60,68,60,0,0.46880000000000005,31,24,4,4,8,9,0,0,17/18,A
Durak,Pascal,LUD,RW,29,60,27,32,28,0.6897,3,5,1,0,5,6,1,0,17/18,A
Pevnov,Evgeni,HAN,P,30,59,14,59,0,0.8081999999999999,7,11,2,24,13,16,0,0,17/18,A
Weber,Patrick,LUD,LB,25,58,90,58,0,0.39189999999999997,11,16,3,5,1,3,0,0,17/18,A
Maric,Marino,MTM,P,27,58,20,58,0,0.7436,11,19,6,5,7,10,0,0,17/18,A
Muller,Michael,MTM,RB,27,57,64,57,0,0.4711,92,31,2,6,12,15,1,0,17/18,A
Damgaard Espersen,Allan,FAG,CB,31,57,49,57,0,0.5377000000000001,59,30,6,0,4,4,0,0,17/18,A
Kvist,Kasper,WET,LW,34,57,30,57,0,0.6552,6,9,3,0,3,1,0,0,17/18,A
Drux,Paul,BER,LB,23,56,33,56,0,0.6292,23,10,5,3,3,8,0,0,17/18,A
Van Olphen,Fabian,TBV,LB,32,55,50,55,0,0.5238,35,18,7,35,9,11,0,0,17/18,A
Dippe,Kai,LUD,P,33,55,23,55,0,0.7051000000000001,7,27,9,6,17,38,5,0,17/18,A
Cederholm,Andreas,GWD,RB,27,55,36,55,0,0.6043999999999999,23,13,1,4,4,3,0,0,17/18,A
Schroter,Tobias,GUM,RW,30,54,33,53,1,0.6207,6,10,7,0,7,10,0,0,17/18,A
Ekdahl du Rietz,Kim,RNL,LB,13,53,33,53,0,0.6163000000000001,14,4,1,9,3,8,0,0,17/18,A
Bagersted,Jacob,FAG,P,31,53,20,53,0,0.726,12,9,4,11,22,18,0,0,17/18,A
Ritterbach,Joscha,FAG,LW,34,52,25,52,0,0.6753,4,4,1,0,10,14,1,0,17/18,A
Dahmke,Rune,THW,LW,27,52,41,52,0,0.5590999999999999,4,3,4,1,3,5,0,0,17/18,A
Binder,Lukas,LEI,LW,32,52,32,52,0,0.619,10,8,10,0,1,3,0,0,17/18,A
Bissel,Christopher,HCE,LW,30,52,22,52,0,0.7027,4,8,8,0,4,8,0,0,17/18,A
Haass,Michael,HCE,CB,34,51,54,51,0,0.49,37,35,17,9,15,17,0,0,17/18,A
Rompf,Christian,TVH,LW,31,51,41,51,0,0.5543,4,6,3,2,14,20,1,0,17/18,A
Fontaine,Daniel,FAG,LB,28,50,76,50,0,0.3968,59,13,5,9,3,6,0,0,17/18,A
Rentschler,Marco,FAG,RW,24,50,23,44,6,0.6849,3,6,6,1,3,1,0,0,17/18,A
Strosack,Peter,LEI,RW,33,50,23,47,3,0.6849,2,2,7,1,3,5,0,0,17/18,A
Mertens,Lukas,SCM,LW,31,50,19,46,4,0.7245999999999999,3,2,8,0,1,1,0,0,17/18,A
Zachariassen,Anders,SGF,P,30,49,16,49,0,0.7537999999999999,6,10,5,9,6,8,0,0,17/18,A
Golla,Johannes,MTM,P,34,49,14,49,0,0.7778,5,7,3,6,10,16,0,0,17/18,A
Baumgarten,Simon,TVB,P,29,48,13,48,0,0.7868999999999999,1,4,1,1,3,3,0,0,17/18,A
Baena Gonzalez,Rafael,RNL,P,34,47,9,47,0,0.8393,8,9,0,0,0,1,0,0,17/18,A
Remer,Tim,NLB,LB,16,46,23,36,10,0.6667000000000001,6,4,3,0,1,1,0,0,17/18,A
Forsell Schefvert,Olle,WET,LB,34,46,53,46,0,0.4646,49,25,3,14,16,16,0,0,17/18,A
Schneider,Timm,MTM,CB,30,45,26,45,0,0.6338,19,20,2,1,6,15,0,0,17/18,A
Zorb,Moritz,TVH,P,33,44,17,44,0,0.7212999999999999,6,4,5,6,5,16,2,0,17/18,A
Scholz,Jonathan,LUD,LW,34,44,23,44,0,0.6567000000000001,5,3,8,2,10,5,2,0,17/18,A
Schmidt,Erik,BER,P,32,44,24,44,0,0.6470999999999999,5,12,1,10,19,20,0,0,17/18,A
Bilbija,Nenad,GWD,LB,27,43,39,43,0,0.5244,14,8,0,0,0,0,0,0,17/18,A
Chrapkowski,Piotr,SCM,LB,33,42,15,42,0,0.7368000000000001,21,6,17,35,21,21,1,0,17/18,A
Danner,Felix,MTM,P,34,41,8,41,0,0.8367,7,13,4,21,13,10,1,0,17/18,A
Falk,Alexander,LUD,RW,34,41,19,39,2,0.68,6,5,8,1,4,7,0,0,17/18,A
Lindskog,Anton,WET,P,34,41,16,41,0,0.7193,14,5,5,33,24,18,0,0,17/18,A
Ernst,Simon,GUM,CB,6,40,19,36,4,0.6779999999999999,25,11,1,1,2,2,0,0,17/18,A
Pettersson,Daniel,SCM,RW,34,40,25,38,2,0.6154,6,2,1,0,0,2,0,0,17/18,A
Mansson,Anton,GWD,P,34,39,13,39,0,0.75,2,7,1,13,7,12,0,0,17/18,A
Struck,Kevin,BER,LB,34,39,23,39,0,0.629,2,6,3,7,8,6,0,0,17/18,A
Theilinger,Nicolai,HCE,RB,17,38,25,38,0,0.6032,25,15,3,2,4,7,0,0,17/18,A
Krzikalla,Lucas,LEI,RW,34,38,19,38,0,0.6667000000000001,4,7,4,0,4,3,0,0,17/18,A
Lux,Maximilian,HCE,RW,33,38,26,38,0,0.5938,4,7,2,0,2,1,0,0,17/18,A
Sudmeier,Soren,GWD,CB,30,37,46,37,0,0.4458,14,16,5,1,5,5,0,0,17/18,A
Hofmann,Jannik,TVH,LW,34,37,26,37,0,0.5872999999999999,4,3,5,1,3,11,0,0,17/18,A
Schimmelbauer,Tobias,TVB,LW,26,37,24,37,0,0.61,10,7,6,5,14,20,4,0,17/18,A
Kopljar,Marko,BER,RB,17,37,37,37,0,0.5,15,8,0,3,6,4,0,0,17/18,A
Frend Ofors,Emil,THW,LW,34,37,17,37,0,0.6851999999999999,4,1,6,1,4,3,0,0,17/18,A
Johannsen,Torge,HAN,RW,27,36,21,35,1,0.6315999999999999,5,7,3,0,3,3,0,0,17/18,A
Mirkulovski,Filip,WET,CB,33,36,19,36,0,0.6545000000000001,27,40,0,0,1,7,0,0,17/18,A
Gottfridsson,Jim,SGF,CB,22,35,23,35,0,0.6,46,14,3,2,1,5,0,0,17/18,A
Link,Jonas,HCE,CB,34,35,36,35,0,0.493,15,13,4,1,0,0,0,0,17/18,A
Genz,Jo Gerrit,NLB,RB,34,35,39,35,0,0.47,13,16,4,2,9,12,0,0,17/18,A
Jurdzs,Aivis,LEI,LB,31,34,41,34,0,0.4533,25,11,6,9,4,6,0,0,17/18,A
Klimek,Christian,TBV,P,30,34,16,34,0,0.68,8,3,7,34,18,13,0,0,17/18,A
Jeppsson,Simon,SGF,LB,31,34,43,31,3,0.4416,38,10,5,1,1,2,0,0,17/18,A
Korte,Mats,GWD,LW,32,34,19,34,0,0.6415000000000001,3,3,1,0,2,3,0,0,17/18,A
Rahmel,Ole,THW,RW,34,33,14,33,0,0.7021,4,4,4,1,4,8,1,0,17/18,A
Poter,Philipp,WET,CB,31,33,30,33,0,0.5238,24,27,1,1,2,5,0,0,17/18,A
Lambrecht,Moritz,TVH,P,34,33,14,33,0,0.7021,7,3,15,5,14,22,2,0,17/18,A
Steinhauser,Marius,SGF,RW,34,31,12,29,2,0.7209,1,4,3,1,2,2,0,0,17/18,A
Santos,Raul,THW,LW,15,31,11,31,0,0.7381,3,1,4,0,1,0,0,0,17/18,A
Schade,Moritz,NLB,P,34,31,21,31,0,0.5962,2,8,6,4,8,12,1,0,17/18,A
Stuber,Frederic,LUD,P,26,31,8,31,0,0.7948999999999999,3,8,3,4,6,16,0,0,17/18,A
Karason,Runar,HAN,RB,31,30,34,25,5,0.46880000000000005,13,9,1,2,5,6,0,0,17/18,A
Radivojevic,Bogdan,RNL,RW,34,30,8,30,0,0.7895,0,1,0,0,0,1,0,0,17/18,A
Remmlinger,Jan,LUD,LB,16,30,30,30,0,0.5,7,8,0,2,8,11,1,0,17/18,A
Muller,Philipp,MTM,LB,29,28,17,28,0,0.6222,19,13,3,15,12,14,0,0,17/18,A
Duvnjak,Domagoj,THW,CB,17,28,25,28,0,0.5283,28,5,15,0,1,4,1,0,17/18,A
Dissinger,Christian,THW,LB,30,28,43,28,0,0.3944,29,15,5,7,5,12,0,0,17/18,A
Pfahl,Adrian,FAG,RB,20,27,40,27,0,0.40299999999999997,21,13,4,2,3,5,0,0,17/18,A
Koch,Johan,BER,P,14,27,11,27,0,0.7105,0,3,1,1,2,3,0,0,17/18,A
Matic,Marko,GUM,LB,29,27,43,27,0,0.3857,35,21,1,19,16,18,0,0,17/18,A
Gruszka,Rene,NLB,RW,34,26,20,22,4,0.5652,1,4,4,0,3,1,0,0,17/18,A
Staar,Max,GWD,RW,27,26,21,25,1,0.5532,4,1,5,0,1,2,0,0,17/18,A
Pusica,Miljan,GWD,LB,34,26,23,26,0,0.5306000000000001,10,10,5,24,16,18,1,0,17/18,A
Boomhouwer,Jeffrey,MTM,LW,33,25,14,25,0,0.64,3,1,6,1,0,3,0,0,17/18,A
Ebner,Dominik,TBV,RB,33,25,25,25,0,0.5,19,13,0,0,0,1,0,0,17/18,A
Kneer,Stefan,WET,LB,32,24,26,24,0,0.48,21,10,3,8,8,16,0,0,17/18,A
Taleski,Filip,RNL,LB,34,24,9,24,0,0.7273000000000001,10,3,2,4,6,5,0,0,17/18,A
Mandalinic,Stipe,BER,LB,15,24,21,24,0,0.53,8,6,1,1,1,2,0,0,17/18,A
Haenen,Arjan,MTM,RW,34,23,6,23,0,0.79,3,6,1,0,0,1,0,0,17/18,A
Feuchtmann Perez,Erwin,GUM,LB,32,23,17,20,3,0.575,7,6,1,0,3,6,0,0,17/18,A
Becker,Alexander,GUM,P,34,22,9,22,0,0.7097,8,8,8,8,9,15,1,0,17/18,A
Meschke,Benjamin,LEI,P,34,22,11,22,0,0.6667000000000001,0,7,0,0,0,3,1,0,17/18,A
Hahn,Tobias,TVH,RW,34,22,11,21,1,0.6667000000000001,2,1,1,3,4,5,0,0,17/18,A
Lemke,Finn,MTM,LB,24,21,20,21,0,0.5122,11,9,7,41,5,8,0,0,17/18,A
Haider,Maximilian,LUD,P,29,21,7,21,0,0.75,2,4,0,6,3,6,1,0,17/18,A
Kretschmer,Finn,TVB,RW,28,20,22,20,0,0.47619999999999996,2,1,2,0,1,2,0,0,17/18,A
Gojun,Jakov,BER,LB,33,19,11,19,0,0.6333,6,4,6,28,16,18,0,0,17/18,A
Urban,Tomas,FAG,RW,7,19,13,19,0,0.5938,2,0,1,1,0,3,0,0,17/18,A
Hovels,Kenji,NLB,CB,19,17,27,17,0,0.3864,6,15,0,0,0,1,0,0,17/18,A
Markotic,Robert,TVB,RB,9,17,18,17,0,0.4857,11,7,1,1,3,4,0,0,17/18,A
Kalarash,Gleb,SCM,P,34,17,8,17,0,0.68,3,8,1,1,2,7,0,0,17/18,A
Rod,Magnus,SGF,RB,25,17,20,17,0,0.4595,6,3,3,6,1,3,0,0,17/18,A
Toft Hansen,Rene,THW,P,17,16,6,16,0,0.73,3,1,11,15,9,5,0,0,17/18,A
Stefan,Tim,TVH,LB,21,16,27,16,0,0.3721,7,8,2,1,3,2,0,0,17/18,A
Pfattheicher,Sascha,TVB,RW,22,16,12,16,0,0.5714,0,0,0,0,0,0,0,0,17/18,A
Egelhof,Robin,LUD,RB,13,16,22,16,0,0.4211,7,13,1,2,4,2,0,0,17/18,A
Hafner,Max,TVB,CB,20,16,26,16,0,0.381,10,10,3,0,2,1,0,0,17/18,A
Roth,Sebastian,TVH,LB,33,15,26,15,0,0.36590000000000006,4,2,0,0,1,1,0,0,17/18,A
Heymann,Sebastian,FAG,LB,12,15,15,15,0,0.5,8,6,0,1,1,2,0,0,17/18,A
Rivesjo,Tobias,LEI,LB,32,15,17,14,1,0.46880000000000005,10,2,0,4,3,1,0,0,17/18,A
Vukovic,Drago,BER,CB,34,14,11,14,0,0.56,14,4,3,22,11,8,0,0,17/18,A
Milde,Oliver,BER,LB,15,14,9,14,0,0.6087,4,1,1,0,0,1,0,0,17/18,A
Remke,Gregor,LEI,RB,14,14,19,14,0,0.4242,4,10,0,0,0,2,0,0,17/18,A
Plaza Jimenez,Ignacio,BER,P,10,13,9,13,0,0.5909,0,2,0,2,3,3,0,0,17/18,A
Hubscher,Robin,TBV,LW,32,13,6,13,0,0.6842,0,1,0,0,0,0,0,0,17/18,A
Buhrer,Pascal,LUD,CB,34,13,10,13,0,0.57,7,7,1,0,0,2,0,0,17/18,A
Rothlisberger,Samuel,TVB,P,34,13,2,13,0,0.87,2,4,4,14,13,11,0,0,17/18,A
Guardiola,Gedeon,RNL,P,20,12,9,12,0,0.57,9,2,10,34,11,6,0,0,17/18,A
Roscheck,Bastian,LEI,P,34,12,2,12,0,0.8571,8,4,7,22,27,30,2,0,17/18,A
Lehnhoff,Lars,HAN,CB,22,11,6,11,0,0.6470999999999999,2,1,1,0,0,2,0,0,17/18,A
Rnic,Momir,RNL,LB,18,11,9,11,0,0.55,4,3,0,0,0,0,0,0,17/18,A
Schaffer,Jan,HCE,P,7,11,2,11,0,0.8462000000000001,5,1,1,1,1,0,1,0,17/18,A
Sjostrand,Charlie,GWD,LW,4,10,8,7,3,0.5556,0,0,1,0,0,0,0,0,17/18,A
Atman,Pavel,HAN,CB,11,10,7,10,0,0.59,4,5,0,0,0,1,0,0,17/18,A
Halen,Anton,FAG,RB,6,9,5,9,0,0.6429,4,0,0,0,1,1,0,0,17/18,A
Firnhaber,Sebastian,THW,P,32,9,4,9,0,0.69,2,2,2,17,8,6,1,0,17/18,A
Hruscak,Patrik,LUD,RB,14,9,12,9,0,0.4286,1,0,0,1,0,1,0,0,17/18,A
Jaeger,Max,GUM,LW,20,9,5,7,2,0.6429,0,0,1,0,0,1,0,0,17/18,A
Speckmann,Jan-Eric,NLB,LW,13,9,10,8,1,0.47369999999999995,0,1,1,0,0,3,0,0,17/18,A
Langhans,Gabor,MTM,RB,15,8,7,8,0,0.5333,3,3,0,1,0,4,0,0,17/18,A
Heinl,Jacob,SGF,P,30,8,7,8,0,0.53,2,11,0,8,9,3,0,0,17/18,A
Nagele,Jochen,FAG,RW,12,8,13,8,0,0.381,1,0,0,1,1,1,0,0,17/18,A
Lobedank,Felix,TVB,RB,10,7,8,7,0,0.4667,3,4,0,1,3,2,0,0,17/18,A
Zeitz,Christian,THW,RB,20,7,13,7,0,0.35,4,2,3,2,5,2,0,0,17/18,A
Volentics,Miroslav,WET,RW,30,7,5,7,0,0.5832999999999999,0,1,1,0,0,1,0,0,17/18,A
Bundalo,Uros,HCE,P,9,7,3,7,0,0.7,1,3,0,2,3,6,0,0,17/18,A
Gorpishin,Sergej,HCE,P,24,7,2,7,0,0.7778,0,0,0,2,1,2,0,0,17/18,A
Engelhardt,Alexander,TBV,P,14,7,3,7,0,0.7,1,1,0,0,0,3,0,0,17/18,A
Enstrom,Marcus,HCE,RW,5,6,5,6,0,0.55,0,1,0,0,2,0,0,0,17/18,A
Zerbe,Lukas,TBV,RW,21,5,2,5,0,0.71,2,0,1,0,0,1,0,0,17/18,A
Buric,Benjamin,WET,GK,34,5,3,5,0,0.63,21,3,0,0,0,0,0,0,17/18,A
Sicko,Szymon,TVH,LB,15,5,9,5,0,0.36,0,2,0,0,0,1,0,0,17/18,A
Vortmann,Jens,LEI,GK,32,4,2,4,0,0.67,4,3,1,0,2,0,0,0,17/18,A
Palicka,Andreas,RNL,GK,34,4,2,4,0,0.67,14,4,1,0,0,0,0,0,17/18,A
Landin,Niklas,THW,GK,32,4,3,4,0,0.5714,16,3,1,0,0,0,0,0,17/18,A
Green,Jannick,SCM,GK,34,4,1,4,0,0.8,19,0,0,0,1,1,0,0,17/18,A
Kalafut,Dominik,HAN,P,29,4,1,4,0,0.8,1,1,0,0,0,2,0,0,17/18,A
Ritschel,Matthias,TVH,GK,34,3,1,3,0,0.75,9,2,3,0,0,0,1,0,17/18,A
Sonne-Hansen,Kim,GWD,GK,24,3,1,3,0,0.75,5,0,0,0,0,0,0,0,17/18,A
Reissky,Christoph,BER,RB,11,3,2,3,0,0.6,1,1,0,0,0,4,0,0,17/18,A
Johannesson,Peter,TBV,GK,30,3,0,3,0,1.0,4,5,0,0,1,0,0,0,17/18,A
Birlehm,Joel,NLB,GK,32,3,0,3,0,1.0,8,0,0,0,0,0,0,0,17/18,A
Timm,Marcel,GUM,P,16,3,0,3,0,1.0,1,0,1,1,3,4,0,0,17/18,A
Lemke,Jari,TBV,LB,18,3,6,3,0,0.33,2,2,0,0,1,1,0,0,17/18,A
Urios Gonzales,Rolando,BER,P,4,3,3,3,0,0.5,0,0,0,1,0,0,0,0,17/18,A
Putera,Milos,LEI,GK,34,2,0,2,0,1.0,6,3,0,0,0,0,0,0,17/18,A
Wolff,Andreas,THW,GK,34,2,3,2,0,0.4,9,0,0,0,0,0,0,0,17/18,A
Trost,Alexander,FAG,RW,8,2,3,2,0,0.4,2,0,0,0,0,0,0,0,17/18,A
Appelgren,Mikael,RNL,GK,34,2,1,2,0,0.67,11,2,0,0,0,0,0,0,17/18,A
Prost,Primoz,FAG,GK,34,2,1,2,0,0.67,12,1,3,0,0,1,0,0,17/18,A
Sjostrand,Johan,MTM,GK,33,2,0,2,0,1.0,4,0,0,0,0,1,0,0,17/18,A
Kienzle,Martin,TVB,LW,3,2,4,2,0,0.33,0,0,0,0,1,0,0,0,17/18,A
Schoneseiffen,Sebastian,GUM,CB,10,2,1,2,0,0.67,2,2,0,0,0,0,0,0,17/18,A
Simic,Nebojsa,MTM,GK,29,2,1,2,0,0.67,8,4,0,0,0,0,0,0,17/18,A
Tatai,Peter,NLB,GK,34,2,1,2,0,0.67,1,1,0,0,1,3,0,0,17/18,A
Kluge,Justus Max,SCM,LW,3,2,1,2,0,0.67,0,0,0,0,0,0,0,0,17/18,A
Klein,Johannes,TVH,LB,13,2,2,2,0,0.5,3,0,1,1,2,1,0,0,17/18,A
Burmeister,Florian,TVB,LB,27,2,7,2,0,0.22,1,1,0,0,0,0,0,0,17/18,A
Christensen,Espen,GWD,GK,33,2,1,2,0,0.67,5,0,0,0,0,0,0,0,17/18,A
Schletterer,Jonas,HCE,RB,9,2,1,2,0,0.67,0,0,0,0,0,0,0,0,17/18,A
Heinevetter,Silvio,BER,GK,33,1,3,1,0,0.25,12,1,2,0,1,1,0,0,17/18,A
Ziemer,Martin,HAN,GK,34,1,2,1,0,0.33,21,10,3,0,0,0,0,0,17/18,A
Christophersen,Sven-Soren,HAN,LB,33,1,3,1,0,0.25,8,0,4,34,17,22,0,0,17/18,A
Quenstedt,Dario,SCM,GK,34,1,1,1,0,0.5,4,0,1,0,0,0,0,0,17/18,A
Lichtlein,Carsten,GUM,GK,34,1,0,1,0,1.0,9,0,0,0,0,0,0,0,17/18,A
Klier,Kevin,LUD,GK,31,1,1,1,0,0.5,4,3,0,0,0,1,0,0,17/18,A
Katsigiannis,Nikolas,HCE,GK,27,1,2,1,0,0.3333,3,6,0,0,0,0,0,0,17/18,A
Andersson,Mattias,SGF,GK,34,1,1,1,0,0.5,19,0,3,0,0,0,0,0,17/18,A
Maier,Jonas,TVB,GK,34,1,1,1,0,0.5,0,1,1,0,0,0,0,0,17/18,A
Hanemann,Stefan,LUD,GK,15,1,0,1,0,1.0,5,0,0,0,0,0,0,0,17/18,A
Hess,Oliver,LUD,RB,5,1,0,1,0,1.0,2,3,0,0,1,0,0,0,17/18,A
Grabarczyk,Piotr,NLB,P,24,1,0,0,1,1.0,1,1,0,11,19,21,2,0,17/18,A
M'Bengue,Djibril,TVB,RB,3,1,1,1,0,0.5,0,1,0,0,0,0,0,0,17/18,A
Keller,Rico,RNL,CB,3,1,1,0,1,0.5,0,0,0,0,0,0,0,0,17/18,A
Wyszomirski,Piotr,TBV,GK,34,1,1,1,0,0.5,10,0,0,0,0,1,0,0,17/18,A
Molina,Carlos,SCM,P,33,1,1,1,0,0.5,1,0,1,4,2,1,0,0,17/18,A
Kister,Lukas,GWD,CB,26,1,3,1,0,0.25,1,1,0,1,0,2,0,0,17/18,A
Schreiber,Hendrik,WET,LB,5,1,1,1,0,0.5,0,1,0,0,0,0,0,0,17/18,A
Worner,Jan,TVH,RB,22,1,0,1,0,1.0,0,0,0,0,1,0,0,0,17/18,A
Diebel,Niklas,HAN,LB,10,1,2,1,0,0.3333,0,0,0,0,0,1,0,0,17/18,A
Nowatzki,Maximilian,GWD,RB,3,1,1,1,0,0.5,0,0,0,0,0,0,0,0,17/18,A
Trost,Max,RNL,LB,7,1,1,1,0,0.5,0,0,0,0,0,0,0,0,17/18,A
De la Pena,Juan,SCM,CB,23,1,3,0,1,0.25,0,1,0,0,0,0,0,0,17/18,A
Gerntke,Erik,BER,RB,3,1,1,1,0,0.5,0,0,0,0,0,0,0,0,17/18,A
Danowski,Niklas,SCM,P,1,1,0,0,1,1.0,0,0,0,0,0,0,0,0,17/18,A
Hangstein,Fynn,TBV,CB,14,1,5,1,0,0.16670000000000001,0,1,0,0,0,2,0,0,17/18,A
Stochl,Petr,BER,GK,34,0,0,0,0,0.0,6,0,1,0,1,0,0,0,17/18,A
Schomburg,Fabian,TVH,GK,34,0,0,0,0,0.0,1,0,0,0,0,0,0,0,17/18,A
Weber,Nikolai,WET,GK,32,0,0,0,0,0.0,2,0,0,0,0,0,0,0,17/18,A
Bitter,Johannes,TVB,GK,22,0,0,0,0,0.0,5,3,1,0,3,1,0,0,17/18,A
Grafenhorst,Yves,SCM,LW,1,0,0,0,0,0.0,0,0,0,0,1,0,0,0,17/18,A
Karlsson,Tobias,SGF,P,34,0,0,0,0,0.0,6,2,5,59,27,22,0,0,17/18,A
Semisch,Malte,HAN,GK,34,0,0,0,0,0.0,5,0,0,0,0,0,0,0,17/18,A
Puhle,Matthias,GUM,GK,27,0,0,0,0,0.0,0,2,0,0,0,0,0,0,17/18,A
Kraft,Fabian,WET,LW,2,0,0,0,0,0.0,1,0,0,0,0,0,0,0,17/18,A
Rebmann,Daniel,FAG,GK,34,0,0,0,0,0.0,4,1,2,0,0,1,0,0,17/18,A
Klesniks,Evars,WET,RB,14,0,0,0,0,0.0,0,0,1,3,3,9,0,0,17/18,A
Peribonio,Roko,LUD,GK,30,0,0,0,0,0.0,2,0,0,0,0,0,0,0,17/18,A
Bliznac,Kristian,RNL,LB,27,0,0,0,0,0.0,1,0,0,0,0,2,0,0,17/18,A
Møller,Kevin,SGF,GK,24,0,0,0,0,0.0,3,0,0,0,0,0,0,0,17/18,A
Muller,Jonas,TVH,LB,3,0,0,0,0,0.0,0,0,0,0,0,0,0,0,17/18,A
Drager,Maurice,HAN,LB,2,0,0,0,0,0.0,0,0,0,0,0,0,0,0,17/18,A
Gehrke,Tobias,FAG,CB,3,0,0,0,0,0.0,0,0,0,0,1,0,0,0,17/18,A
Skof,Gorazd,HCE,GK,33,0,0,0,0,0.0,10,4,0,0,1,3,0,0,17/18,A
Kirchenbauer,Pascal,LUD,CB,5,0,0,0,0,0.0,0,0,0,0,0,0,0,0,17/18,A
Bischoff,Alexander,TVB,P,1,0,0,0,0,0.0,0,0,0,0,0,0,0,0,17/18,A
Paske,Maurice,GWD,GK,10,0,0,0,0,0.0,0,0,0,0,0,0,0,0,17/18,A
Landgraf,Tom,THW,GK,2,0,0,0,0,0.0,0,0,0,0,0,0,0,0,17/18,A
Genz,Fredrik,BER,GK,3,0,0,0,0,0.0,0,0,0,0,0,0,0,0,17/18,A
Bayer,Johannes,HCE,LB,10,0,0,0,0,0.0,0,0,0,0,0,1,0,0,17/18,A
Wagner,Florian,HCE,P,7,0,0,0,0,0.0,0,0,0,0,0,0,0,0,17/18,A
Walz,Sebastian,HCE,P,8,0,0,0,0,0.0,0,0,0,0,0,0,0,0,17/18,A
Lenz,Mathias,MTM,GK,6,0,0,0,0,0.0,0,0,0,0,0,0,0,0,17/18,A
Klimpke,Till,WET,GK,30,0,0,0,0,0.0,1,0,0,0,0,0,0,0,17/18,A
Donker,Malte,HAN,RB,2,0,0,0,0,0.0,0,0,0,0,0,1,0,0,17/18,A
Hassferter,Michael,HCE,GK,13,0,0,0,0,0.0,0,0,0,0,0,0,0,0,17/18,A
Van den Beucken,Mark,TBV,GK,5,0,0,0,0,0.0,0,0,0,0,0,0,0,0,17/18,A
Wesemann,Jan,NLB,GK,5,0,0,0,0,0.0,0,0,0,0,0,0,0,0,17/18,A
Firnhaber,Lucas,THW,RB,3,0,0,0,0,0.0,0,0,0,0,0,0,0,0,17/18,A
Hasenforther,Lasse,GUM,GK,7,0,0,0,0,0.0,0,0,0,0,0,0,0,0,17/18,A
Lehmann,Nick,TVB,GK,11,0,0,0,0,0.0,0,0,0,0,0,0,0,0,17/18,A
Feise,Hannes,HAN,LW,11,0,0,0,0,0.0,2,1,0,0,0,0,0,0,17/18,A
Richtzenhain,Justus Nicolas,GWD,P,1,0,0,0,0,0.0,0,0,0,0,0,0,0,0,17/18,A
Simak,Frederik,BER,LB,8,0,0,0,0,0.0,0,0,1,0,0,0,0,0,17/18,A
Wilde,Jonas,HAN,GK,2,0,0,0,0,0.0,0,0,0,0,0,0,0,0,17/18,A
Ignatow,Dimitri,MTM,RW,1,0,0,0,0,0.0,0,0,0,0,0,0,0,0,17/18,A
Lauer,Tim,TVH,LB,10,0,0,0,0,0.0,0,0,0,0,0,1,0,0,17/18,A
Bolius,Leon,LUD,LW,4,0,0,0,0,0.0,0,0,0,0,0,0,0,0,17/18,A
Matthes,Tim,BER,LW,1,0,0,0,0,0.0,0,0,0,0,0,0,0,0,17/18,A
Lind,Rasmus Schmidt,SGF,GK,10,0,0,0,0,0.0,0,0,0,0,0,0,0,0,17/18,A
Krone,Jannes,HAN,RW,6,0,0,0,0,0.0,1,0,1,0,0,0,0,0,17/18,A
Buchner,Vincent,HAN,LW,12,0,0,0,0,0.0,0,1,0,0,0,0,0,0,17/18,A
Thiele,Joshua,HAN,P,10,0,0,0,0,0.0,0,0,1,0,0,0,0,0,17/18,A
Schauer,Kuno,BER,CB,3,0,0,0,0,0.0,0,1,0,0,0,0,0,0,17/18,A
Walzik,Philipp,HCE,GK,1,0,0,0,0,0.0,0,0,0,0,0,0,0,0,17/18,A
Kruger,Johannes Friedrich,SGF,LW,3,0,0,0,0,0.0,0,0,0,0,0,0,0,0,17/18,A
Klein,Jannek,SGF,RB,2,0,0,0,0,0.0,0,0,0,0,0,0,0,0,17/18,A
Kessler,Maximilian,RNL,LW,4,0,0,0,0,0.0,0,0,0,0,0,0,0,0,17/18,A
Xhafolli,Albin,GUM,RW,7,0,0,0,0,0.0,0,0,0,0,0,0,0,0,17/18,A
Haspinger,Nick,TVB,RB,3,0,0,0,0,0.0,0,0,0,0,0,0,0,0,17/18,A
Kurch,Justin,SCM,P,1,0,0,0,0,0.0,0,0,0,0,0,0,0,0,17/18,A
Akakpo,David Cyrill,BER,RW,1,0,0,0,0,0.0,0,0,0,0,0,0,0,0,17/18,A
Nolting,Malte,GWD,GK,1,0,0,0,0,0.0,0,0,0,0,0,0,0,0,17/18,A
Gertges,Jonas,GWD,LW,2,0,0,0,0,0.0,0,0,0,0,0,0,0,0,17/18,A
Zollitsch,Jonas,GWD,GK,1,0,0,0,0,0.0,0,0,0,0,0,0,0,0,17/18,A
Glockner,Rene,NLB,LW,2,0,0,0,0,0.0,0,0,0,0,0,0,0,0,17/18,A
Villgrattner,Luis,GUM,CB,6,0,0,0,0,0.0,1,0,0,0,0,1,0,0,17/18,A
Simonsen,Christian Ole,LEI,GK,2,0,0,0,0,0.0,0,0,0,0,0,0,0,0,17/18,A
Wendt,Tim,THW,GK,1,0,0,0,0,0.0,0,0,0,0,0,0,0,0,17/18,A
Sdunek,Daniel,TVB,GK,5,0,0,0,0,0.0,0,0,0,0,0,0,0,0,17/18,A
Meyfarth,Fabian,MTM,GK,4,0,0,0,0,0.0,0,0,0,0,0,0,0,0,17/18,A
Dayan,Yonatan,GUM,CB,1,0,0,0,0,0.0,0,0,0,0,0,0,0,0,17/18,A
Rica-Kovac,Sebastian,TVB,GK,1,0,0,0,0,0.0,0,0,0,0,0,0,0,0,17/18,A
Friedl,Leon,TVH,CB,1,0,0,0,0,0.0,0,0,0,0,0,0,0,0,17/18,A
Rose,Julius,TBV,CB,10,0,0,0,0,0.0,1,1,0,0,0,0,0,0,17/18,A
Werth,Malvin,TVH,P,1,0,0,0,0,0.0,0,0,0,0,0,1,0,0,17/18,A
Jebram,Moritz,TBV,P,1,0,0,0,0,0.0,0,0,0,0,0,0,0,0,17/18,A
Geis,Linus,TBV,LB,1,0,0,0,0,0.0,0,0,0,0,0,0,0,0,17/18,A
Hoppe,Michael,LUD,GK,1,0,0,0,0,0.0,0,0,0,0,0,0,0,0,17/18,A
Jepsen,Johannes,SGF,GK,1,0,0,0,0,0.0,0,0,0,0,0,0,0,0,17/18,A
Hoblaj,Leon,LUD,GK,1,0,0,0,0,0.0,0,0,0,0,0,0,0,0,17/18,A
Busch,Pierre,GUM,RW,1,0,0,0,0,0.0,0,0,0,0,0,0,0,0,17/18,A
Musche,Matthias,SCM,LW,34,256,92,159,97,0.7356,16,10,18,1,5,4,0,0,18/19,A
Hornke,Tim,TBV,RW,34,215,71,111,104,0.7517,10,16,8,1,4,5,0,0,18/19,A
Schiller,Marcel,FAG,LW,33,207,71,109,98,0.7445999999999999,17,7,14,1,3,6,0,0,18/19,A
Kastening,Timo,HAN,RW,34,190,70,130,60,0.7308,9,5,15,0,1,3,1,0,18/19,A
Ekberg,Niclas,THW,RW,33,187,58,98,89,0.7633,12,7,17,1,2,5,0,0,18/19,A
Weber,Philipp,LEI,CB,34,176,162,145,31,0.5207,92,53,9,1,6,7,0,0,18/19,A
Gunnarsson,Arnor Thor,BHC,RW,32,173,60,104,69,0.7425,12,8,10,0,2,4,0,0,18/19,A
Schmid,Andy,RNL,CB,34,164,165,138,26,0.4985,125,39,9,1,1,1,0,0,18/19,A
Mikkelsen,Lasse Reinhold,MTM,CB,34,164,104,123,41,0.6119,82,28,3,4,13,5,0,0,18/19,A
Holst,Maximilian,WET,LW,34,160,51,52,108,0.7583,11,4,1,0,1,2,1,0,18/19,A
Lindberg,Hans,BER,RW,29,160,59,77,83,0.7306,12,15,8,0,4,3,0,0,18/19,A
Kohlbacher,Jannik,RNL,P,34,150,46,150,0,0.7653,15,30,10,4,10,18,0,0,18/19,A
Budel,Nico,HCE,CB,34,146,110,125,21,0.5703,65,42,4,2,8,14,1,0,18/19,A
Semper,Franz,LEI,RB,33,143,114,143,0,0.5564,38,31,9,3,6,6,0,0,18/19,A
Cavor,Stefan,WET,RB,34,143,131,143,0,0.5219,54,28,5,7,10,10,0,0,18/19,A
Sigurdsson,Gudjon Valur,RNL,LW,33,142,55,107,35,0.7208,12,15,11,0,4,4,0,0,18/19,A
Martinovic,Ivan,GUM,RB,34,141,139,114,27,0.5036,63,32,6,1,3,10,0,0,18/19,A
Rambo,Christoffer,GWD,RB,31,138,151,138,0,0.4775,108,39,25,6,15,19,1,0,18/19,A
Steinert,Christoph,HCE,RB,25,137,92,80,57,0.5982999999999999,38,42,8,3,7,6,0,0,18/19,A
Schafer,Christian,SGB,RW,33,137,55,48,89,0.7134999999999999,7,3,3,1,6,2,1,0,18/19,A
Reichmann,Tobias,MTM,RW,30,136,46,86,50,0.7473000000000001,6,6,10,0,5,7,1,0,18/19,A
Lauge,Rasmus,SGF,LB,34,136,87,136,0,0.6099,130,36,9,4,13,14,0,0,18/19,A
Damgaard,Michael,SCM,LB,34,136,117,136,0,0.5375,48,32,1,1,2,4,0,0,18/19,A
Schmidt,David,TVB,RB,32,132,116,132,0,0.5323,17,21,2,0,15,12,0,0,18/19,A
Norouzinezhad Gharehlou,Pouya,GUM,LB,34,131,128,131,0,0.5058,40,53,5,4,12,14,0,0,18/19,A
Zieker,Patrick,TBV,LW,34,129,66,119,10,0.6615000000000001,18,15,6,5,5,6,1,0,18/19,A
Kraus,Michael,SGB,LB,25,128,112,100,28,0.5333,48,29,6,0,0,3,0,0,18/19,A
Wiesmach,Patrick,LEI,RW,31,128,36,87,41,0.7805,6,3,10,0,6,1,0,0,18/19,A
Hafner,Kai,HAN,RB,25,127,107,127,0,0.5427000000000001,57,22,4,3,2,3,0,0,18/19,A
Jondal,Magnus,SGF,LW,34,122,39,68,54,0.7578,3,3,7,0,1,1,0,0,18/19,A
Weiss,Dominik,TVB,LB,33,120,144,120,0,0.4545,31,43,9,20,10,17,0,0,18/19,A
Link,Jonas,SGB,CB,33,119,91,117,2,0.5667,50,37,9,0,4,10,0,0,18/19,A
Gulliksen,Kevin Maageroe,GWD,RW,33,119,55,119,0,0.6839,4,8,17,2,3,5,0,0,18/19,A
Schagen,Bobby,TVB,RW,31,118,43,59,59,0.7329000000000001,16,9,11,2,3,2,0,0,18/19,A
Sommer,Marvin,GUM,LW,33,118,52,98,20,0.6940999999999999,10,11,19,1,1,8,1,0,18/19,A
Boomhouwer,Jeffrey,BHC,LW,30,117,44,88,29,0.7267,10,6,1,1,1,6,0,0,18/19,A
Holm,Jacob,BER,CB,34,116,92,116,0,0.5577000000000001,56,40,5,0,2,4,0,0,18/19,A
Kozina,Kresimir,FAG,P,34,112,38,101,11,0.7467,8,32,3,7,4,21,1,0,18/19,A
Michalczik,Marian,GWD,LB,34,112,95,112,0,0.5411,105,44,9,11,12,18,0,0,18/19,A
Muller,Jerome,LUD,RB,30,110,101,110,0,0.5213,53,37,4,1,7,10,0,0,18/19,A
Duvnjak,Domagoj,THW,CB,34,108,85,108,0,0.5596,93,30,20,4,12,11,0,0,18/19,A
Bohm,Fabian,HAN,LB,31,105,68,105,0,0.6069,79,34,5,9,14,17,0,0,18/19,A
Svan,Lasse,SGF,RW,34,105,51,105,0,0.6731,10,10,7,0,3,6,0,0,18/19,A
Arnesson,Linus,BHC,CB,34,105,106,104,1,0.4976,72,27,10,9,9,8,0,0,18/19,A
Heymann,Sebastian,FAG,LB,32,104,86,104,0,0.5474,64,36,7,21,4,5,0,0,18/19,A
Suton,Tim,TBV,CB,25,101,76,101,0,0.5706,64,21,5,9,5,10,0,0,18/19,A
Elisson,Bjarki Mar,BER,LW,34,100,37,98,2,0.7299,12,13,9,1,5,5,1,0,18/19,A
Nilsson,Lukas,THW,LB,33,100,78,100,0,0.5618,47,26,4,3,2,4,0,0,18/19,A
Doder,Dalibor,GWD,CB,30,99,87,68,31,0.5323,20,8,1,0,0,0,0,0,18/19,A
Weber,Robert,SCM,RW,33,97,52,78,19,0.6509999999999999,6,8,9,0,4,6,0,0,18/19,A
Rentschler,Patrick,SGB,P,30,97,24,97,0,0.8017,8,17,5,8,11,14,0,0,18/19,A
Zelenovic,Nemanja,FAG,RB,28,97,77,97,0,0.5575,36,30,0,2,14,7,0,0,18/19,A
Rentschler,Marco,FAG,RW,34,96,40,80,16,0.7059000000000001,6,2,2,0,2,4,0,0,18/19,A
Drux,Paul,BER,LB,25,95,63,95,0,0.6013000000000001,53,24,1,11,10,4,0,0,18/19,A
Olsen,Morten,HAN,CB,29,94,101,90,4,0.48210000000000003,83,38,3,2,1,8,0,0,18/19,A
Weinhold,Steffen,THW,RB,31,94,66,94,0,0.5875,54,18,10,3,9,20,0,0,18/19,A
Brozovic,Ilija,HAN,P,33,94,26,87,7,0.7833,12,16,6,16,16,25,0,0,18/19,A
Bilyk,Nikola,THW,LB,31,91,67,91,0,0.5759000000000001,47,19,7,8,7,4,0,0,18/19,A
Pettersson,Alexander,RNL,RB,26,90,63,90,0,0.5882000000000001,33,14,8,9,10,7,0,0,18/19,A
Wanne,Hampus,SGF,LW,34,90,40,50,40,0.6923,11,5,16,0,0,2,0,0,18/19,A
Preuss,Moritz,GUM,P,34,90,26,88,2,0.7759,19,20,6,18,17,21,0,0,18/19,A
Wiede,Fabian,BER,RB,24,89,73,87,2,0.5494,133,27,13,6,7,7,0,0,18/19,A
Sliskovic,Ivan,FAG,LB,30,89,73,89,0,0.5494,56,33,5,11,13,20,2,0,18/19,A
Link,Nikolai,HCE,LB,27,88,73,88,0,0.5466,30,21,5,9,15,18,1,0,18/19,A
Zvizej,Luka,GWD,LW,34,88,28,34,54,0.7585999999999999,5,5,4,1,1,3,0,0,18/19,A
Gottfridsson,Jim,SGF,CB,32,87,62,87,0,0.5839,63,32,3,0,6,5,0,0,18/19,A
Simak,Frederik,BER,LB,24,86,50,45,41,0.6324000000000001,18,25,4,4,7,6,0,0,18/19,A
Kunkel,Yves,MTM,LW,34,85,45,85,0,0.6537999999999999,4,8,5,0,1,1,1,0,18/19,A
Pekeler,Hendrik,THW,P,33,84,28,84,0,0.75,13,9,11,24,15,15,0,0,18/19,A
Gullerud,Magnus,GWD,P,34,84,24,84,0,0.7778,18,16,17,24,16,15,1,0,18/19,A
Glandorf,Holger,SGF,RB,34,83,65,83,0,0.5608,40,21,7,8,6,5,0,0,18/19,A
Rod,Magnus,SGF,RB,31,81,48,81,0,0.6279,36,15,8,10,7,8,0,0,18/19,A
Wiencek,Patrick,THW,P,34,80,21,80,0,0.7920999999999999,13,15,8,41,11,16,0,0,18/19,A
Mensah Larsen,Mads,RNL,CB,34,80,82,80,0,0.4938,88,31,12,8,10,4,0,0,18/19,A
Lagergren,Albin,SCM,RB,26,80,49,80,0,0.6202000000000001,67,23,9,3,5,4,0,0,18/19,A
O'Sullivan,Christian,SCM,CB,31,80,49,79,1,0.6202000000000001,74,27,5,2,8,8,0,0,18/19,A
Forsell Schefvert,Olle,WET,LB,34,80,71,80,0,0.53,45,23,11,22,18,20,2,0,18/19,A
Zhukov,Stanislav,GUM,LB,29,79,113,79,0,0.41,43,28,3,27,14,20,3,0,18/19,A
Landin,Magnus,THW,LW,34,79,27,63,16,0.7453,3,5,11,1,6,6,0,0,18/19,A
Musa,Zeljko,SCM,P,34,78,17,78,0,0.8210999999999999,7,22,14,31,17,13,1,0,18/19,A
Rubin,Lenny,WET,LB,29,78,58,78,0,0.5735,26,15,6,6,8,6,0,0,18/19,A
Sellin,Johannes,HCE,RW,23,77,27,69,8,0.7404000000000001,25,9,10,1,2,4,0,0,18/19,A
Bissel,Christopher,HCE,LW,34,76,32,76,0,0.7037,7,20,10,0,4,16,1,0,18/19,A
Pettersson,Daniel,SCM,RW,34,76,21,70,6,0.7835,2,3,1,0,3,1,0,0,18/19,A
Lindskog,Anton,WET,P,34,76,31,76,0,0.7103,17,21,6,38,19,21,0,0,18/19,A
Dippe,Kai,LUD,P,34,75,31,52,23,0.7075,6,19,2,5,19,21,4,0,18/19,A
Schweikardt,Michael,TVB,CB,33,74,68,58,16,0.5211,53,32,8,1,5,11,1,0,18/19,A
Bezjak,Marko,SCM,CB,32,73,61,73,0,0.5448,110,35,14,2,6,10,0,0,18/19,A
Babak,Tomas,BHC,CB,34,73,63,70,3,0.5367999999999999,66,28,7,1,2,5,0,0,18/19,A
Zachrisson,Mattias,BER,RW,25,72,42,72,0,0.6315999999999999,16,11,10,1,4,8,0,0,18/19,A
Darj,Max,BHC,P,30,72,34,72,0,0.6792,22,17,7,14,16,14,2,0,18/19,A
Cederholm,Andreas,GWD,RB,31,71,65,71,0,0.5221,27,21,7,1,3,6,0,0,18/19,A
Cehte,Nejc,HAN,RB,34,71,56,71,0,0.5590999999999999,44,24,4,2,10,22,0,0,18/19,A
Schimmelbauer,Tobias,TVB,LW,29,70,23,70,0,0.7526999999999999,8,9,18,4,12,22,1,0,18/19,A
Bjornsen,Kristian,WET,RW,28,70,32,70,0,0.6862999999999999,10,6,1,1,2,1,0,0,18/19,A
Marsenic,Mijajlo,BER,P,28,70,23,70,0,0.7526999999999999,8,14,2,14,15,20,4,0,18/19,A
Maric,Marino,MTM,P,23,68,25,68,0,0.7312000000000001,9,16,5,2,8,9,0,0,18/19,A
Milosevic,Alen,LEI,P,28,68,22,68,0,0.76,12,14,9,6,11,17,1,0,18/19,A
Tollbring,Jerry,RNL,LW,30,68,29,45,23,0.7,6,5,1,0,1,2,0,0,18/19,A
Dietrich,Gunnar,LUD,LB,34,67,83,67,0,0.44670000000000004,83,45,4,32,14,17,0,0,18/19,A
Birkefeldt,Simon Ellersgaard,MTM,RB,34,67,69,67,0,0.4926,15,20,0,2,5,15,0,0,18/19,A
Kneule,Tim,FAG,CB,34,66,58,66,0,0.5323,50,25,11,5,9,18,0,0,18/19,A
Stuber,Frederic,LUD,P,34,66,16,66,0,0.8049,9,17,4,20,13,25,0,0,18/19,A
Schroter,Tobias,GUM,RW,34,65,42,65,0,0.6075,15,7,6,1,10,18,0,0,18/19,A
Baumgartner,Florian,GUM,RB,33,65,72,65,0,0.47450000000000003,23,23,2,6,4,7,0,0,18/19,A
Ugalde,Cristian,HAN,LW,32,64,31,62,2,0.6737000000000001,13,5,15,1,3,5,0,0,18/19,A
Theuerkauf,Christoph,TBV,P,31,63,29,55,8,0.6848000000000001,0,12,2,3,0,2,0,0,18/19,A
Scholz,Jonathan,LUD,LW,34,63,30,59,4,0.6774,7,0,10,1,2,12,0,0,18/19,A
Bartok,Donat,TBV,RB,21,63,65,63,0,0.49219999999999997,15,20,1,2,9,3,1,0,18/19,A
Kuhn,Julius,MTM,LB,10,62,46,62,0,0.57,34,13,0,0,6,5,1,0,18/19,A
Durak,Pascal,LUD,RW,23,60,28,24,36,0.6818000000000001,2,6,2,0,3,4,0,0,18/19,A
Falk,Alexander,LUD,RW,34,60,35,60,0,0.6315999999999999,4,9,8,0,5,3,0,0,18/19,A
Gutbrod,Fabian,BHC,LB,21,59,74,59,0,0.4436,9,11,0,2,0,0,0,0,18/19,A
Reinkind,Harald,THW,RB,34,58,47,58,0,0.5524,27,10,2,3,6,3,0,0,18/19,A
Pfattheicher,Sascha,TVB,RW,34,58,37,55,3,0.6104999999999999,4,12,8,0,1,2,0,0,18/19,A
Nippes,Kristian,BHC,RB,30,57,60,55,2,0.48719999999999997,39,13,4,6,11,11,0,0,18/19,A
Korte,Mats,GWD,LW,34,57,20,57,0,0.7403,6,6,5,0,5,4,0,0,18/19,A
Fath,Steffen,RNL,LB,28,56,65,56,0,0.4628,23,9,1,1,1,1,0,0,18/19,A
Lemke,Finn,MTM,LB,33,56,43,56,0,0.5657,30,11,7,46,7,17,0,0,18/19,A
Pieczkowski,Niclas,LEI,CB,31,56,78,56,0,0.4179,52,36,6,11,5,8,0,0,18/19,A
Baumgarten,Simon,TVB,P,34,56,13,56,0,0.8116,4,13,1,1,2,2,0,0,18/19,A
Frend Ofors,Emil,WET,LW,33,56,41,55,1,0.5772999999999999,7,7,9,0,1,0,0,0,18/19,A
Christiansen,Mads,SCM,RB,34,56,57,56,0,0.49560000000000004,26,16,2,2,3,6,0,0,18/19,A
Hafner,Max,TVB,CB,29,56,39,53,3,0.5895,16,12,1,0,1,5,0,0,18/19,A
Binder,Lukas,LEI,LW,30,55,26,55,0,0.679,11,2,5,1,2,5,0,0,18/19,A
Salger,Stefan,LUD,RB,28,55,61,55,0,0.47409999999999997,15,16,1,4,12,13,1,0,18/19,A
Groetzki,Patrick,RNL,RW,31,54,24,54,0,0.6923,36,14,6,0,1,0,0,0,18/19,A
Haller,Robin,SGB,LB,34,54,89,54,0,0.3776,43,14,4,9,7,4,0,0,18/19,A
Sidorowicz,Roman,MTM,LB,18,54,51,54,0,0.5143,26,17,3,2,1,2,0,0,18/19,A
Mirkulovski,Filip,WET,CB,33,53,43,53,0,0.5521,37,48,2,3,1,7,0,0,18/19,A
Golla,Johannes,SGF,P,34,51,8,51,0,0.8644,6,14,7,14,5,13,0,0,18/19,A
Janke,Maximilian,LEI,CB,29,50,29,50,0,0.6329,33,20,6,22,13,18,0,0,18/19,A
Feld,Alexander,LUD,CB,15,50,52,50,0,0.4902,9,18,1,1,4,5,1,0,18/19,A
Von Deschwanden,Lukas,TVB,LB,28,50,53,49,1,0.4854,19,13,2,0,3,9,0,0,18/19,A
Allendorf,Michael,MTM,LW,29,49,20,46,3,0.7101000000000001,7,1,5,2,2,3,0,0,18/19,A
von Gruchalla,Florian,HCE,RW,34,49,17,28,21,0.7424,1,2,2,0,0,3,0,0,18/19,A
Carlsbogard,Jonathan,TBV,LB,28,49,77,49,0,0.39,51,17,9,14,8,8,0,0,18/19,A
Asmuth,Jan,SGB,LW,34,49,26,49,0,0.6533,7,6,3,3,10,20,1,0,18/19,A
Buhrer,Pascal,LUD,CB,25,49,41,41,8,0.5444,31,20,2,1,3,3,0,0,18/19,A
Emanuel,Max,SGB,RB,29,48,57,48,0,0.4571,42,33,3,2,13,12,1,0,18/19,A
Schroder,Andreas,HCE,LB,24,47,45,47,0,0.5109,12,6,1,11,4,4,0,0,18/19,A
Schaffer,Jan,HCE,P,34,47,20,47,0,0.7015,7,15,9,3,8,12,1,0,18/19,A
Spath,Manuel,TVB,P,34,46,18,46,0,0.7188,8,13,9,19,15,20,0,0,18/19,A
Hermann,Alexander,WET,LB,22,46,39,46,0,0.5412,19,10,3,2,1,4,0,0,18/19,A
Pusica,Miljan,GWD,LB,34,46,38,46,0,0.5476,23,15,7,25,12,10,0,0,18/19,A
Ebner,Dominik,TBV,RB,34,45,48,45,0,0.4839,31,23,0,1,7,6,1,0,18/19,A
Doll,Jan,SGB,RW,32,45,32,45,0,0.5844,3,7,5,0,2,3,0,0,18/19,A
Steinhauser,Marius,SGF,RW,33,44,11,44,0,0.8,3,2,5,0,1,0,0,0,18/19,A
Zachariassen,Anders,SGF,P,34,44,9,44,0,0.8301999999999999,4,9,3,11,12,8,0,0,18/19,A
Lipovina,Vladan,RNL,RB,34,44,40,44,0,0.5238,9,9,0,0,0,0,0,0,18/19,A
Van Olphen,Fabian,TBV,LB,32,43,43,43,0,0.5,22,20,10,39,15,7,0,0,18/19,A
Pevnov,Evgeni,HAN,P,30,43,9,43,0,0.8269,17,18,5,26,12,14,1,0,18/19,A
Dahmke,Rune,THW,LW,34,43,20,43,0,0.6825,6,2,6,2,2,5,0,0,18/19,A
Mappes,Dominik,HCE,CB,27,43,35,43,0,0.5513,21,9,0,0,0,0,0,0,18/19,A
Jeppsson,Simon,SGF,LB,34,43,37,43,0,0.5375,39,10,2,1,0,1,0,0,18/19,A
Koch,Johan,BER,P,26,42,7,42,0,0.86,3,9,1,0,0,11,1,0,18/19,A
Criciotoiu,Bogdan Andre,BHC,RB,30,42,45,42,0,0.4828,5,8,0,1,3,7,0,0,18/19,A
Claus,Dominik,SGB,RB,32,42,52,42,0,0.4468,31,38,7,1,5,13,0,0,18/19,A
Pavlovic,Domagoj,MTM,CB,22,42,34,42,0,0.5526,22,15,1,1,0,0,0,0,18/19,A
Kopp,Eirik,GUM,LB,33,41,49,32,9,0.4556,7,16,1,3,1,5,1,0,18/19,A
Lehnhoff,Lars,HAN,CB,20,39,18,25,14,0.6842,5,3,4,0,0,0,0,0,18/19,A
Markotic,Robert,TVB,RB,21,38,39,38,0,0.4935,18,14,1,0,2,6,0,0,18/19,A
Danner,Felix,MTM,P,33,37,19,37,0,0.6607,15,10,11,37,18,20,0,0,18/19,A
Muller,Michael,MTM,RB,24,37,52,37,0,0.4157,51,33,1,7,5,8,1,0,18/19,A
Valiullin,Azat,LUD,LB,16,37,46,37,0,0.4458,6,11,3,3,1,6,0,0,18/19,A
Fischer,Jonathan,SGB,P,33,37,12,37,0,0.7551000000000001,3,6,3,3,2,7,0,0,18/19,A
Baijens,Dani,SGF,CB,30,37,36,36,1,0.51,15,18,7,0,3,5,0,0,18/19,A
Rojewski,Andreas,LEI,RB,23,36,40,36,0,0.47369999999999995,14,11,3,3,3,9,0,0,18/19,A
Chrapkowski,Piotr,SCM,LB,31,36,19,36,0,0.6545000000000001,36,11,12,34,19,15,0,0,18/19,A
Overby,Petter,HCE,P,32,36,18,36,0,0.6667000000000001,6,10,9,20,21,27,2,0,18/19,A
Jurdzs,Aivis,LEI,LB,33,35,28,35,0,0.5556,14,17,2,15,7,9,0,0,18/19,A
Schongarth,Jens,FAG,RB,33,34,55,34,0,0.38,23,13,5,2,9,11,0,0,18/19,A
Bagersted,Jacob,FAG,P,34,34,20,34,0,0.6296,9,10,6,25,17,20,1,0,18/19,A
Baena Gonzalez,Rafael,BHC,P,34,34,8,34,0,0.81,2,19,0,0,0,0,0,0,18/19,A
Taleski,Filip,RNL,LB,34,34,29,34,0,0.5397,9,6,3,1,2,0,0,0,18/19,A
Sogard,Goran,SGF,LB,22,34,29,34,0,0.5397,14,14,1,2,1,1,0,0,18/19,A
Hald Jensen,Simon,SGF,P,34,33,9,33,0,0.7857,4,3,1,21,11,9,0,0,18/19,A
Padshyvalau,Aliaksandr,GWD,CB,31,33,35,33,0,0.4853,7,10,0,0,1,3,0,0,18/19,A
Weber,Patrick,SGB,LB,19,32,44,32,0,0.4211,12,12,5,2,0,2,0,0,18/19,A
Spiler,David,LUD,CB,15,32,27,31,1,0.5424,13,14,3,0,1,5,0,0,18/19,A
Staar,Max,GWD,RW,29,32,16,32,0,0.6667000000000001,4,7,5,1,3,5,0,0,18/19,A
Zarabec,Miha,THW,CB,34,32,31,32,0,0.5079,45,26,0,0,0,2,1,0,18/19,A
Hofmann,Jannik,LUD,LW,32,31,20,21,10,0.6078,1,4,2,0,1,7,0,0,18/19,A
Torbrugge,Nils,WET,P,34,30,14,30,0,0.6818000000000001,4,6,4,6,9,15,1,0,18/19,A
Schmidt,Valentin,SGB,CB,20,30,33,21,9,0.47619999999999996,24,10,1,0,0,2,0,0,18/19,A
Petrovsky,Leos,BHC,P,29,30,12,30,0,0.7143,6,11,5,8,3,5,1,0,18/19,A
Peric,Josip,FAG,CB,34,30,12,30,0,0.7143,19,17,0,1,0,3,0,0,18/19,A
Guardiola,Gedeon,RNL,P,34,29,11,29,0,0.725,7,5,18,32,8,9,0,0,18/19,A
Guardiola,Isaias,TBV,RB,24,29,33,29,0,0.4677,31,20,15,7,5,5,1,1,18/19,A
Kogut,Andrej,TBV,CB,22,28,28,28,0,0.5,15,14,1,3,4,1,0,0,18/19,A
Rahmel,Ole,THW,RW,33,28,15,28,0,0.6512,1,5,1,1,2,0,0,0,18/19,A
Fontaine,Daniel,BHC,LB,13,28,31,28,0,0.4746,24,9,0,3,3,2,0,0,18/19,A
Gebala,Maciej,LEI,P,33,28,2,28,0,0.9333,8,9,2,10,4,3,0,0,18/19,A
Savvas,Savvas,GWD,LB,24,28,34,28,0,0.45159999999999995,5,7,3,3,2,4,0,0,18/19,A
Haass,Michael,HCE,CB,27,27,29,27,0,0.48210000000000003,29,18,11,7,3,11,0,0,18/19,A
Thummler,Jonas,HCE,P,34,27,11,27,0,0.7105,2,11,1,0,1,5,0,0,18/19,A
Schneider,Timm,MTM,CB,23,25,29,25,0,0.46299999999999997,11,13,1,3,1,4,0,0,18/19,A
Santos,Raul,LEI,LW,19,25,22,20,5,0.53,3,6,7,0,2,1,0,0,18/19,A
Esche,Marc,LEI,LW,18,25,14,25,0,0.6409999999999999,3,1,6,0,5,4,0,0,18/19,A
Radivojevic,Bogdan,RNL,RW,34,24,22,24,0,0.5217,4,5,2,0,0,1,0,0,18/19,A
Szucs,Csaba,BHC,CB,27,23,33,23,0,0.4107,34,15,9,14,12,27,3,0,18/19,A
Klimek,Christian,TBV,P,30,23,10,23,0,0.7,4,14,5,16,8,6,0,0,18/19,A
Mansson,Anton,GWD,P,29,22,7,22,0,0.76,3,8,4,1,5,3,0,0,18/19,A
Haider,Maximilian,LUD,P,30,22,9,22,0,0.7097,4,3,2,2,6,11,0,0,18/19,A
Kellner,Benedikt,HCE,CB,31,22,12,22,0,0.6470999999999999,1,5,0,0,0,0,0,0,18/19,A
Kotrc,Milan,BHC,LW,30,22,13,22,0,0.6286,6,8,7,0,4,4,0,0,18/19,A
Ferraz,Joao,WET,RB,27,21,34,21,0,0.3818,21,20,3,0,3,6,0,0,18/19,A
Plaza Jimenez,Ignacio,SCM,P,31,21,11,21,0,0.6563,0,10,0,0,0,1,0,0,18/19,A
Ignatow,Dimitri,MTM,RW,34,21,16,21,0,0.5676,4,3,1,0,2,2,0,0,18/19,A
Marcec,Martin,SGB,LW,29,21,14,21,0,0.6,2,3,1,0,3,1,0,0,18/19,A
Johannsen,Torge,HAN,RW,16,20,13,18,2,0.6061,1,1,2,0,0,1,1,0,18/19,A
Majdzinski,Maciej,BHC,RB,12,20,18,20,0,0.5263,12,10,2,1,5,4,1,0,18/19,A
Vujin,Marko,THW,RB,16,19,10,8,11,0.6552,4,3,0,0,0,0,0,0,18/19,A
Nielsen,Jesper,RNL,P,18,19,0,19,0,1.0,2,3,1,4,8,5,0,0,18/19,A
Krzikalla,Lucas,LEI,RW,25,19,3,19,0,0.86,4,2,2,0,1,0,0,0,18/19,A
Weissgerber,Lars,WET,RW,24,19,7,17,2,0.7308,1,0,1,0,1,1,0,0,18/19,A
Reissky,Christoph,BER,RB,28,19,18,19,0,0.51,9,10,1,0,1,5,0,0,18/19,A
Hubscher,Robin,TBV,LW,34,19,15,17,2,0.5588000000000001,3,5,5,0,0,1,0,0,18/19,A
Atman,Pavel,HAN,CB,13,19,19,19,0,0.5,18,10,1,0,1,4,0,0,18/19,A
Herzig,Fynn,GUM,LB,23,19,10,19,0,0.6552,3,5,0,3,2,2,0,0,18/19,A
Becker,Alexander,GUM,P,34,18,10,18,0,0.6429,9,8,4,24,12,18,1,0,18/19,A
Vukovic,Drago,GUM,CB,12,18,19,18,0,0.4865,10,9,2,16,4,5,0,0,18/19,A
Mavers,Veit,HAN,CB,25,18,14,7,11,0.5625,4,5,0,0,0,1,0,0,18/19,A
Schmidt,Erik,BER,P,33,17,6,17,0,0.7391,4,11,4,15,9,14,1,0,18/19,A
Muller,Philipp,MTM,LB,34,16,17,16,0,0.48479999999999995,13,13,5,16,12,23,2,0,18/19,A
Theilinger,Nicolai,HCE,RB,17,15,9,15,0,0.625,15,13,1,1,1,5,0,0,18/19,A
Hideg,Daniel,LUD,LB,26,15,20,15,0,0.4286,6,7,0,1,0,3,0,0,18/19,A
Patrail,Mait,HAN,LB,5,14,6,14,0,0.7,17,2,2,2,0,3,0,0,18/19,A
Bettin,Maximilian-Leon,BHC,LB,26,13,23,13,0,0.3611,4,6,4,1,2,2,0,0,18/19,A
Fraatz,Yannick,BHC,RW,29,13,3,13,0,0.81,2,3,2,0,0,1,0,0,18/19,A
Trost,Max,SGB,LB,14,13,14,13,0,0.48,4,0,2,2,2,5,0,0,18/19,A
Ronningen,Vetle,SGB,LB,28,13,18,13,0,0.42,9,11,8,9,16,23,2,0,18/19,A
Murawski,Martin,HCE,LW,32,11,3,11,0,0.7857,3,1,0,0,0,0,0,0,18/19,A
Ritterbach,Joscha,FAG,LW,31,11,8,11,0,0.5789,1,0,1,0,2,6,0,0,18/19,A
Struck,Kevin,BER,LB,21,11,4,11,0,0.7333,3,0,1,1,1,2,1,0,18/19,A
Gojun,Jakov,BER,LB,33,11,1,11,0,0.9167000000000001,6,3,1,22,23,25,0,0,18/19,A
Feise,Hannes,HAN,LW,25,11,9,11,0,0.55,1,5,1,2,8,2,0,0,18/19,A
Rothlisberger,Samuel,TVB,P,34,11,3,11,0,0.79,8,1,6,17,13,15,0,0,18/19,A
Buchner,Vincent,HAN,LW,14,11,7,10,1,0.6111,1,0,2,0,2,1,0,0,18/19,A
Sorensen,Tim,FAG,RW,15,11,6,11,0,0.65,3,2,0,0,1,0,0,0,18/19,A
Lux,Maximilian,WET,RW,17,10,10,10,0,0.5,1,0,1,1,0,1,0,0,18/19,A
Vlahovic,Nikola,SGB,LB,26,10,12,10,0,0.4545,8,4,0,2,2,8,0,0,18/19,A
Matthes,Tim,BER,LW,16,10,3,10,0,0.7692,0,1,2,0,0,0,0,0,18/19,A
Villgrattner,Luis,GUM,CB,14,10,12,10,0,0.4545,3,5,1,0,0,1,0,0,18/19,A
Jallouz,Wael,BER,LB,14,8,22,8,0,0.27,3,7,0,0,0,1,0,0,18/19,A
Damgaard Espersen,Allan,FAG,CB,30,8,8,8,0,0.5,9,4,2,2,2,4,0,0,18/19,A
Remmlinger,Jan,LUD,LB,12,8,10,8,0,0.44439999999999996,10,5,1,0,0,1,0,0,18/19,A
Engelhardt,Alexander,TBV,P,19,8,2,8,0,0.8,0,1,1,0,0,1,0,0,18/19,A
Gliese,Lennart,BER,RB,7,8,10,8,0,0.44439999999999996,2,4,3,0,2,0,0,0,18/19,A
Mandalinic,Stipe,BER,LB,7,7,9,5,2,0.4375,7,1,0,0,0,0,0,0,18/19,A
Oehler,Michael,SGB,LB,31,6,0,6,0,1.0,2,1,1,4,2,11,0,0,18/19,A
Mertens,Lukas,SCM,LW,15,6,1,5,1,0.86,0,0,0,0,0,0,0,0,18/19,A
Weck,Alexander,BHC,LB,11,6,7,6,0,0.46,3,0,3,1,2,2,0,0,18/19,A
Putera,Milos,LEI,GK,34,5,1,5,0,0.83,7,2,0,0,0,0,0,0,18/19,A
Firnhaber,Sebastian,THW,P,29,5,1,5,0,0.83,1,3,0,2,0,0,0,0,18/19,A
Molina,Carlos,SCM,P,28,5,1,5,0,0.83,1,1,2,3,3,4,0,0,18/19,A
Hangstein,Fynn,TBV,CB,15,5,9,5,0,0.36,2,2,0,0,0,0,0,0,18/19,A
Ohler,Max,TVB,LW,7,5,0,4,1,1.0,0,0,0,0,0,1,0,0,18/19,A
Hanne,Martin,HAN,LB,3,5,2,5,0,0.7143,0,0,0,0,0,1,0,0,18/19,A
Kneer,Stefan,WET,LB,26,4,5,4,0,0.44439999999999996,12,7,3,3,9,15,2,0,18/19,A
Landin,Niklas,THW,GK,34,4,2,4,0,0.6667000000000001,9,1,3,0,1,0,0,0,18/19,A
Remke,Gregor,LEI,RB,14,4,3,4,0,0.5714,2,4,0,0,0,0,0,0,18/19,A
Kister,Lukas,GWD,CB,29,4,8,4,0,0.33,4,1,4,1,5,1,0,0,18/19,A
Rudiger,Tim,WET,RW,1,4,1,4,0,0.8,0,0,0,0,0,0,0,0,18/19,A
Krone,Jannes,HAN,RW,20,4,3,4,0,0.57,0,1,1,0,1,0,0,0,18/19,A
Christensen,Espen,GWD,GK,30,4,4,4,0,0.5,8,1,0,0,1,1,0,0,18/19,A
De la Pena,Juan,SCM,CB,19,4,2,3,1,0.6667000000000001,3,0,1,0,0,0,0,0,18/19,A
Katsigiannis,Nikolas,HCE,GK,34,3,4,3,0,0.43,6,5,0,1,0,0,0,0,18/19,A
Wolff,Andreas,THW,GK,34,3,1,3,0,0.75,6,1,0,0,0,0,0,0,18/19,A
Stutzke,Lukas,BHC,LB,5,3,3,3,0,0.5,0,0,0,3,0,0,0,0,18/19,A
Klimpke,Till,WET,GK,34,3,1,3,0,0.75,10,2,1,0,1,1,0,0,18/19,A
Schreiber,Hendrik,WET,LB,31,3,8,3,0,0.27,4,4,0,0,0,0,0,0,18/19,A
Thiele,Joshua,HAN,P,33,3,3,3,0,0.5,0,2,3,2,3,4,0,0,18/19,A
Kristjansson,Gisli Thorgeir,THW,CB,10,3,0,3,0,1.0,1,1,0,0,0,0,0,0,18/19,A
Dayan,Yonatan,GUM,CB,27,3,3,3,0,0.5,2,5,0,0,1,0,0,0,18/19,A
Rose,Julius,TBV,CB,9,3,1,3,0,0.75,0,0,0,0,1,0,0,0,18/19,A
Busch,Pierre,GUM,RW,29,3,3,3,0,0.5,0,0,0,0,0,2,0,0,18/19,A
Schalles,Maxim,TBV,RW,19,3,0,2,1,1.0,0,0,0,0,0,0,0,0,18/19,A
Puhle,Matthias,GUM,GK,33,2,0,2,0,1.0,4,2,0,0,0,0,0,0,18/19,A
Villadsen,Rene,LEI,GK,31,2,1,2,0,0.67,0,0,0,0,0,0,0,0,18/19,A
Hanemann,Stefan,LUD,GK,34,2,0,2,0,1.0,5,2,0,0,0,0,0,0,18/19,A
Roscheck,Bastian,LEI,P,34,2,4,2,0,0.33,2,2,7,15,19,29,1,0,18/19,A
Baumgartel,Steve,LEI,RB,6,2,4,2,0,0.33,3,0,0,1,1,0,0,0,18/19,A
Simic,Nebojsa,MTM,GK,34,2,1,2,0,0.67,14,5,0,0,0,0,0,0,18/19,A
Ebner,Domenico,SGB,GK,34,2,1,2,0,0.67,8,0,0,0,1,0,0,0,18/19,A
Kluge,Justus Max,SCM,LW,24,2,1,2,0,0.67,1,2,0,0,0,0,0,0,18/19,A
Nowatzki,Maximilian,GWD,RB,18,2,1,2,0,0.6667000000000001,0,0,0,0,0,0,0,0,18/19,A
Schwarz,Maximilian,SGB,RB,6,2,1,2,0,0.67,2,2,0,0,0,2,0,0,18/19,A
Abutovic,Ilija,RNL,LB,32,2,0,2,0,1.0,3,2,9,26,19,23,1,0,18/19,A
Lesjak,Urban,HAN,GK,34,2,2,2,0,0.5,9,1,1,0,0,1,0,0,18/19,A
Waldgenbach,Torben,WET,LB,8,2,5,2,0,0.2857,2,0,0,0,0,0,0,0,18/19,A
Stuber,Jonas,GUM,P,13,2,3,2,0,0.4,0,0,0,0,0,0,0,0,18/19,A
Goller,Axel,FAG,RW,11,2,1,2,0,0.6667000000000001,0,1,0,0,0,0,0,0,18/19,A
Bialowas,Yannik,GUM,LW,10,2,3,2,0,0.4,0,0,1,0,0,0,0,0,18/19,A
Heinevetter,Silvio,BER,GK,34,1,1,1,0,0.5,13,2,1,0,1,2,0,0,18/19,A
Ziemer,Martin,HAN,GK,33,1,1,1,0,0.5,6,3,2,0,0,0,0,0,18/19,A
Quenstedt,Dario,SCM,GK,33,1,0,1,0,1.0,3,0,0,0,0,0,0,0,18/19,A
Karlsson,Tobias,SGF,P,33,1,0,1,0,1.0,5,0,11,40,22,19,0,0,18/19,A
Lichtlein,Carsten,GUM,GK,34,1,0,1,0,1.0,2,1,0,0,2,1,0,0,18/19,A
Palicka,Andreas,RNL,GK,30,1,3,1,0,0.25,19,1,0,0,0,0,0,0,18/19,A
Maier,Jonas,TVB,GK,33,1,0,1,0,1.0,2,0,1,1,0,0,0,0,18/19,A
Appelgren,Mikael,RNL,GK,33,1,0,1,0,1.0,8,1,0,0,0,0,0,0,18/19,A
Rudeck,Christopher,BHC,GK,34,1,1,1,0,0.5,9,0,0,0,0,1,0,0,18/19,A
Green,Jannick,SCM,GK,34,1,4,1,0,0.2,13,1,0,0,0,0,0,0,18/19,A
Hellmann,Jonas,LEI,RW,11,1,0,1,0,1.0,0,1,0,0,0,0,0,0,18/19,A
Wyszomirski,Piotr,TBV,GK,29,1,0,1,0,1.0,1,0,0,0,0,0,0,0,18/19,A
Johannesson,Peter,TBV,GK,34,1,1,1,0,0.5,9,1,0,0,0,0,0,0,18/19,A
Backs,Fin,MTM,LW,5,1,1,1,0,0.5,0,0,0,0,0,0,0,0,18/19,A
Burmeister,Florian,TVB,LB,11,1,4,1,0,0.2,0,0,0,0,0,0,0,0,18/19,A
Ivanisevic,Tibor,WET,GK,19,1,2,1,0,0.3333,3,0,1,0,0,0,0,0,18/19,A
Roller,Lars,RNL,P,4,1,1,1,0,0.5,0,0,0,0,0,0,0,0,18/19,A
Kessler,Maximilian,RNL,LW,4,1,1,1,0,0.5,0,0,0,0,0,0,0,0,18/19,A
Xhafolli,Albin,GUM,RW,5,1,1,1,0,0.5,0,0,0,0,0,0,0,0,18/19,A
Bransche,Hannes,SCM,RB,7,1,0,1,0,1.0,0,0,0,0,0,0,0,0,18/19,A
Danowski,Niklas,SCM,P,1,1,0,0,1,1.0,0,0,0,0,0,0,0,0,18/19,A
Matzken,Torben,BER,CB,6,1,0,1,0,1.0,3,0,0,0,0,0,0,0,18/19,A
Nolting,Malte,GWD,GK,2,1,0,1,0,1.0,0,1,0,0,0,0,0,0,18/19,A
Gertges,Jonas,GWD,LW,1,1,1,1,0,0.5,0,0,0,0,0,0,0,0,18/19,A
Szeles,Akos,LEI,RB,1,1,0,1,0,1.0,0,0,0,1,0,0,0,0,18/19,A
Hoffmanns,Jakob,HCE,LB,4,1,2,1,0,0.3333,0,2,0,0,0,0,0,0,18/19,A
Poser,Jonas,HCE,RW,9,1,1,1,0,0.5,0,0,0,0,0,0,0,0,18/19,A
Stochl,Petr,BER,GK,2,0,0,0,0,0.0,0,0,0,0,0,0,0,0,18/19,A
Vortmann,Jens,LEI,GK,1,0,0,0,0,0.0,0,0,0,0,0,0,0,0,18/19,A
Marinovic,Nikola,WET,GK,13,0,0,0,0,0.0,2,0,0,0,0,0,0,0,18/19,A
Bitter,Johannes,TVB,GK,34,0,0,0,0,0.0,12,3,0,0,1,1,0,0,18/19,A
Dissinger,Christian,THW,LB,5,0,0,0,0,0.0,0,0,0,0,0,1,0,0,18/19,A
Semisch,Malte,BER,GK,26,0,0,0,0,0.0,2,0,1,0,0,0,0,0,18/19,A
Rutschmann,Bastian,BHC,GK,30,0,0,0,0,0.0,4,0,0,0,0,0,0,0,18/19,A
Rebmann,Daniel,FAG,GK,34,0,0,0,0,0.0,8,1,1,0,0,0,0,0,18/19,A
Prost,Primoz,FAG,GK,34,0,0,0,0,0.0,8,0,1,0,0,0,0,0,18/19,A
Heib,Alexander,TVB,CB,1,0,0,0,0,0.0,0,0,0,0,0,0,0,0,18/19,A
Sjostrand,Johan,MTM,GK,34,0,0,0,0,0.0,5,2,0,0,0,0,0,0,18/19,A
Sonne-Hansen,Kim,GWD,GK,34,0,0,0,0,0.0,6,2,0,0,0,0,0,0,18/19,A
Asanin,Matej,LUD,GK,13,0,0,0,0,0.0,1,1,0,0,0,0,0,0,18/19,A
Skof,Gorazd,HCE,GK,33,0,0,0,0,0.0,4,0,0,0,0,0,1,0,18/19,A
Oehlrich,Thomas,LEI,P,5,0,0,0,0,0.0,0,0,0,0,1,1,1,0,18/19,A
Dohler,Phil,SCM,GK,1,0,0,0,0,0.0,0,0,0,0,0,0,0,0,18/19,A
Guretzky,Jan,LEI,GK,3,0,0,0,0,0.0,0,0,0,0,0,0,0,0,18/19,A
Muller,Jurgen,SGB,GK,34,0,0,0,0,0.0,1,0,0,0,0,0,0,0,18/19,A
Kienzle,Martin,TVB,LW,3,0,0,0,0,0.0,0,0,0,0,0,0,1,0,18/19,A
Porath,Julius Franz,BER,RW,2,0,0,0,0,0.0,0,0,0,0,0,0,0,0,18/19,A
Paske,Maurice,GWD,GK,1,0,0,0,0,0.0,0,0,0,0,0,0,0,0,18/19,A
Genz,Fredrik,BER,GK,6,0,0,0,0,0.0,0,0,0,0,0,0,0,0,18/19,A
Walz,Sebastian,HCE,P,1,0,0,0,0,0.0,0,0,0,0,0,0,0,0,18/19,A
Lenz,Mathias,LUD,GK,21,0,0,0,0,0.0,2,0,0,0,0,0,0,0,18/19,A
Donker,Malte,HAN,RB,9,0,0,0,0,0.0,0,1,0,1,0,1,0,0,18/19,A
Hassferter,Michael,HCE,GK,5,0,0,0,0,0.0,0,0,0,0,0,0,0,0,18/19,A
Buric,Benjamin,SGF,GK,34,0,0,0,0,0.0,10,3,0,0,1,0,0,0,18/19,A
Hasenforther,Lasse,GUM,GK,1,0,0,0,0,0.0,0,0,0,0,0,0,0,0,18/19,A
Gorpishin,Sergej,HCE,P,14,0,0,0,0,0.0,0,0,0,0,0,0,0,0,18/19,A
Lehmann,Nick,TVB,GK,5,0,0,0,0,0.0,0,0,0,0,0,0,0,0,18/19,A
Richtzenhain,Justus Nicolas,GWD,P,3,0,0,0,0,0.0,0,0,0,0,0,0,0,0,18/19,A
Dell,Jonas,BHC,LB,1,0,0,0,0,0.0,0,0,0,1,0,0,0,0,18/19,A
Zecher,Finn,TBV,GK,6,0,0,0,0,0.0,0,0,0,0,0,0,0,0,18/19,A
Weisser,Felix,FAG,LW,5,0,0,0,0,0.0,0,0,0,0,0,0,0,0,18/19,A
Ganz,Tim,RNL,RW,2,0,0,0,0,0.0,0,0,0,0,0,0,0,0,18/19,A
Sittrup Bergerud,Torbjorn,SGF,GK,32,0,0,0,0,0.0,5,0,1,0,0,0,0,0,18/19,A
Haspinger,Nick,TVB,RB,1,0,0,0,0,0.0,0,0,0,0,0,0,0,0,18/19,A
Kurch,Justin,SCM,P,3,0,0,0,0,0.0,0,0,0,0,0,0,0,0,18/19,A
Urios Gonzales,Rolando,BER,P,2,0,0,0,0,0.0,0,0,0,0,0,1,0,0,18/19,A
Ots,Rasmus,BHC,GK,5,0,0,0,0,0.0,0,0,0,0,0,0,0,0,18/19,A
Schletterer,Jonas,HCE,RB,4,0,0,0,0,0.0,0,0,0,0,0,0,0,0,18/19,A
Meyfarth,Fabian,GWD,GK,1,0,0,0,0,0.0,0,0,0,0,0,0,0,0,18/19,A
Cvetkovski,Jane,WET,GK,2,0,0,0,0,0.0,0,0,0,0,0,0,0,0,18/19,A
Jebram,Moritz,TBV,P,5,0,0,0,0,0.0,0,0,0,0,0,0,0,0,18/19,A
Geis,Linus,TBV,LB,3,0,0,0,0,0.0,0,0,0,0,0,1,0,0,18/19,A
Jepsen,Johannes,SGF,GK,2,0,0,0,0,0.0,0,0,0,0,0,0,0,0,18/19,A
Hoblaj,Leon,LUD,GK,3,0,0,0,0,0.0,0,0,0,0,0,0,0,0,18/19,A
Srsen,Domagoj,HAN,P,34,0,0,0,0,0.0,8,1,4,7,8,9,0,0,18/19,A
Seidler,Oliver,LEI,P,4,0,0,0,0,0.0,0,0,0,0,0,0,0,0,18/19,A
Weber,Ian,WET,CB,1,0,0,0,0,0.0,1,0,0,0,0,0,0,0,18/19,A
Strakeljahn,Simon,GWD,CB,5,0,0,0,0,0.0,0,0,0,0,0,0,0,0,18/19,A
Danneberg,Yannick,SCM,LB,1,0,0,0,0,0.0,0,0,0,0,0,0,0,0,18/19,A
Reimann,Alexander,SCM,LW,1,0,0,0,0,0.0,0,0,0,0,0,0,0,0,18/19,A
Loser,Timo,LEI,LB,9,0,0,0,0,0.0,0,0,0,0,0,0,0,0,18/19,A
Maidl,Lorenz,HCE,LW,1,0,0,0,0,0.0,0,0,0,0,0,0,0,0,18/19,A
Harnacke,Philipp,TBV,LB,1,0,0,0,0,0.0,0,0,0,0,0,0,0,0,18/19,A
Juric,Petar,HAN,CB,2,0,0,0,0,0.0,0,0,0,0,0,0,0,0,18/19,A
Genty,Bastien,BER,RW,6,0,0,0,0,0.0,0,0,0,0,0,0,0,0,18/19,A
Adanir,Can,RNL,GK,6,0,0,0,0,0.0,0,0,0,0,0,0,0,0,18/19,A
Baumgart,Luka,SCM,CB,3,0,0,0,0,0.0,0,0,0,0,0,0,0,0,18/19,A
Piroch,Tomas,MTM,RB,1,0,0,0,0,0.0,0,0,0,0,0,0,0,0,18/19,A
Gruber,Jona,MTM,CB,3,0,0,0,0,0.0,0,1,0,0,0,0,0,0,18/19,A
Damm,Julian,MTM,P,3,0,0,0,0,0.0,0,0,0,0,0,0,0,0,18/19,A
Foege,Luis Plymford,TVB,RB,10,0,0,0,0,0.0,0,1,0,0,0,0,0,0,18/19,A
Jannes,Louis,TBV,GK,1,0,0,0,0,0.0,0,0,0,0,0,0,0,0,18/19,A
Meyer-Siebert,Julius,LEI,LB,6,0,0,0,0,0.0,0,1,0,0,0,0,0,0,18/19,A
Neumann,Nicolas,LEI,LW,1,0,0,0,0,0.0,0,0,0,0,0,0,0,0,18/19,A
Ahouansou,Philipp,RNL,LB,1,0,0,0,0,0.0,0,0,0,0,0,0,0,0,18/19,A
Wernlein,Felix,HAN,GK,1,0,0,0,0,0.0,0,0,0,0,0,0,0,0,18/19,A
Kiesler,Tom,GUM,LB,3,0,0,0,0,0.0,0,0,0,0,0,0,0,0,18/19,A
Wissmann,Yannick,TVB,LW,3,0,0,0,0,0.0,0,0,0,0,0,0,0,0,18/19,A
Grabenstein,Leon,GWD,GK,2,0,0,0,0,0.0,0,0,0,0,0,0,0,0,18/19,A
Elisson,Bjarki Mar,TBV,LW,27,216,71,144,72,0.7526,2,8,9,1,1,8,0,0,19/20,A
Lindberg,Hans,BER,RW,27,203,52,99,104,0.7961,17,10,4,0,0,3,0,0,19/20,A
Damgaard,Michael,SCM,LB,27,166,150,166,0,0.5253,62,33,0,0,1,2,0,0,19/20,A
Weber,Robert,NOL,RW,27,164,71,106,58,0.6979000000000001,11,12,15,1,2,5,0,0,19/20,A
Ekberg,Niclas,THW,RW,26,164,37,60,104,0.8159000000000001,7,3,13,0,1,1,0,0,19/20,A
Schiller,Marcel,FAG,LW,25,157,67,85,72,0.7009000000000001,11,6,11,1,4,4,0,0,19/20,A
Zieker,Patrick,TVB,LW,27,144,50,99,45,0.7423000000000001,8,14,13,1,2,4,0,0,19/20,A
Kastening,Timo,HAN,RW,27,144,56,94,50,0.72,7,5,13,0,1,1,0,0,19/20,A
Gensheimer,Uwe,RNL,LW,22,134,43,75,59,0.7570999999999999,6,5,6,0,0,7,0,0,19/20,A
Boomhouwer,Jeffrey,BHC,LW,27,131,48,87,44,0.7318000000000001,8,5,5,1,3,4,0,0,19/20,A
Hafner,Kai,MTM,RB,25,125,105,125,0,0.5435,85,34,2,3,4,7,0,0,19/20,A
Rambo,Christoffer,GWD,RB,25,125,115,117,8,0.5207999999999999,58,35,18,5,8,14,1,0,19/20,A
Olsen,Morten,HAN,CB,25,119,89,98,21,0.5721,74,39,0,0,1,0,0,0,19/20,A
Schmid,Andy,RNL,CB,25,117,114,96,21,0.5065,96,36,3,0,2,1,0,0,19/20,A
Sellin,Johannes,HCE,RW,27,113,44,81,32,0.7197,10,14,7,0,1,5,0,0,19/20,A
Carlsbogard,Jonathan,TBV,LB,24,111,84,111,0,0.5692,103,22,4,8,4,6,0,0,19/20,A
Michalczik,Marian,GWD,LB,24,111,77,70,41,0.5904,64,29,4,3,7,10,0,0,19/20,A
Ivic,Sime,HCE,RB,27,111,76,110,1,0.5936,47,48,1,1,3,15,1,0,19/20,A
Kohlbacher,Jannik,RNL,P,26,110,27,110,0,0.8029000000000001,7,30,3,2,3,6,0,0,19/20,A
Sogard,Goran,SGF,LB,27,110,89,110,0,0.5528,48,32,6,3,5,4,0,0,19/20,A
Holst,Maximilian,WET,LW,27,107,40,27,80,0.7279000000000001,7,5,1,0,2,0,0,0,19/20,A
Kuhn,Julius,MTM,LB,26,107,103,107,0,0.5095000000000001,53,42,8,5,8,12,0,0,19/20,A
Lipovina,Vladan,HBW,RB,25,107,104,107,0,0.5071,37,23,3,0,6,4,0,0,19/20,A
Muller,Jerome,LUD,RB,27,107,87,107,0,0.5515,51,28,4,1,5,5,1,0,19/20,A
Gretarsson,Oddur,HBW,LW,26,106,29,56,50,0.7852,9,4,6,1,2,5,0,0,19/20,A
Hornke,Tim,SCM,RW,26,102,47,35,67,0.6846,2,4,5,0,4,3,0,0,19/20,A
Gottfridsson,Jim,SGF,CB,27,101,62,82,19,0.6196,67,36,5,1,0,7,0,0,19/20,A
Semper,Franz,LEI,RB,22,100,65,100,0,0.6061,44,26,4,1,4,4,0,0,19/20,A
Weber,Philipp,LEI,CB,25,98,75,89,9,0.5665,57,35,4,3,1,8,0,0,19/20,A
Cavor,Stefan,WET,RB,27,98,92,98,0,0.5158,55,24,5,5,5,4,0,0,19/20,A
Bjornsen,Kristian,WET,RW,27,97,27,97,0,0.7823,14,3,2,2,3,1,0,0,19/20,A
Gulliksen,Kevin Maageroe,GWD,RW,26,96,36,95,1,0.7273000000000001,12,6,14,1,3,4,0,0,19/20,A
Mickal,Pavel,NOL,LW,27,93,46,85,8,0.6690999999999999,6,9,5,1,2,2,0,0,19/20,A
Musche,Matthias,SCM,LW,27,92,40,79,13,0.6970000000000001,8,5,7,0,1,2,0,0,19/20,A
Lindskog,Anton,WET,P,25,92,26,92,0,0.7797,21,15,2,22,15,17,1,0,19/20,A
Binder,Lukas,LEI,LW,26,90,30,90,0,0.75,14,10,9,0,2,2,0,0,19/20,A
Reinkind,Harald,THW,RB,26,89,70,89,0,0.5597,30,19,2,5,3,6,0,0,19/20,A
Bohm,Fabian,HAN,LB,27,88,60,88,0,0.5946,41,29,0,4,8,14,1,0,19/20,A
Schmidt,David,TVB,RB,17,88,74,88,0,0.5432,23,12,0,1,4,8,0,0,19/20,A
Kozina,Kresimir,FAG,P,26,88,23,81,7,0.7928000000000001,11,22,2,5,8,16,0,0,19/20,A
Rod,Magnus,SGF,RB,20,88,52,87,1,0.6286,37,22,1,8,6,9,0,0,19/20,A
Drux,Paul,BER,LB,23,87,47,87,0,0.6493000000000001,39,20,4,9,8,11,0,0,19/20,A
Forsell Schefvert,Olle,WET,LB,27,87,58,87,0,0.6,62,34,6,11,12,14,0,0,19/20,A
Golla,Johannes,SGF,P,27,86,23,86,0,0.789,11,7,8,22,13,18,0,0,19/20,A
Mikkelsen,Lasse Reinhold,MTM,CB,24,86,56,50,36,0.6056,45,13,2,2,3,6,0,0,19/20,A
Schoch,Jona,HBW,LB,27,84,67,84,0,0.5563,44,24,0,8,8,13,0,0,19/20,A
Krzikalla,Lucas,LEI,RW,25,84,28,26,58,0.75,4,3,3,0,1,3,0,0,19/20,A
Cederholm,Andreas,TBV,RB,27,83,79,83,0,0.5123,61,35,1,2,3,7,0,0,19/20,A
Gunnarsson,Arnor Thor,BHC,RW,24,82,42,47,35,0.6613,6,4,5,1,3,1,1,0,19/20,A
Pettersson,Daniel,SCM,RW,27,82,33,62,20,0.713,4,5,1,1,1,0,0,0,19/20,A
Niemeyer,Marcel,HBW,P,27,81,33,81,0,0.7105,4,17,2,12,13,16,0,0,19/20,A
Bilyk,Nikola,THW,LB,23,80,59,80,0,0.5755,36,16,6,5,7,3,0,0,19/20,A
Kneule,Tim,FAG,CB,26,78,64,78,0,0.5493,63,25,5,5,6,14,1,0,19/20,A
Pohle,Georg,NOL,LB,27,76,112,68,8,0.4043,48,42,6,9,11,13,1,0,19/20,A
Schagen,Bobby,TBV,RW,27,75,31,65,10,0.7075,14,3,14,0,1,3,0,0,19/20,A
Gutbrod,Fabian,BHC,LB,25,75,72,75,0,0.5102,8,13,1,1,2,1,0,0,19/20,A
Pekeler,Hendrik,THW,P,26,75,19,75,0,0.7979,15,5,11,16,8,17,1,0,19/20,A
Wiesmach,Patrick,LEI,RW,24,75,25,61,14,0.75,6,3,7,0,3,2,0,0,19/20,A
Holm,Jacob,BER,CB,24,74,57,72,2,0.5649000000000001,41,25,5,0,2,5,0,0,19/20,A
Maric,Marino,MTM,P,26,73,22,73,0,0.7684000000000001,8,13,9,10,12,13,0,0,19/20,A
Lonn,Adam,TVB,LB,23,73,67,73,0,0.5214,35,24,7,11,8,21,1,0,19/20,A
Darj,Max,BHC,P,27,72,30,72,0,0.7059000000000001,16,21,10,12,14,16,0,0,19/20,A
Marsenic,Mijajlo,BER,P,25,72,23,72,0,0.7579,4,13,1,13,15,19,2,0,19/20,A
Cehte,Nejc,HAN,RB,27,72,56,72,0,0.5625,45,36,5,4,8,12,0,0,19/20,A
Budel,Nico,HCE,CB,27,70,69,70,0,0.5036,32,27,4,0,9,13,1,0,19/20,A
Steinhauser,Marius,SGF,RW,27,70,27,40,30,0.7216,3,3,3,0,1,1,0,0,19/20,A
Sliskovic,Ivan,FAG,LB,20,70,76,70,0,0.47950000000000004,58,21,4,9,6,11,0,0,19/20,A
Reichmann,Tobias,MTM,RW,25,69,35,53,16,0.6635,2,6,5,0,3,3,0,0,19/20,A
Durak,Pascal,LUD,RW,27,68,19,45,23,0.7816,5,7,2,0,4,7,0,0,19/20,A
Rubin,Lenny,WET,LB,27,68,51,68,0,0.5714,30,11,0,6,8,14,1,0,19/20,A
Firnhaber,Sebastian,HCE,P,27,67,27,67,0,0.7128,7,14,5,7,7,21,4,0,19/20,A
Mappes,Dominik,LUD,CB,24,66,72,66,0,0.4783,44,18,4,1,1,2,0,0,19/20,A
Duvnjak,Domagoj,THW,CB,24,65,56,65,0,0.5372,56,12,16,4,6,2,1,0,19/20,A
Allendorf,Michael,MTM,LW,23,65,29,42,23,0.6915,2,11,4,1,3,4,0,0,19/20,A
Groetzki,Patrick,RNL,RW,26,65,37,65,0,0.6373,29,12,5,0,1,2,0,0,19/20,A
Wiede,Fabian,BER,RB,20,65,40,65,0,0.619,116,24,6,8,2,5,1,0,19/20,A
Thomann,Gregor,HBW,RW,27,65,32,38,27,0.67,4,2,6,0,1,3,0,0,19/20,A
Mensah Larsen,Mads,RNL,CB,26,64,52,60,4,0.55,35,21,3,6,4,7,0,0,19/20,A
O'Sullivan,Christian,SCM,CB,26,63,44,63,0,0.5888,61,29,7,4,5,9,0,0,19/20,A
Pfattheicher,Sascha,TVB,RW,25,62,24,54,8,0.7209,6,7,3,0,1,4,0,0,19/20,A
Arnesson,Linus,BHC,CB,25,62,82,62,0,0.43060000000000004,69,23,6,5,4,2,0,0,19/20,A
Jondal,Magnus,SGF,LW,26,61,38,54,7,0.6162,3,7,14,0,3,5,0,0,19/20,A
Martinovic,Ivan,HAN,RB,20,61,40,61,0,0.604,24,14,3,0,1,5,0,0,19/20,A
Miedema,Patrick,NOL,CB,26,59,36,59,0,0.6211,34,26,12,0,13,19,2,0,19/20,A
Metzner,Antonio,HCE,RB,25,59,38,59,0,0.6082,12,15,0,1,0,4,1,0,19/20,A
Peshevski,Zarko,TVB,P,27,58,19,58,0,0.7532,2,20,1,1,1,2,0,0,19/20,A
Neuhaus,Max,LUD,CB,23,58,38,34,24,0.6042000000000001,1,11,0,0,0,0,0,0,19/20,A
Klimek,Christian,TBV,P,27,57,24,57,0,0.7037,6,14,6,14,13,14,1,0,19/20,A
Brozovic,Ilija,HAN,P,22,56,21,56,0,0.7273000000000001,7,18,3,8,13,17,0,0,19/20,A
Mamic,Marko,LEI,LB,26,56,58,56,0,0.49119999999999997,35,29,6,19,10,16,1,0,19/20,A
Zelenovic,Nemanja,FAG,RB,21,56,48,56,0,0.5385,15,27,2,1,4,5,0,0,19/20,A
Kirkelokke,Niclas,RNL,RB,26,56,37,56,0,0.6022,48,14,11,2,6,6,0,0,19/20,A
Weiss,Dominik,TVB,LB,22,54,71,54,0,0.43200000000000005,25,17,1,5,5,10,0,0,19/20,A
Landin,Magnus,THW,LW,26,54,15,49,5,0.7826000000000001,5,3,11,1,2,3,0,0,19/20,A
Theuerkauf,Christoph,TBV,P,21,53,14,49,4,0.7909999999999999,1,8,2,1,1,1,0,0,19/20,A
Wiencek,Patrick,THW,P,26,53,22,53,0,0.7067,13,11,4,16,11,7,0,0,19/20,A
Koch,Johan,BER,P,27,52,13,52,0,0.8,4,12,2,1,3,5,0,0,19/20,A
Gebala,Maciej,LEI,P,26,52,12,52,0,0.81,3,8,1,7,8,7,0,0,19/20,A
Savvas,Savvas,GWD,LB,25,52,46,35,17,0.53,12,12,5,6,2,6,0,0,19/20,A
Saueressig,Lukas,HBW,CB,27,52,35,49,3,0.5977,55,34,6,2,10,6,1,0,19/20,A
Meister,Lucas,GWD,P,26,52,15,52,0,0.7761,5,10,3,3,14,23,0,0,19/20,A
Strobel,Martin,HBW,CB,18,51,35,48,3,0.593,25,18,2,5,3,2,0,0,19/20,A
Theilinger,Nicolai,FAG,RB,26,50,34,50,0,0.5952000000000001,41,18,7,2,10,8,0,0,19/20,A
Gullerud,Magnus,GWD,P,23,50,12,50,0,0.8065000000000001,5,9,10,15,8,12,1,0,19/20,A
Hafner,Max,TVB,CB,27,50,61,50,0,0.45049999999999996,34,20,3,1,2,4,0,0,19/20,A
Possehl,Julian,NOL,RB,26,49,36,49,0,0.5765,52,33,1,1,8,12,0,0,19/20,A
Scholz,Jonathan,LUD,LW,27,49,28,49,0,0.6364,8,6,4,0,6,10,0,0,19/20,A
Lagergren,Albin,SCM,RB,23,48,38,48,0,0.5581,40,14,6,1,1,1,0,0,19/20,A
Nilsson,Lukas,THW,LB,24,48,51,48,0,0.48479999999999995,24,12,1,1,1,4,0,0,19/20,A
Nothdurft,Tim,HBW,LW,27,48,21,48,0,0.7,4,2,2,0,1,3,0,0,19/20,A
Pettersson,Alexander,RNL,RB,22,47,44,47,0,0.5165,22,14,7,6,5,7,0,0,19/20,A
Svan,Lasse,SGF,RW,26,47,18,47,0,0.7231000000000001,4,2,5,0,3,9,0,0,19/20,A
Link,Nikolai,HCE,LB,25,47,47,47,0,0.5,25,21,3,12,13,23,2,0,19/20,A
Weinhold,Steffen,THW,RB,20,47,31,47,0,0.6026,33,13,3,3,10,13,1,0,19/20,A
Haass,Michael,HCE,CB,26,46,38,46,0,0.5476,48,31,9,6,13,10,0,0,19/20,A
Pevnov,Evgeni,HAN,P,26,46,16,46,0,0.7419,3,10,2,16,9,11,1,0,19/20,A
Dippe,Kai,LUD,P,25,46,15,42,4,0.7541,7,14,4,1,12,24,1,0,19/20,A
Falk,Alexander,LUD,RW,27,46,23,46,0,0.6667000000000001,2,4,6,1,3,2,0,0,19/20,A
Ugalde,Cristian,HAN,LW,25,46,20,46,0,0.6970000000000001,6,3,7,2,1,5,0,0,19/20,A
Frend Ofors,Emil,WET,LW,27,46,14,46,0,0.7667,3,5,6,1,0,4,0,0,19/20,A
Vorlicek,Philipp,NOL,RB,17,46,34,46,0,0.575,15,15,1,2,7,3,0,0,19/20,A
Knorr,Juri,GWD,CB,17,45,25,45,0,0.6429,30,14,8,2,1,5,0,0,19/20,A
von Gruchalla,Florian,HCE,RW,27,44,19,4,40,0.6984,0,0,0,0,0,0,0,0,19/20,A
Bezjak,Marko,SCM,CB,20,44,22,44,0,0.6667000000000001,53,19,15,0,4,7,0,0,19/20,A
Bissel,Christopher,HCE,LW,27,44,25,44,0,0.6377,18,7,9,1,3,9,1,0,19/20,A
Jeppsson,Simon,SGF,LB,27,43,48,43,0,0.4725,36,18,4,1,2,2,0,0,19/20,A
Taleski,Filip,HBW,LB,26,43,64,43,0,0.4019,26,14,0,0,1,4,0,0,19/20,A
Kristjansson,Viggo,LEI,RB,29,43,34,39,4,0.5584,31,16,4,1,2,5,0,0,19/20,A
Mirkulovski,Filip,WET,CB,27,42,28,42,0,0.6,27,29,2,0,3,1,0,0,19/20,A
Valiullin,Azat,LUD,LB,22,42,54,42,0,0.4375,8,15,3,10,7,17,1,0,19/20,A
Babak,Tomas,BHC,CB,27,42,41,42,0,0.506,41,23,2,1,1,2,0,0,19/20,A
Zarabec,Miha,THW,CB,26,42,34,39,3,0.5526,31,8,0,0,1,1,0,0,19/20,A
Nippes,Kristian,BHC,RB,25,41,44,40,1,0.4824,29,11,4,8,7,4,0,0,19/20,A
Stuber,Frederic,LUD,P,27,41,7,41,0,0.8542000000000001,4,20,2,5,6,12,0,0,19/20,A
Guardiola,Isaias,TBV,RB,25,41,48,41,0,0.4607,37,21,20,13,5,8,0,0,19/20,A
Matthes,Tim,BER,LW,27,41,21,41,0,0.6613,5,5,5,1,4,6,0,0,19/20,A
Patrail,Mait,HAN,LB,26,40,24,40,0,0.63,36,13,12,13,3,7,0,0,19/20,A
Witzke,Luca,LEI,CB,24,40,30,40,0,0.5714,28,10,2,0,2,3,0,0,19/20,A
Bagersted,Jacob,FAG,P,24,39,7,39,0,0.8478,5,6,3,5,14,22,0,0,19/20,A
Lagarde,Romain,RNL,LB,23,39,42,39,0,0.4815,19,14,4,3,5,4,0,0,19/20,A
Kunkel,Yves,MTM,LW,26,38,21,38,0,0.6441,2,4,5,0,0,2,0,0,19/20,A
Musa,Zeljko,SCM,P,23,38,10,38,0,0.7917000000000001,6,7,3,8,8,5,0,0,19/20,A
Mertens,Lukas,SCM,LW,27,37,14,36,1,0.7254999999999999,5,1,6,0,1,0,0,0,19/20,A
Korte,Mats,GWD,LW,26,37,20,37,0,0.6491,6,5,7,2,1,5,0,0,19/20,A
Minel,Quentin,HCE,LB,27,36,39,36,0,0.48,20,23,1,0,2,1,0,0,19/20,A
Feld,Alexander,WET,CB,27,36,37,36,0,0.4932,6,11,1,0,0,2,0,0,19/20,A
Rentschler,Marco,FAG,RW,26,35,16,35,0,0.6862999999999999,4,2,5,0,2,1,0,0,19/20,A
Zobel,Rene,HBW,RB,27,35,32,35,0,0.5224,7,5,2,3,5,17,1,0,19/20,A
Reissky,Christoph,GWD,RB,26,34,43,34,0,0.4416,34,19,8,0,3,12,1,0,19/20,A
Janke,Maximilian,LEI,CB,25,33,15,33,0,0.6875,29,16,8,10,1,6,0,0,19/20,A
Jonsson,Alfred,HAN,LB,21,33,25,33,0,0.569,11,4,1,0,0,1,0,0,19/20,A
Buchner,Vincent,HAN,LW,26,33,10,33,0,0.7674,4,2,9,0,3,0,0,0,19/20,A
Baijens,Dani,TBV,CB,23,33,32,33,0,0.5077,12,15,2,1,5,7,0,0,19/20,A
Nielsen,Jesper,RNL,P,20,32,5,32,0,0.8649,6,3,1,9,8,10,0,0,19/20,A
Sorensen,Tim,FAG,RW,26,32,19,30,2,0.6275,2,2,2,0,0,0,0,0,19/20,A
Padshyvalau,Aliaksandr,GWD,CB,22,32,22,32,0,0.59,14,19,0,0,1,3,0,0,19/20,A
Wieling,Tim,TVB,RW,27,31,11,31,0,0.7381,3,1,3,0,0,5,0,0,19/20,A
Markotic,Robert,TVB,RB,22,31,30,31,0,0.5082,19,19,2,0,3,11,0,0,19/20,A
Spath,Manuel,TVB,P,26,30,11,30,0,0.7317,11,6,6,24,12,20,0,0,19/20,A
Rahmel,Ole,THW,RW,26,30,8,30,0,0.7895,1,3,5,1,2,4,0,0,19/20,A
Struck,Kevin,BER,LB,26,30,13,30,0,0.6977,4,0,2,1,4,4,0,0,19/20,A
Heiny,Lutz,NOL,LB,27,30,38,30,0,0.4412,21,11,0,1,2,4,0,0,19/20,A
Glandorf,Holger,SGF,RB,24,29,12,29,0,0.7073,22,7,3,5,4,2,1,0,19/20,A
Johannsson,Ragnar,BHC,RB,26,29,26,29,0,0.5273,6,12,3,0,6,7,0,0,19/20,A
Kalafut,Dominik,NOL,P,27,29,10,29,0,0.7436,1,9,0,1,1,3,0,0,19/20,A
Stutzke,Lukas,BHC,LB,27,29,24,29,0,0.5472,21,10,4,5,7,11,2,0,19/20,A
Dietrich,Gunnar,LUD,LB,27,28,36,28,0,0.44,34,15,2,29,9,26,2,0,19/20,A
Lemke,Finn,MTM,LB,22,28,10,28,0,0.7368000000000001,11,8,5,32,13,7,0,0,19/20,A
Zachariassen,Anders,SGF,P,27,28,15,28,0,0.6512,5,5,2,3,6,6,0,0,19/20,A
Faluvegi,Rudolf,TVB,LB,21,28,42,28,0,0.4,21,14,2,4,7,7,1,0,19/20,A
Fraatz,Yannick,BHC,RW,24,28,7,28,0,0.8,3,1,3,1,0,3,1,0,19/20,A
Pavlovic,Domagoj,MTM,CB,26,28,21,28,0,0.57,14,12,4,0,0,4,0,0,19/20,A
Overby,Petter,HCE,P,15,28,19,28,0,0.5957,5,5,6,3,4,12,1,0,19/20,A
Steinert,Christoph,SCM,RB,27,26,25,26,0,0.51,17,8,6,3,9,3,0,0,19/20,A
Dahmke,Rune,THW,LW,26,26,11,26,0,0.7027,6,5,6,1,1,4,0,0,19/20,A
Kristopans,Dainis,BER,RB,5,26,10,26,0,0.7222,17,10,1,4,2,3,0,0,19/20,A
Wanne,Hampus,SGF,LW,9,25,9,12,13,0.7353000000000001,1,1,0,0,1,1,0,0,19/20,A
Damm,Sebastian,BHC,LW,25,25,20,22,3,0.5556,0,5,0,0,1,3,0,0,19/20,A
Weck,Alexander,BHC,LB,22,25,13,19,6,0.6579,7,3,0,1,1,1,0,0,19/20,A
Schmidt,Erik,SCM,P,26,24,10,24,0,0.7059000000000001,3,7,2,15,8,17,1,0,19/20,A
Salger,Stefan,MTM,RB,25,24,19,24,0,0.5581,5,5,0,2,0,7,0,0,19/20,A
Tollbring,Jerry,RNL,LW,25,24,16,22,2,0.6,1,1,3,0,0,1,0,0,19/20,A
Mandalinic,Stipe,BER,LB,27,24,31,24,0,0.4364,4,8,0,0,0,0,0,0,19/20,A
Szucs,Csaba,BHC,CB,26,23,25,23,0,0.4792,30,7,10,18,8,15,1,0,19/20,A
Meschke,Benjamin,HBW,P,25,23,7,23,0,0.7667,1,11,0,3,3,17,0,0,19/20,A
Ritterbach,Joscha,GWD,LW,23,23,10,23,0,0.6970000000000001,2,7,1,0,1,3,0,0,19/20,A
Milosevic,Alen,LEI,P,22,23,7,23,0,0.7667,2,10,2,0,8,4,0,0,19/20,A
de Boer,Luca,NOL,P,27,23,20,23,0,0.5349,9,7,7,11,6,17,0,0,19/20,A
Asgeirsson,Elvar,TVB,LB,27,23,17,23,0,0.575,25,14,0,1,5,7,0,0,19/20,A
Schneider,Timm,MTM,CB,25,22,14,22,0,0.6111,5,6,1,4,5,12,0,0,19/20,A
Zeitz,Christian,TVB,RB,6,22,19,22,0,0.5366,10,9,1,1,2,4,0,0,19/20,A
Heymann,Sebastian,FAG,LB,9,22,25,22,0,0.4681,16,7,3,6,2,2,0,0,19/20,A
Ignatow,Dimitri,MTM,RW,26,22,7,21,1,0.7585999999999999,5,5,0,0,0,1,1,0,19/20,A
Buhrer,Pascal,LUD,CB,24,22,19,22,0,0.5366,32,13,2,0,0,3,0,0,19/20,A
Fath,Steffen,RNL,LB,22,21,23,21,0,0.47729999999999995,7,3,2,1,0,0,0,0,19/20,A
Jurecki,Michal,SGF,LB,27,21,13,21,0,0.6175999999999999,11,11,1,1,1,6,1,0,19/20,A
Schaffer,Jan,HCE,P,26,21,8,21,0,0.7241,4,2,2,9,4,2,0,0,19/20,A
Simak,Frederik,BER,LB,27,21,23,17,4,0.48,13,9,3,1,4,3,0,0,19/20,A
Seidel,Lasse,NOL,LW,19,20,6,18,2,0.7692,0,2,2,0,0,1,0,0,19/20,A
Ernst,Simon,BER,CB,8,20,13,20,0,0.6061,12,2,1,0,1,3,0,0,19/20,A
Hofmann,Jannik,LUD,LW,19,20,11,20,0,0.6452,6,0,4,1,1,4,1,0,19/20,A
Baena Gonzalez,Rafael,BHC,P,26,20,6,20,0,0.77,2,5,0,1,0,0,0,0,19/20,A
Kopljar,Marko,BER,RB,21,20,13,20,0,0.61,5,6,2,12,4,4,0,0,19/20,A
Sidorowicz,Roman,MTM,LB,26,20,15,20,0,0.5714,7,6,0,0,0,0,0,0,19/20,A
Van Olphen,Fabian,TBV,LB,21,19,16,19,0,0.5428999999999999,18,6,3,10,10,11,0,0,19/20,A
Kogut,Andrej,TBV,CB,17,18,9,18,0,0.6667000000000001,17,14,1,0,3,3,0,0,19/20,A
Gojun,Jakov,BER,LB,24,18,6,18,0,0.75,3,0,0,13,13,23,1,0,19/20,A
Majdzinski,Maciej,BHC,RB,10,18,19,18,0,0.4865,4,4,0,0,4,1,0,0,19/20,A
Peric,Josip,FAG,CB,19,18,16,15,3,0.5294,15,13,0,0,0,2,0,0,19/20,A
Remmlinger,Jan,LUD,LB,22,17,16,17,0,0.5152,20,6,0,6,5,12,1,0,19/20,A
De la Pena,Juan,HBW,CB,15,17,8,17,0,0.68,3,6,0,2,1,1,0,0,19/20,A
Hermann,Till,FAG,LW,26,16,6,16,0,0.7273000000000001,2,2,0,0,1,1,0,0,19/20,A
Weissgerber,Lars,WET,RW,24,16,11,10,6,0.5926,0,1,0,1,0,0,0,0,19/20,A
Staar,Max,GWD,RW,26,16,13,16,0,0.5517,1,3,3,0,3,3,1,0,19/20,A
Haider,Maximilian,LUD,P,26,16,7,16,0,0.7,0,5,0,2,5,10,0,0,19/20,A
Muller,Michael,BER,RB,27,15,11,15,0,0.5769,16,7,1,8,2,4,0,0,19/20,A
Torbrugge,Nils,WET,P,27,15,9,15,0,0.63,2,2,3,3,6,20,1,0,19/20,A
Preuss,Moritz,SCM,P,18,15,5,15,0,0.75,0,5,0,0,0,0,0,0,19/20,A
Zerbe,Lukas,TBV,RW,27,15,10,14,1,0.6,3,2,2,0,2,3,0,0,19/20,A
Chrapkowski,Piotr,SCM,LB,27,15,7,15,0,0.6818000000000001,23,5,15,25,12,20,1,0,19/20,A
Kuzmanovski,Filip,SCM,LB,27,15,12,15,0,0.5556,8,11,7,1,1,6,0,0,19/20,A
Prakapenia,Anton,NOL,LB,18,15,19,15,0,0.4412,10,8,0,0,1,7,1,0,19/20,A
Leenders,Toon,NOL,P,27,14,6,14,0,0.7,1,1,6,7,7,11,1,0,19/20,A
Norouzinezhad Gharehlou,Pouya,FAG,LB,5,14,7,14,0,0.6667000000000001,5,5,1,1,1,2,0,0,19/20,A
Roscheck,Bastian,LEI,P,26,13,2,13,0,0.8667,8,6,8,5,16,18,0,0,19/20,A
Feise,Hannes,HAN,LW,25,13,5,13,0,0.7222,2,0,2,0,1,1,0,0,19/20,A
Rothlisberger,Samuel,TVB,P,27,13,5,13,0,0.7222,8,4,6,17,9,12,1,0,19/20,A
Hangstein,Fynn,TBV,CB,23,13,12,13,0,0.52,12,7,0,0,0,0,0,0,19/20,A
Reimann,Alexander,TBV,LW,24,13,4,13,0,0.7646999999999999,1,0,1,0,0,2,1,0,19/20,A
Guardiola,Gedeon,RNL,P,26,12,8,12,0,0.6,6,3,11,26,6,4,0,0,19/20,A
Santos,Raul,LEI,LW,17,12,7,12,0,0.63,1,1,0,0,0,1,0,0,19/20,A
Hausmann,Jannik,HBW,RW,23,12,10,12,0,0.55,9,4,3,0,3,5,0,0,19/20,A
Terwolbeck,Alexander,NOL,CB,25,12,10,12,0,0.5455,19,12,0,0,0,1,0,0,19/20,A
Ferraz,Joao,WET,RB,10,12,13,12,0,0.48,6,8,0,2,1,1,0,0,19/20,A
Smits,Kay,SCM,RB,6,12,6,9,3,0.6667000000000001,1,2,0,0,0,0,0,0,19/20,A
Pusica,Miljan,GWD,LB,20,12,14,12,0,0.46149999999999997,9,4,3,10,6,15,1,1,19/20,A
Versteijnen,Niels Gerardus,SGF,RB,19,12,3,3,9,0.8,1,1,0,0,0,0,0,0,19/20,A
Suton,Tim,TBV,CB,7,11,27,11,0,0.29,18,6,0,0,2,3,0,0,19/20,A
Kirveliavicius,Romas,HBW,LB,26,10,10,10,0,0.5,10,7,3,9,14,23,0,0,19/20,A
Danner,Felix,MTM,P,19,9,5,9,0,0.64,7,1,3,14,13,14,0,0,19/20,A
Kneer,Stefan,WET,LB,14,9,5,9,0,0.6429,8,4,0,3,8,8,0,0,19/20,A
Petrovsky,Leos,BHC,P,8,8,4,8,0,0.6667000000000001,0,2,0,1,1,3,0,0,19/20,A
Krone,Jannes,HAN,RW,14,8,3,8,0,0.7273000000000001,1,0,1,0,0,0,0,0,19/20,A
Verjans,Nicky,NOL,RW,21,6,8,6,0,0.4286,0,0,2,0,0,0,0,0,19/20,A
Remke,Gregor,LEI,RB,18,6,17,6,0,0.26,9,10,0,0,3,2,0,0,19/20,A
Thiele,Joshua,HAN,P,25,6,2,6,0,0.75,3,5,1,7,10,13,0,0,19/20,A
Hald Jensen,Simon,SGF,P,10,6,3,6,0,0.6667000000000001,2,1,2,6,3,3,0,0,19/20,A
Esche,Marc,LEI,LW,8,6,3,6,0,0.6667000000000001,0,0,0,0,0,1,0,0,19/20,A
Murawski,Martin,HCE,LW,23,5,3,5,0,0.625,0,2,0,0,0,0,0,0,19/20,A
Klein,Jannek,LUD,RB,25,5,10,5,0,0.3333,3,6,2,0,0,0,0,0,19/20,A
Wagner,Hendrik,LUD,LB,4,5,3,5,0,0.625,3,1,0,0,0,2,0,0,19/20,A
Hanne,Martin,HAN,LB,8,5,3,5,0,0.63,1,0,0,0,1,1,0,0,19/20,A
Muller,Philipp,LEI,LB,24,4,3,4,0,0.57,2,3,0,1,5,11,0,0,19/20,A
Schongarth,Jens,SGF,RB,7,4,9,4,0,0.31,3,0,1,0,0,1,0,0,19/20,A
Kristjansson,Gisli Thorgeir,THW,CB,11,4,3,4,0,0.57,4,2,0,0,0,0,0,0,19/20,A
Gislason,Ymir Orn,RNL,P,5,4,2,4,0,0.67,2,0,1,5,2,3,0,0,19/20,A
Quenstedt,Dario,THW,GK,25,3,0,3,0,1.0,3,0,0,1,0,0,0,0,19/20,A
Wyszomirski,Piotr,TBV,GK,25,3,1,3,0,0.75,8,0,0,0,0,0,0,0,19/20,A
Munoz Cabezon,Javier,BER,RW,6,3,1,2,1,0.75,0,0,0,0,0,0,0,0,19/20,A
Klimpke,Till,WET,GK,25,3,0,3,0,1.0,11,1,0,0,0,0,0,0,19/20,A
Ebner,Domenico,HAN,GK,27,3,1,3,0,0.75,1,0,1,0,0,0,0,0,19/20,A
Bartok,Donat,TBV,RB,5,3,2,3,0,0.6,1,0,0,0,0,0,0,0,19/20,A
Smit,Alec,NOL,RW,11,3,8,3,0,0.27,0,0,0,0,0,2,0,0,19/20,A
Lesjak,Urban,HAN,GK,27,3,2,3,0,0.6,4,3,2,1,1,0,0,0,19/20,A
Mosindi,Daniel,HCE,RB,9,3,2,3,0,0.6,0,2,0,0,0,0,0,0,19/20,A
Milosavljev,Dejan,BER,GK,14,3,1,3,0,0.75,3,0,0,1,0,0,0,0,19/20,A
Vortmann,Jens,LEI,GK,26,2,0,2,0,1.0,6,2,0,0,0,0,0,0,19/20,A
Horak,Pavel,THW,LB,26,2,1,2,0,0.67,3,1,1,14,2,3,0,0,19/20,A
Bitter,Johannes,TVB,GK,27,2,1,2,0,0.67,14,3,2,0,0,1,0,0,19/20,A
Voigt,Malte,LUD,LW,2,2,2,0,2,0.5,0,0,0,0,0,2,0,0,19/20,A
Landin,Niklas,THW,GK,26,2,1,2,0,0.67,5,0,0,0,0,1,0,0,19/20,A
Nowatzki,Maximilian,GWD,RB,11,2,0,2,0,1.0,0,0,0,0,0,0,0,0,19/20,A
Christensen,Espen,GWD,GK,21,2,0,2,0,1.0,9,1,0,0,0,0,0,0,19/20,A
Roller,Lars,HBW,P,11,2,1,2,0,0.67,0,2,0,0,0,1,0,0,19/20,A
Ganz,Tim,RNL,RW,26,2,0,2,0,1.0,0,1,0,1,0,0,0,0,19/20,A
Lier,Marvin,SGF,LW,13,2,2,1,1,0.5,0,1,0,0,0,1,0,0,19/20,A
Ravensbergen,Bart,NOL,GK,27,2,0,2,0,1.0,4,3,0,0,0,0,0,0,19/20,A
Strosack,Moritz,HBW,RW,11,2,1,2,0,0.67,0,0,0,0,1,0,0,0,19/20,A
Mavers,Veit,HAN,CB,16,2,2,1,1,0.5,2,2,0,1,0,0,0,0,19/20,A
Jensen,Mike,HBW,GK,25,2,0,2,0,1.0,1,1,1,0,0,0,0,0,19/20,A
Neudeck,Oskar,FAG,LB,5,2,0,1,1,1.0,0,0,0,0,0,0,0,0,19/20,A
Ziemer,Martin,BER,GK,17,1,0,1,0,1.0,3,1,1,1,0,0,0,0,19/20,A
Palicka,Andreas,RNL,GK,25,1,1,1,0,0.5,11,0,0,0,1,0,0,0,19/20,A
Katsigiannis,Nikolas,HCE,GK,27,1,0,1,0,1.0,8,1,0,0,0,1,0,0,19/20,A
Semisch,Malte,GWD,GK,26,1,0,1,0,1.0,5,0,0,0,0,0,0,0,19/20,A
Wiese,Jens,NOL,LB,3,1,3,1,0,0.25,0,0,0,0,0,0,0,0,19/20,A
Pieczkowski,Niclas,LEI,CB,4,1,1,1,0,0.5,0,1,0,0,1,0,0,0,19/20,A
Rebmann,Daniel,FAG,GK,26,1,0,1,0,1.0,2,1,0,0,0,0,0,0,19/20,A
Skof,Gorazd,LUD,GK,16,1,0,1,0,1.0,9,3,1,0,1,1,0,0,19/20,A
Johannesson,Peter,TBV,GK,27,1,0,1,0,1.0,6,0,0,0,2,0,0,0,19/20,A
Birlehm,Joel,LEI,GK,25,1,0,1,0,1.0,4,0,0,0,0,0,0,0,19/20,A
Zare,Levin,NOL,LW,14,1,4,1,0,0.2,1,0,0,0,0,0,0,0,19/20,A
Abutovic,Ilija,RNL,LB,26,1,0,1,0,1.0,1,1,8,14,13,18,1,0,19/20,A
Kastelic,Urh,FAG,GK,26,1,1,1,0,0.5,0,0,0,0,0,0,0,0,19/20,A
Bransche,Hannes,SCM,RB,5,1,0,1,0,1.0,0,0,0,0,0,0,0,0,19/20,A
Weber,Ian,WET,CB,12,1,0,1,0,1.0,0,0,0,0,0,0,0,0,19/20,A
Strakeljahn,Simon,GWD,CB,18,1,1,1,0,0.5,0,0,0,0,0,0,0,0,19/20,A
Erifopoulos,Christos,FAG,CB,6,1,1,1,0,0.5,0,0,0,0,0,1,0,0,19/20,A
Heinzelmann,Tobias,HBW,P,2,1,0,1,0,1.0,0,0,0,0,0,0,0,0,19/20,A
Heinevetter,Silvio,BER,GK,20,0,0,0,0,0.0,2,0,1,0,1,0,0,0,19/20,A
Mrkva,Tomas,BHC,GK,23,0,0,0,0,0.0,3,1,0,0,0,0,0,0,19/20,A
Heinl,Jacob,SGF,P,17,0,0,0,0,0.0,3,0,2,12,11,10,0,0,19/20,A
Lichtlein,Carsten,HCE,GK,27,0,0,0,0,0.0,1,2,0,0,0,0,0,0,19/20,A
Putera,Milos,LEI,GK,1,0,0,0,0,0.0,0,0,0,0,0,0,0,0,19/20,A
Bozic,Vladimir,HBW,GK,25,0,0,0,0,0.0,2,0,0,0,0,0,0,0,19/20,A
Foth,Christoph,HBW,P,2,0,0,0,0,0.0,1,0,0,1,1,0,0,0,19/20,A
Klesniks,Evars,TBV,RB,7,0,0,0,0,0.0,0,1,0,5,5,7,1,0,19/20,A
Appelgren,Mikael,RNL,GK,26,0,0,0,0,0.0,5,1,0,0,0,0,0,0,19/20,A
Rudeck,Christopher,BHC,GK,27,0,0,0,0,0.0,7,0,0,0,0,0,0,0,19/20,A
Sjostrand,Johan,MTM,GK,24,0,0,0,0,0.0,0,0,0,0,0,0,0,0,19/20,A
Hanemann,Stefan,LUD,GK,8,0,0,0,0,0.0,2,1,0,0,0,0,0,0,19/20,A
Predragovic,Srdjan,FAG,RB,15,0,0,0,0,0.0,0,0,0,0,0,0,0,0,19/20,A
Green,Jannick,SCM,GK,27,0,0,0,0,0.0,11,0,0,0,0,0,0,0,19/20,A
Schroder,Fynn Malte,THW,GK,6,0,0,0,0,0.0,0,0,0,0,0,0,0,0,19/20,A
Honicke,Jonas,LEI,CB,1,0,0,0,0,0.0,0,0,0,0,0,0,0,0,19/20,A
Buhrmester,Bjorn,NOL,GK,26,0,0,0,0,0.0,3,2,0,0,0,0,0,0,19/20,A
Bartels,Dennis,NOL,GK,1,0,0,0,0,0.0,0,0,0,0,0,0,0,0,19/20,A
Genz,Fredrik,BER,GK,5,0,0,0,0,0.0,0,0,0,0,0,0,0,0,19/20,A
Simic,Nebojsa,MTM,GK,26,0,0,0,0,0.0,6,0,0,0,0,0,0,0,19/20,A
Thulin,Tobias,SCM,GK,27,0,0,0,0,0.0,4,0,0,0,0,0,0,0,19/20,A
Donker,Malte,HAN,RB,14,0,0,0,0,0.0,0,0,1,3,1,1,0,0,19/20,A
Kellner,Benedikt,HCE,CB,13,0,0,0,0,0.0,2,0,0,0,0,0,0,0,19/20,A
Buric,Benjamin,SGF,GK,27,0,0,0,0,0.0,5,0,0,0,1,0,0,0,19/20,A
Lehmann,Nick,TVB,GK,23,0,0,0,0,0.0,0,0,0,0,0,0,0,0,19/20,A
Backs,Fin,MTM,LW,3,0,0,0,0,0.0,0,0,0,0,0,0,0,0,19/20,A
Diebel,Niklas,HBW,LB,1,0,0,0,0,0.0,0,0,0,0,0,0,0,0,19/20,A
Richtzenhain,Justus Nicolas,GWD,P,6,0,0,0,0,0.0,0,1,0,0,0,0,0,0,19/20,A
Dell,Jonas,BHC,LB,2,0,0,0,0,0.0,0,0,0,0,0,0,0,0,19/20,A
Zecher,Finn,TBV,GK,2,0,0,0,0,0.0,0,0,0,0,0,0,0,0,19/20,A
Ivanisevic,Tibor,WET,GK,23,0,0,0,0,0.0,6,0,0,0,0,0,0,0,19/20,A
Tomovski,Martin,LUD,GK,27,0,0,0,0,0.0,0,1,0,0,0,0,0,0,19/20,A
Kessler,Maximilian,RNL,LW,4,0,0,0,0,0.0,0,0,0,0,0,0,0,0,19/20,A
Sittrup Bergerud,Torbjorn,SGF,GK,27,0,0,0,0,0.0,4,0,0,0,0,0,0,0,19/20,A
Diedrich,Lukas,SCM,GK,1,0,0,0,0,0.0,0,0,0,0,0,0,0,0,19/20,A
Kurch,Justin,SCM,P,1,0,0,0,0,0.0,0,0,0,0,0,0,0,0,19/20,A
Engelhardt,Alexander,TBV,P,11,0,0,0,0,0.0,0,1,0,0,0,0,0,0,19/20,A
Rose,Julius,TBV,CB,3,0,0,0,0,0.0,1,0,0,0,0,0,0,0,19/20,A
Geis,Linus,TBV,LB,10,0,0,0,0,0.0,0,0,0,0,0,0,0,0,19/20,A
Hoblaj,Leon,LUD,GK,3,0,0,0,0,0.0,0,0,0,0,0,0,0,0,19/20,A
Ruminsky,Mario,HBW,GK,6,0,0,0,0,0.0,1,0,0,0,0,0,0,0,19/20,A
Waldgenbach,Torben,WET,LB,7,0,0,0,0,0.0,0,0,0,0,0,0,0,0,19/20,A
Pauly,Shawn,TBV,RB,1,0,0,0,0,0.0,0,0,0,0,0,0,0,0,19/20,A
Goller,Axel,FAG,RW,2,0,0,0,0,0.0,0,0,0,0,0,0,0,0,19/20,A
Damm,Benedikt,RNL,P,1,0,0,0,0,0.0,0,0,0,0,0,0,0,0,19/20,A
Genty,Bastien,BER,RW,2,0,0,0,0,0.0,0,0,0,0,0,0,0,0,19/20,A
Schluroff,Miro,BER,LB,1,0,0,0,0,0.0,0,0,0,0,0,0,0,0,19/20,A
Adanir,Can,RNL,GK,1,0,0,0,0,0.0,0,0,0,0,0,0,0,0,19/20,A
Gruber,Jona,MTM,CB,1,0,0,0,0,0.0,0,0,0,0,0,0,0,0,19/20,A
Foege,Luis Plymford,TVB,RB,2,0,0,0,0,0.0,0,0,0,0,0,0,0,0,19/20,A
Meyer-Siebert,Julius,LEI,LB,1,0,0,0,0,0.0,0,0,0,0,0,0,0,0,19/20,A
Ahouansou,Philipp,RNL,LB,1,0,0,0,0,0.0,0,0,0,0,0,0,0,0,19/20,A
Grabenstein,Leon,GWD,GK,5,0,0,0,0,0.0,0,0,0,0,0,0,0,0,19/20,A
Zeiler,Felix,FAG,CB,2,0,0,0,0,0.0,0,0,0,0,0,0,0,0,19/20,A
Klama,Joonas,BHC,GK,4,0,0,0,0,0.0,0,0,0,0,0,0,0,0,19/20,A
Hummel,Finn,TVB,GK,5,0,0,0,0,0.0,0,0,0,0,0,0,0,0,19/20,A
Molz,Jonas,GWD,LB,2,0,0,0,0,0.0,0,0,0,0,0,0,0,0,19/20,A
Suljakovic,Anadin,WET,GK,7,0,0,0,0,0.0,0,0,0,0,0,0,0,0,19/20,A
Schulze,Alexander,TVB,LW,1,0,0,0,0,0.0,0,0,0,0,0,0,0,0,19/20,A
Ehrig,Sven,THW,RW,3,0,0,0,0,0.0,0,1,0,0,0,0,0,0,19/20,A
Persson,Jorn,SGF,CB,1,0,0,0,0,0.0,0,0,0,0,0,0,0,0,19/20,A
Maier,Andreas,TVB,LW,4,0,0,0,0,0.0,0,0,0,0,0,0,0,0,19/20,A
Schneibel,Jannis,RNL,CB,2,0,0,0,0,0.0,0,0,0,0,0,0,0,0,19/20,A
Ebeling,Mikkel,SGF,LW,6,0,0,0,0,0.0,0,0,0,0,0,0,0,0,19/20,A
Nicolaus,Fynn-Luca,TVB,LB,4,0,0,0,0,0.0,0,0,0,0,0,0,0,0,19/20,A
Bauer,Stefan,HCE,P,3,0,0,0,0,0.0,0,0,0,0,0,0,0,0,19/20,A
Eggert,Glenn-Louis,MTM,GK,2,0,0,0,0,0.0,0,0,0,0,0,0,0,0,19/20,A
Ala Sanchez,Sergi,BER,RW,1,0,0,0,0,0.0,0,0,0,0,0,0,0,0,19/20,A
Gierse,Niklas,RNL,GK,3,0,0,0,0,0.0,0,0,0,0,0,0,0,0,19/20,A
Ludwig,Lasse,BER,GK,1,0,0,0,0,0.0,0,0,0,0,0,0,0,0,19/20,A
Kranzmann,Florian,GWD,LW,2,0,0,0,0,0.0,0,0,0,0,0,0,0,0,19/20,A
Hartwich,Soren,SGF,RB,3,0,0,0,0,0.0,0,0,0,0,0,0,0,0,19/20,A
Magnusson,Omar Ingi,SCM,RB,38,274,126,140,134,0.685,91,59,10,3,6,11,0,0,20/21,A
Schiller,Marcel,FAG,LW,38,270,108,150,120,0.7143,10,6,24,0,2,6,0,0,20/21,A
Elisson,Bjarki Mar,TBV,LW,37,254,86,159,95,0.7471,5,17,12,0,1,4,0,0,20/21,A
Weber,Robert,NOL,RW,38,235,103,120,115,0.6953,17,15,17,0,4,7,0,0,20/21,A
Wanne,Hampus,SGF,LW,36,230,91,139,91,0.7165,18,15,6,0,2,2,0,0,20/21,A
Kristjansson,Viggo,TVB,RB,38,230,141,142,88,0.6199,74,57,6,1,4,8,0,0,20/21,A
Kuhn,Julius,MTM,LB,38,211,155,211,0,0.5765,103,63,9,13,16,22,1,0,20/21,A
Ekberg,Niclas,THW,RW,33,205,59,107,98,0.7765000000000001,11,7,14,3,1,3,0,0,20/21,A
Billek,Florian,COB,RW,38,204,81,158,46,0.7158,18,38,8,0,1,7,0,0,20/21,A
Lindberg,Hans,BER,RW,34,197,58,86,111,0.7725,17,9,6,0,1,3,0,0,20/21,A
Beyer,Noah,TUE,LW,34,195,75,102,93,0.7222,10,14,11,2,4,2,0,0,20/21,A
Kastening,Timo,MTM,RW,38,194,60,159,35,0.7637999999999999,11,15,14,1,0,1,0,0,20/21,A
Rambo,Christoffer,GWD,RB,38,187,208,182,5,0.47340000000000004,131,63,32,10,13,19,1,0,20/21,A
Wagner,Hendrik,LUD,LB,37,182,164,173,9,0.526,27,34,5,8,6,13,0,0,20/21,A
Gottfridsson,Jim,SGF,CB,38,177,66,162,15,0.7284,210,55,21,1,13,12,1,0,20/21,A
Jeppsson,Simon,HCE,LB,33,177,141,159,18,0.5566,125,60,0,2,4,1,0,0,20/21,A
Sagosen,Sander,THW,CB,34,175,116,155,20,0.6014,147,22,11,4,7,3,0,0,20/21,A
Hafner,Kai,MTM,RB,36,168,129,168,0,0.5657,134,44,4,0,7,7,0,0,20/21,A
Schmid,Andy,RNL,CB,38,167,144,140,27,0.537,114,42,6,0,4,4,0,0,20/21,A
Lipovina,Vladan,HBW,RB,36,167,176,167,0,0.4869,71,48,6,2,6,4,0,0,20/21,A
Gensheimer,Uwe,RNL,LW,30,163,63,94,69,0.7212000000000001,9,3,6,0,7,10,0,0,20/21,A
Knorr,Juri,GWD,CB,35,161,137,130,31,0.5403,84,36,24,6,4,6,0,0,20/21,A
Krzikalla,Lucas,LEI,RW,38,156,56,57,99,0.7358,5,11,8,2,2,1,0,0,20/21,A
Rubin,Lenny,WET,LB,38,155,113,153,2,0.5784,54,36,9,13,14,16,1,0,20/21,A
Martinovic,Ivan,HAN,RB,34,155,102,103,52,0.6031,67,29,8,1,3,4,0,0,20/21,A
Heymann,Sebastian,FAG,LB,37,148,88,148,0,0.6271,91,56,14,18,12,13,1,0,20/21,A
Mertens,Lukas,SCM,LW,38,148,48,148,0,0.7551000000000001,13,11,28,0,0,0,0,0,20/21,A
Bjornsen,Kristian,WET,RW,37,144,42,143,1,0.7742,25,17,5,0,8,7,0,0,20/21,A
Gulliksen,Kevin Maageroe,GWD,RW,38,142,66,125,17,0.6827,6,6,15,0,4,6,0,0,20/21,A
Golla,Johannes,SGF,P,32,140,44,140,0,0.7609,11,17,10,20,12,9,0,0,20/21,A
Hansen,Johan,HAN,RW,36,140,59,91,49,0.7034999999999999,6,3,6,2,2,3,0,0,20/21,A
Gutbrod,Fabian,BHC,LB,34,138,110,138,0,0.5565,24,30,1,0,1,2,0,0,20/21,A
Binder,Lukas,LEI,LW,37,137,56,137,0,0.7098,21,18,21,0,5,5,0,0,20/21,A
Andersson,Lasse Bredekjaer,BER,LB,37,137,112,136,1,0.5502,74,33,11,4,5,11,1,0,20/21,A
Damgaard,Michael,SCM,LB,35,136,97,136,0,0.5837,50,38,1,1,0,0,0,0,20/21,A
Weber,Philipp,LEI,CB,37,135,122,126,9,0.5253,112,47,4,2,1,10,0,0,20/21,A
Lindskog,Anton,WET,P,36,135,32,135,0,0.8084,28,24,16,43,16,29,1,0,20/21,A
Reinkind,Harald,THW,RB,38,134,91,134,0,0.5956,61,24,3,2,4,5,0,0,20/21,A
Firnhaber,Sebastian,HCE,P,38,133,52,133,0,0.7189,11,26,10,27,17,23,3,0,20/21,A
Firnhaber,Lucas,TUE,RB,38,133,143,133,0,0.4819,75,46,5,3,8,13,1,0,20/21,A
Kohlbacher,Jannik,RNL,P,31,132,36,132,0,0.7857,6,22,3,2,7,5,0,0,20/21,A
Holst,Maximilian,WET,LW,34,130,51,44,86,0.7182,11,3,5,2,1,2,0,0,20/21,A
Duvnjak,Domagoj,THW,CB,37,130,85,130,0,0.6047,79,17,18,4,6,10,1,0,20/21,A
Lonn,Adam,TVB,LB,34,127,122,127,0,0.51,64,42,4,23,7,13,1,0,20/21,A
Zelenovic,Nemanja,FAG,RB,38,127,100,127,0,0.5595,69,59,7,1,6,9,0,0,20/21,A
Darj,Max,BHC,P,36,126,34,126,0,0.7875,10,32,10,17,21,13,0,0,20/21,A
Schmidt,David,BHC,RB,35,125,136,125,0,0.4789,42,42,7,4,10,18,0,0,20/21,A
Zechel,Tim,TUE,P,38,124,57,124,0,0.6851,22,46,21,22,16,24,0,0,20/21,A
Vorlicek,Philipp,NOL,RB,36,123,88,123,0,0.5829,36,46,10,6,14,17,0,0,20/21,A
Cavor,Stefan,WET,RB,24,122,77,122,0,0.6131,72,42,6,3,6,5,0,0,20/21,A
Mensah Larsen,Mads,SGF,CB,37,119,99,119,0,0.5459,89,25,3,3,2,2,0,0,20/21,A
Nothdurft,Tim,HBW,LW,37,119,40,119,0,0.7484000000000001,7,10,7,3,2,2,0,0,20/21,A
Gunnarsson,Arnor Thor,BHC,RW,31,118,50,54,64,0.7023999999999999,6,7,5,0,0,0,0,0,20/21,A
Gretarsson,Oddur,HBW,LW,35,118,39,37,81,0.7515999999999999,5,5,5,1,0,4,0,0,20/21,A
Rod,Magnus,SGF,RB,38,117,73,117,0,0.6158,75,30,19,20,6,15,0,0,20/21,A
O'Sullivan,Christian,SCM,CB,37,116,71,116,0,0.6203,97,37,13,5,10,10,0,0,20/21,A
Marsenic,Mijajlo,BER,P,38,116,47,116,0,0.7117,9,42,9,42,16,31,0,0,20/21,A
Zieker,Patrick,TVB,LW,36,113,50,113,0,0.6933,18,16,17,0,2,2,0,0,20/21,A
Wiede,Fabian,BER,RB,37,112,72,110,2,0.6087,145,34,13,8,5,6,0,0,20/21,A
Varvne,Tobias,COB,LB,32,112,93,112,0,0.5463,31,46,2,4,8,8,1,0,20/21,A
Kozina,Kresimir,FAG,P,38,111,39,108,3,0.74,13,40,4,8,5,24,1,0,20/21,A
Holm,Jacob,BER,CB,33,111,62,111,0,0.6416,26,27,3,0,1,6,1,0,20/21,A
Groetzki,Patrick,RNL,RW,34,110,35,109,1,0.7585999999999999,27,9,15,1,1,1,0,0,20/21,A
Pekeler,Hendrik,THW,P,37,109,20,109,0,0.845,14,9,11,17,10,15,2,0,20/21,A
Muller,Justin,TUE,CB,38,109,90,102,7,0.5477000000000001,102,54,12,5,10,13,0,0,20/21,A
Schoch,Jona,HBW,LB,34,107,102,107,0,0.512,60,51,1,16,7,21,1,0,20/21,A
Tollbring,Jerry,RNL,LW,36,107,36,91,16,0.7483,10,8,4,2,0,1,0,0,20/21,A
Arnesson,Linus,BHC,CB,32,107,114,101,6,0.4842,100,47,16,10,8,6,0,0,20/21,A
Pehlivan,Doruk,GWD,LB,31,107,94,107,0,0.5323,47,31,10,24,6,10,1,0,20/21,A
Carlsbogard,Jonathan,TBV,LB,29,106,88,106,0,0.5464,91,28,14,13,5,4,0,0,20/21,A
Schroder,Andreas,COB,LB,33,105,115,105,0,0.47729999999999995,56,40,10,13,4,4,0,0,20/21,A
Pohle,Georg,NOL,LB,34,104,151,97,7,0.4078,81,30,9,14,14,29,3,0,20/21,A
Pavlovic,Domagoj,MTM,CB,34,103,54,103,0,0.6561,55,24,5,1,10,16,0,0,20/21,A
Mappes,Dominik,LUD,CB,33,102,64,102,0,0.6145,79,37,7,1,5,8,0,0,20/21,A
Grozdanic,Milos,COB,LW,29,101,59,48,53,0.6313,1,9,8,0,4,4,1,0,20/21,A
Zeman,Stepan,COB,P,38,100,29,100,0,0.7752,5,24,2,22,21,37,2,0,20/21,A
Nilsson,Lukas,RNL,LB,37,99,98,99,0,0.5,67,22,1,0,0,3,0,0,20/21,A
Buchner,Vincent,HAN,LW,35,98,27,98,0,0.78,3,7,27,0,1,5,0,0,20/21,A
Saueressig,Lukas,HBW,CB,38,98,73,98,0,0.5731,132,53,8,8,13,8,1,0,20/21,A
Sogard,Goran,SGF,LB,38,98,60,98,0,0.6203,49,19,6,1,7,6,0,0,20/21,A
Cederholm,Andreas,TBV,RB,27,97,93,97,0,0.5105,35,37,7,1,0,3,0,0,20/21,A
Wiesmach,Patrick,LEI,RW,31,97,36,93,4,0.7293000000000001,5,4,16,0,1,4,0,0,20/21,A
Ivic,Sime,HCE,RB,20,96,56,56,40,0.6315999999999999,29,20,5,5,4,12,0,0,20/21,A
Mickal,Pavel,NOL,LW,38,95,51,85,10,0.6507,6,7,11,0,2,7,1,0,20/21,A
Durak,Pascal,LUD,RW,31,94,54,42,52,0.6351,9,10,2,0,2,3,0,0,20/21,A
Boomhouwer,Jeffrey,BHC,LW,38,94,51,77,17,0.6483,7,5,8,1,1,4,1,0,20/21,A
Gebala,Maciej,LEI,P,37,94,17,94,0,0.8468000000000001,8,26,14,19,11,14,1,0,20/21,A
Valiullin,Azat,LUD,LB,37,93,108,93,0,0.46270000000000006,23,32,11,19,13,17,0,0,20/21,A
Muller,Jerome,TVB,RB,35,93,68,93,0,0.5776,38,24,7,1,3,16,0,0,20/21,A
Brozovic,Ilija,HAN,P,36,92,24,92,0,0.7931,9,30,8,17,13,17,2,0,20/21,A
Bissel,Christopher,HCE,LW,38,92,37,92,0,0.7132,19,12,26,0,4,14,0,0,20/21,A
Zerbe,Lukas,TBV,RW,34,92,29,85,7,0.7603,6,8,12,1,3,1,0,0,20/21,A
Lagergren,Albin,RNL,RB,32,91,58,91,0,0.6107,74,30,13,1,6,8,0,0,20/21,A
Kneule,Tim,FAG,CB,38,90,64,90,0,0.5844,51,24,8,5,9,18,0,0,20/21,A
Svan,Lasse,SGF,RW,38,90,33,90,0,0.7317,5,2,8,1,2,4,0,0,20/21,A
Hafner,Max,TVB,CB,37,90,85,90,0,0.5143,55,35,4,2,5,5,0,0,20/21,A
Peshevski,Zarko,TVB,P,38,90,33,90,0,0.7317,1,28,0,0,1,2,0,0,20/21,A
Weiss,Dominik,TVB,LB,38,88,94,88,0,0.48,33,31,10,21,11,19,0,0,20/21,A
Jonsson,Alfred,HAN,LB,28,88,52,88,0,0.63,53,16,3,0,0,3,0,0,20/21,A
Zetterman,Pontus,COB,RB,36,87,96,86,1,0.4754,136,55,11,3,6,7,0,0,20/21,A
Cehte,Nejc,HAN,RB,36,87,89,87,0,0.4943,49,32,15,5,6,6,0,0,20/21,A
Wiencek,Patrick,THW,P,32,83,25,83,0,0.7685,11,13,8,20,12,14,0,0,20/21,A
Klingler,Felix,TUE,RW,37,83,37,55,28,0.6917,8,8,10,0,2,2,0,0,20/21,A
Morante Maldonado,Eloy,TUE,CB,37,83,43,83,0,0.6587000000000001,67,42,18,1,8,14,1,0,20/21,A
Reichmann,Tobias,MTM,RW,32,82,32,30,52,0.7193,1,5,0,0,3,4,0,0,20/21,A
Dahmke,Rune,THW,LW,37,82,27,82,0,0.7523000000000001,11,6,7,0,2,2,0,0,20/21,A
Pettersson,Daniel,SCM,RW,38,82,31,82,0,0.7256999999999999,9,4,2,0,1,3,0,0,20/21,A
Metzner,Antonio,HCE,RB,21,81,71,81,0,0.5329,17,13,2,3,4,5,0,0,20/21,A
Kirkelokke,Niclas,RNL,RB,38,78,60,78,0,0.5652,42,20,5,1,3,9,0,0,20/21,A
Pfattheicher,Sascha,TVB,RW,38,77,52,77,0,0.6,5,4,15,0,2,4,0,0,20/21,A
Kalafut,Dominik,NOL,P,34,77,31,76,1,0.713,3,17,1,6,12,20,1,0,20/21,A
Baijens,Dani,TBV,CB,37,77,53,77,0,0.5922999999999999,48,32,2,2,7,6,0,0,20/21,A
Norouzinezhad Gharehlou,Pouya,COB,LB,32,75,59,75,0,0.5597,34,31,4,0,5,13,1,0,20/21,A
Guardiola,Gedeon,TBV,P,38,74,28,74,0,0.7254999999999999,24,15,26,35,5,17,0,0,20/21,A
Witzke,Luca,LEI,CB,21,74,38,74,0,0.6607,55,17,2,1,3,0,0,0,20/21,A
Ignatow,Dimitri,TUE,RW,38,74,33,72,2,0.6916,9,13,13,1,5,3,0,0,20/21,A
Bohm,Fabian,HAN,LB,31,73,76,73,0,0.4899,45,33,2,7,10,14,1,0,20/21,A
Drux,Paul,BER,LB,32,72,36,72,0,0.6667000000000001,37,19,5,11,5,8,0,0,20/21,A
Bezjak,Marko,SCM,CB,36,72,31,72,0,0.6990000000000001,88,39,15,0,11,6,0,0,20/21,A
Korte,Mats,GWD,LW,38,72,33,48,24,0.6857,7,4,12,5,1,1,0,0,20/21,A
Kunkel,Yves,MTM,LW,35,71,42,71,0,0.6283,6,6,10,0,3,4,0,0,20/21,A
Ellebaek,Tobias,FAG,LB,35,71,58,71,0,0.5504,49,27,3,1,0,6,0,0,20/21,A
Weinhold,Steffen,THW,RB,37,70,41,70,0,0.6306,43,29,11,2,7,10,1,0,20/21,A
Maric,Marino,MTM,P,38,69,21,69,0,0.7667,4,24,1,2,3,9,0,0,20/21,A
Miedema,Patrick,NOL,CB,36,69,44,69,0,0.6106,52,38,1,1,3,7,0,0,20/21,A
Hanne,Martin,HAN,LB,38,69,58,69,0,0.5433,33,27,2,0,3,6,0,0,20/21,A
Remke,Gregor,LEI,RB,36,68,70,68,0,0.4928,63,40,3,1,6,11,0,0,20/21,A
Mamic,Marko,LEI,LB,35,67,72,67,0,0.48200000000000004,93,44,22,41,14,19,1,0,20/21,A
Sellin,Johannes,HCE,RW,32,66,28,48,18,0.7021,14,4,2,0,2,7,0,0,20/21,A
Forsell Schefvert,Olle,WET,LB,24,66,39,66,0,0.6286,50,26,3,13,9,7,0,0,20/21,A
Zarabec,Miha,THW,CB,37,66,53,66,0,0.5546,70,27,4,1,1,1,0,0,20/21,A
Fredriksen,Magnus,WET,CB,36,66,46,66,0,0.5893,88,42,2,0,3,4,0,0,20/21,A
Thomann,Gregor,HBW,RW,32,65,25,41,24,0.7222,4,7,7,3,1,1,0,0,20/21,A
Babak,Tomas,BHC,CB,36,65,40,65,0,0.619,48,38,6,1,2,3,0,0,20/21,A
Matthes,Tim,BER,LW,38,65,36,65,0,0.6436,6,4,5,0,1,4,0,0,20/21,A
Kuzmanovski,Filip,HAN,LB,35,65,46,59,6,0.5856,57,34,9,7,4,12,1,0,20/21,A
Olsson,Hampus,HCE,RW,33,64,25,63,1,0.72,4,8,1,0,1,5,0,0,20/21,A
Hornke,Tim,SCM,RW,38,63,28,50,13,0.6923,12,2,14,0,2,1,0,0,20/21,A
Steinhauser,Marius,SGF,RW,36,63,25,54,9,0.7159,1,4,4,0,1,6,0,0,20/21,A
Neuhaus,Max,LUD,CB,38,63,33,46,17,0.6563,20,12,0,0,1,0,0,0,20/21,A
Stutzke,Lukas,BHC,LB,37,62,64,62,0,0.4921,9,8,4,5,4,11,0,0,20/21,A
Pevnov,Evgeni,HAN,P,35,61,33,61,0,0.6489,8,11,12,32,15,13,1,0,20/21,A
Vujovic,Milos,BER,LW,21,61,28,47,14,0.6854,6,7,6,0,3,2,0,0,20/21,A
Becher,Lukas,TUE,LW,38,61,22,61,0,0.7349,5,4,10,2,0,2,0,0,20/21,A
Guardiola,Isaias,TBV,RB,37,60,61,60,0,0.4959,65,29,26,10,11,11,0,0,20/21,A
Mellegard,Emil,WET,LW,37,59,32,57,2,0.6484000000000001,12,1,9,1,1,0,0,0,20/21,A
Stegefelt,Markus,NOL,LB,33,58,54,44,14,0.5179,29,18,3,1,3,7,0,0,20/21,A
Remmlinger,Jan,LUD,LB,32,57,34,57,0,0.6264,12,11,10,1,5,15,0,0,20/21,A
Richtzenhain,Justus Nicolas,GWD,P,38,56,17,56,0,0.7670999999999999,2,12,0,1,6,11,1,0,20/21,A
Szczesny,Dennis,TUE,LB,33,54,47,54,0,0.5347,46,29,5,18,7,23,2,0,20/21,A
Terwolbeck,Alexander,NOL,CB,38,53,32,53,0,0.6235,58,47,0,0,2,1,0,0,20/21,A
Timm,Marcel,TBV,P,36,53,23,53,0,0.6973999999999999,10,26,5,17,10,19,0,0,20/21,A
Larsen,Martin,LEI,RB,26,53,43,53,0,0.5521,28,24,4,0,6,10,0,0,20/21,A
Musa,Zeljko,SCM,P,38,52,21,52,0,0.7123,4,12,7,11,8,11,0,0,20/21,A
Klimek,Christian,LUD,P,31,50,16,50,0,0.7576,2,7,1,20,10,24,2,0,20/21,A
Weissgerber,Lars,WET,RW,38,50,28,38,12,0.64,7,3,3,0,2,3,0,0,20/21,A
Meister,Lucas,GWD,P,23,50,24,50,0,0.6757,7,10,2,5,10,9,3,0,20/21,A
Possehl,Julian,NOL,RB,38,49,46,49,0,0.5158,45,37,8,3,5,22,1,0,20/21,A
Wiederstein,Fabian,HBW,P,31,49,21,49,0,0.7,4,14,1,8,14,20,1,0,20/21,A
Gullerud,Magnus,SCM,P,33,49,14,49,0,0.7778,8,13,7,10,12,15,1,0,20/21,A
Zobel,Rene,HBW,RB,34,49,49,49,0,0.5,11,14,9,2,4,8,2,0,20/21,A
Buhrer,Pascal,LUD,CB,35,49,34,49,0,0.5904,23,25,2,0,2,6,1,0,20/21,A
Schagen,Bobby,TBV,RW,37,48,23,48,0,0.6761,22,8,8,0,4,1,0,0,20/21,A
von Gruchalla,Florian,HCE,RW,33,46,33,13,33,0.5822999999999999,2,5,0,1,1,0,0,0,20/21,A
Ritterbach,Joscha,GWD,LW,37,46,16,46,0,0.7419,3,6,1,0,1,8,1,0,20/21,A
Bagersted,Jacob,FAG,P,38,46,19,46,0,0.7077,11,11,7,32,19,30,2,0,20/21,A
Kopljar,Marko,BER,RB,35,46,28,46,0,0.62,18,18,2,6,4,4,0,0,20/21,A
Haider,Maximilian,LUD,P,37,46,18,46,0,0.7188,8,22,5,12,13,22,0,0,20/21,A
Lagarde,Romain,RNL,LB,33,46,47,46,0,0.4946,52,23,8,2,1,7,0,0,20/21,A
Strosack,Moritz,HBW,RW,36,46,27,46,0,0.6301,7,8,5,0,1,3,0,0,20/21,A
Spross,Felix,COB,LW,38,45,35,44,1,0.5625,3,6,3,1,0,4,0,0,20/21,A
Falk,Alexander,LUD,RW,28,45,28,45,0,0.62,6,5,14,0,1,4,0,0,20/21,A
Simak,Frederik,TBV,LB,23,45,40,45,0,0.5294,33,21,9,4,5,8,0,0,20/21,A
Bozic-Pavletic,Josip,FAG,RW,23,45,19,45,0,0.7,5,10,12,0,4,9,0,0,20/21,A
Kellner,Benedikt,HCE,CB,33,44,29,44,0,0.6027,42,48,2,0,5,10,0,0,20/21,A
Suton,Tim,TBV,CB,11,43,32,43,0,0.5733,26,16,2,2,2,6,1,0,20/21,A
Milosevic,Alen,LEI,P,34,43,21,43,0,0.6718999999999999,10,12,10,9,7,16,1,0,20/21,A
Scott,James,HBW,LB,19,43,38,43,0,0.5309,7,23,4,2,4,4,0,0,20/21,A
Koch,Johan,BER,P,35,42,16,42,0,0.7241,8,15,2,0,2,8,0,0,20/21,A
Michalczik,Marian,BER,LB,33,42,29,42,0,0.5915,29,22,3,4,4,8,0,0,20/21,A
Srsen,Ivan,WET,RB,37,42,25,42,0,0.6269,27,19,4,1,7,15,0,0,20/21,A
Schulze,Alexander,TVB,LW,35,42,15,39,3,0.7368000000000001,0,2,4,0,1,0,0,0,20/21,A
Ehrig,Sven,THW,RW,32,42,23,42,0,0.6462,2,2,10,1,1,4,0,0,20/21,A
Landin,Magnus,THW,LW,35,41,19,38,3,0.6833,9,8,9,2,2,8,0,0,20/21,A
Goller,Axel,FAG,RW,38,41,17,28,13,0.7069,4,2,2,0,2,2,0,0,20/21,A
Mavers,Veit,HAN,CB,38,41,30,40,1,0.5775,51,32,0,0,0,5,0,0,20/21,A
Pieczkowski,Niclas,LEI,CB,23,40,47,40,0,0.4598,29,31,3,2,2,11,0,0,20/21,A
Scholz,Jonathan,LUD,LW,30,40,13,40,0,0.7547,7,7,1,0,5,9,0,0,20/21,A
Zintel,Bjorn,HBW,CB,32,40,34,40,0,0.5405,18,10,3,0,1,0,0,0,20/21,A
Steinert,Christoph,SCM,RB,38,39,21,38,1,0.65,14,10,6,2,10,10,0,0,20/21,A
Preuss,Moritz,SCM,P,38,39,15,39,0,0.7222,2,10,0,1,1,1,0,0,20/21,A
Kristjansson,Gisli Thorgeir,SCM,CB,21,39,16,39,0,0.7091,27,9,1,0,1,1,0,0,20/21,A
Sunnefeldt,Oskar,THW,LB,36,39,32,39,0,0.5493,20,8,10,2,2,10,0,0,20/21,A
de Boer,Luca,NOL,P,29,37,27,37,0,0.5781000000000001,9,23,3,16,13,17,1,0,20/21,A
Mikkelsen,Lasse Reinhold,MTM,CB,38,36,29,30,6,0.5538000000000001,19,9,0,0,1,4,0,0,20/21,A
Klein,Jannek,LUD,RB,37,36,38,36,0,0.4865,16,29,2,2,1,3,0,0,20/21,A
Nikolaisen,Tom Kare,BHC,P,35,36,11,36,0,0.7659999999999999,4,18,3,16,12,18,0,0,20/21,A
Patrail,Mait,RNL,LB,38,35,21,35,0,0.63,28,15,10,12,9,11,0,0,20/21,A
Rozman,Tim,TUE,RB,34,35,46,35,0,0.4321,43,25,4,2,4,15,0,0,20/21,A
Chrintz,Valter,BER,RW,36,35,28,28,7,0.5556,2,3,6,0,1,2,0,0,20/21,A
Fath,Steffen,HCE,LB,20,34,36,34,0,0.4857,26,12,1,1,4,4,0,0,20/21,A
Gempp,Patrick,WET,P,38,34,11,34,0,0.76,4,11,2,0,0,1,0,0,20/21,A
Staar,Max,GWD,RW,32,34,16,34,0,0.68,5,7,9,0,2,7,0,0,20/21,A
Fraatz,Yannick,BHC,RW,20,34,2,29,5,0.9444,0,5,4,1,0,1,0,0,20/21,A
Beciri,Kristian,HBW,P,17,34,13,34,0,0.7234,4,5,1,13,4,9,1,0,20/21,A
Mosindi,Daniel,HCE,RB,27,34,35,34,0,0.4928,22,24,2,4,3,7,0,0,20/21,A
Danner,Felix,MTM,P,35,33,17,33,0,0.66,11,8,8,16,8,19,1,0,20/21,A
Dietrich,Gunnar,LUD,LB,36,33,41,33,0,0.4459,38,27,3,37,18,25,1,0,20/21,A
Budel,Nico,HCE,CB,26,33,36,33,0,0.4783,25,22,5,1,8,13,2,0,20/21,A
Nenadic,Drasko,COB,LB,34,33,43,33,0,0.43420000000000003,27,22,14,7,8,14,0,0,20/21,A
Hald Jensen,Simon,SGF,P,36,33,8,33,0,0.8049,1,6,5,40,11,20,1,0,20/21,A
Niemeyer,Marcel,HBW,P,12,32,19,32,0,0.6275,0,4,0,0,4,9,0,0,20/21,A
Schaffer,Jan,HCE,P,38,32,9,32,0,0.7805,11,4,11,12,5,18,1,0,20/21,A
Pettersson,Alexander,SGF,RB,26,31,23,31,0,0.5740999999999999,18,13,4,2,1,3,0,0,20/21,A
Hangstein,Fynn,TBV,CB,38,31,33,31,0,0.48,11,5,1,0,1,0,0,0,20/21,A
Schluroff,Miro,GWD,LB,26,31,47,31,0,0.39740000000000003,6,11,2,1,1,2,0,0,20/21,A
Thiele,Joshua,GWD,P,33,30,18,30,0,0.63,5,9,3,12,9,21,2,0,20/21,A
Mirkulovski,Filip,WET,CB,35,29,13,29,0,0.6905,19,24,5,1,0,1,0,0,20/21,A
Neuhold,Christoph,COB,CB,32,29,43,29,0,0.4028,19,19,1,1,0,0,0,0,20/21,A
Henningsson,Philip,WET,LB,38,28,19,28,0,0.5957,20,7,6,13,8,16,0,0,20/21,A
Jondal,Magnus,SGF,LW,38,28,18,26,2,0.6087,0,0,3,0,1,2,0,0,20/21,A
Overby,Petter,HCE,P,21,28,8,28,0,0.7778,5,8,1,10,7,16,0,0,20/21,A
Majdzinski,Maciej,BHC,RB,15,27,21,27,0,0.5625,11,10,0,0,1,4,0,0,20/21,A
Feise,Hannes,HAN,LW,36,27,21,27,0,0.5625,6,3,7,8,6,19,1,0,20/21,A
Salger,Stefan,MTM,RB,38,26,24,26,0,0.52,7,8,0,1,1,8,0,0,20/21,A
Hermann,Till,FAG,LW,38,25,7,25,0,0.7813,3,6,2,0,1,2,0,0,20/21,A
Jaeger,Max,HCE,LW,26,25,10,25,0,0.7143,2,4,4,0,0,5,0,0,20/21,A
Smarason,Janus Dadi,FAG,CB,14,25,26,25,0,0.4902,32,14,1,1,6,4,0,0,20/21,A
Marschall,Tarek,HCE,CB,26,25,30,25,0,0.4545,7,14,4,0,0,2,0,0,20/21,A
Meyer-Siebert,Julius,LEI,LB,26,25,30,25,0,0.45,11,16,2,3,0,4,0,0,20/21,A
Allendorf,Michael,MTM,LW,30,24,16,24,0,0.6,3,5,3,0,0,6,0,0,20/21,A
Kogut,Andrej,TBV,CB,30,24,24,24,0,0.5,29,23,6,0,10,3,0,0,20/21,A
Ahouansou,Philipp,RNL,LB,34,24,33,24,0,0.4211,3,5,1,2,1,2,0,0,20/21,A
Theilinger,Nicolai,FAG,RB,30,23,11,23,0,0.6765000000000001,14,10,4,1,4,15,0,0,20/21,A
Arnarsson,Arnar Freyr,MTM,P,35,23,10,23,0,0.6970000000000001,5,10,4,12,15,19,0,0,20/21,A
Kurch,Justin,COB,P,27,23,12,23,0,0.6570999999999999,6,5,1,1,9,10,0,0,20/21,A
Sikosek Pelko,Domen,SGF,P,13,23,10,23,0,0.6970000000000001,0,3,0,0,0,0,0,0,20/21,A
Uscins,Renars,BHC,RB,23,22,17,22,0,0.56,8,9,1,0,2,5,0,0,20/21,A
Musche,Matthias,SCM,LW,7,21,14,21,0,0.6,3,0,2,0,0,2,0,0,20/21,A
Damm,Sebastian,BHC,LW,31,21,9,21,0,0.7,1,9,2,0,0,5,0,0,20/21,A
Faluvegi,Rudolf,TVB,LB,16,21,18,21,0,0.5385,21,11,4,2,1,5,0,0,20/21,A
Wieling,Tim,TVB,RW,35,21,14,21,0,0.6,2,1,4,0,2,3,0,0,20/21,A
Gislason,Ymir Orn,RNL,P,37,21,11,21,0,0.6563,11,9,11,17,20,27,1,0,20/21,A
Theuerkauf,Christoph,TBV,P,8,20,4,18,2,0.8332999999999999,2,3,1,0,0,1,0,0,20/21,A
Rentschler,Marco,FAG,RW,18,20,9,20,0,0.69,4,2,2,0,1,1,0,0,20/21,A
Semper,Franz,SGF,RB,8,20,13,20,0,0.6061,7,6,0,2,1,1,0,0,20/21,A
Kelm,Dominic,COB,P,26,20,7,20,0,0.7406999999999999,2,4,0,0,1,3,0,0,20/21,A
Rothlisberger,Samuel,TVB,P,38,20,10,20,0,0.6667000000000001,12,5,5,34,25,23,0,0,20/21,A
Weck,Alexander,BHC,LB,16,20,26,19,1,0.43479999999999996,6,4,0,0,0,0,0,0,20/21,A
Strakeljahn,Simon,GWD,CB,37,20,28,20,0,0.4167,11,9,0,0,0,1,0,0,20/21,A
Zeitz,Christian,GWD,RB,32,19,40,19,0,0.322,12,8,5,1,4,14,2,1,20/21,A
Wernig,Daniel,LUD,RW,9,19,12,5,14,0.61,0,0,1,0,1,2,0,0,20/21,A
Szucs,Csaba,BHC,CB,32,19,14,19,0,0.58,36,12,6,24,12,14,0,0,20/21,A
Krone,Jannes,HAN,RW,38,19,15,19,0,0.56,2,2,8,0,0,0,0,0,20/21,A
Moller,Lasse,SGF,LB,5,19,7,19,0,0.73,9,3,2,0,0,0,0,0,20/21,A
Esche,Marc,LEI,LW,32,19,9,19,0,0.68,0,1,4,0,2,0,0,0,20/21,A
Ernst,Simon,BER,CB,38,17,12,17,0,0.59,15,5,1,2,2,3,0,0,20/21,A
Padshyvalau,Aliaksandr,GWD,CB,23,17,33,17,0,0.34,17,10,0,0,3,3,0,0,20/21,A
Heinzelmann,Tobias,HBW,P,26,17,7,17,0,0.7082999999999999,3,5,4,2,3,6,0,0,20/21,A
Link,Nikolai,HCE,LB,19,16,17,16,0,0.48479999999999995,13,3,2,12,4,17,1,0,20/21,A
Ellwanger,Jonas,TUE,CB,12,16,14,16,0,0.5333,12,4,0,4,2,2,0,0,20/21,A
Gojun,Jakov,BER,LB,34,16,4,16,0,0.8,6,2,4,18,11,25,1,0,20/21,A
Durmaz,Tolga,TUE,P,36,16,12,16,0,0.57,0,10,1,0,2,3,0,0,20/21,A
Voigt,Malte,THW,LW,25,15,8,15,0,0.65,1,1,0,0,0,2,0,0,20/21,A
Torbrugge,Nils,NOL,P,28,15,7,15,0,0.68,9,7,3,9,13,21,2,0,20/21,A
Diebel,Niklas,HBW,LB,24,15,17,15,0,0.46880000000000005,4,7,0,1,0,1,0,0,20/21,A
Freihofer,Tim,BER,LW,9,15,4,15,0,0.7895,0,0,1,0,0,1,0,0,20/21,A
Chrapkowski,Piotr,SCM,LB,38,14,10,14,0,0.58,20,6,14,37,8,17,1,0,20/21,A
Knauer,Jakob,COB,RB,6,14,9,14,0,0.61,3,6,0,0,2,1,0,0,20/21,A
Kirveliavicius,Romas,HBW,LB,38,13,5,13,0,0.72,13,0,2,25,13,47,6,0,20/21,A
Feld,Alexander,WET,CB,22,12,8,12,0,0.6,6,4,1,0,0,4,0,0,20/21,A
Leenders,Toon,NOL,P,38,11,7,9,2,0.61,1,4,0,4,1,8,0,0,20/21,A
Visser,Sander,NOL,RW,38,11,6,11,0,0.65,0,1,0,0,0,2,0,0,20/21,A
Laurenz Kluth,,TUE,CB,27,11,14,11,0,0.44,9,14,2,2,2,14,0,0,20/21,A
Meddeb,Yessine,LUD,RB,38,11,13,11,0,0.46,7,10,0,0,1,2,0,0,20/21,A
Horak,Pavel,THW,LB,36,10,6,10,0,0.63,4,2,4,18,4,11,0,0,20/21,A
Lemke,Finn,MTM,LB,33,10,11,10,0,0.48,11,2,8,38,12,14,0,0,20/21,A
Zare,Levin,NOL,LW,30,10,5,9,1,0.67,0,0,0,0,0,1,0,0,20/21,A
Schikora,Paul,COB,RW,31,10,4,10,0,0.71,0,2,1,0,0,1,0,0,20/21,A
Seidel,Lasse,NOL,LW,9,9,3,8,1,0.75,2,0,1,0,1,2,0,0,20/21,A
Jonsson,Gunnar Steinn,FAG,CB,22,9,11,9,0,0.45,6,7,0,1,0,4,0,0,20/21,A
Reimann,Alexander,TBV,LW,28,8,7,7,1,0.53,0,2,1,0,0,1,0,0,20/21,A
Nippes,Kristian,BHC,RB,12,7,6,7,0,0.54,5,3,0,1,1,3,0,0,20/21,A
Seidel,Malte,TUE,LB,37,7,6,7,0,0.54,8,3,1,12,4,13,1,0,20/21,A
Baena Gonzalez,Rafael,RNL,P,11,7,3,7,0,0.7,0,1,0,0,0,0,0,0,20/21,A
Kluge,Justus Max,SCM,LW,30,7,2,7,0,0.78,0,0,0,0,0,1,0,0,20/21,A
Holpert,Magnus,SGF,CB,33,7,10,6,1,0.4118,2,2,1,0,0,0,0,0,20/21,A
Ciudad Benitez,Leon,THW,P,17,7,2,7,0,0.78,0,2,0,0,0,0,0,0,20/21,A
Grimm,Philipp,LUD,LW,10,6,3,3,3,0.6667000000000001,1,0,0,0,0,1,0,0,20/21,A
Janke,Maximilian,GWD,CB,26,6,0,6,0,1.0,3,2,3,21,6,10,1,0,20/21,A
Donker,Malte,HAN,RB,36,6,3,6,0,0.6667000000000001,10,1,4,0,4,7,0,0,20/21,A
Roller,Lars,HBW,P,8,6,1,6,0,0.8571,0,0,0,0,0,1,0,0,20/21,A
Ingenpass,Niklas,TUE,P,16,6,2,6,0,0.75,1,0,0,0,0,1,0,0,20/21,A
Palicka,Andreas,RNL,GK,32,5,3,5,0,0.625,21,1,0,0,1,1,0,0,20/21,A
Meschke,Benjamin,HCE,P,12,5,1,5,0,0.8332999999999999,1,0,0,2,0,4,0,0,20/21,A
Pregler,Ole,MTM,CB,33,5,8,5,0,0.3846,7,8,0,0,1,3,0,0,20/21,A
Johannesson,Peter,TBV,GK,38,4,1,4,0,0.8,19,0,0,0,1,1,0,0,20/21,A
Ravensbergen,Bart,NOL,GK,38,4,0,4,0,1.0,7,4,0,0,0,1,0,0,20/21,A
Bergner,Tom,BHC,P,31,4,1,4,0,0.8,0,2,0,0,0,4,0,0,20/21,A
Juric,Petar,HAN,CB,13,4,1,4,0,0.8,0,1,0,1,1,1,0,0,20/21,A
Schalles,Maxim,TBV,RW,1,4,2,4,0,0.6667000000000001,0,0,0,0,0,0,0,0,20/21,A
Preller,Max,COB,LW,7,4,4,3,1,0.5,0,0,0,1,0,0,1,0,20/21,A
Nicolaus,Fynn-Luca,TVB,LB,29,4,6,4,0,0.4,6,2,4,8,6,10,0,0,20/21,A
Keskic,Enes,BER,LW,7,4,0,4,0,1.0,0,0,0,0,0,0,0,0,20/21,A
Kranzmann,Florian,GWD,LW,2,4,1,4,0,0.8,0,0,0,0,0,0,0,0,20/21,A
Kompenhans,Paul,MTM,CB,1,4,0,4,0,1.0,0,1,0,0,0,0,0,0,20/21,A
Veigel,Kaspar,RNL,RW,17,4,4,4,0,0.5,0,1,0,0,1,3,0,0,20/21,A
Homscheid,Nils,TUE,CB,15,4,4,3,1,0.5,1,3,0,0,0,0,0,0,20/21,A
Semisch,Malte,GWD,GK,38,3,3,3,0,0.5,16,2,0,0,0,0,0,0,20/21,A
Nielsen,Jesper,RNL,P,22,3,2,3,0,0.6,2,3,3,4,4,10,0,0,20/21,A
Klimpke,Till,WET,GK,34,3,0,3,0,1.0,16,0,0,0,0,0,0,0,20/21,A
Ebner,Domenico,HAN,GK,38,3,3,3,0,0.5,2,1,4,0,0,0,0,0,20/21,A
Pusica,Miljan,GWD,LB,10,3,9,3,0,0.25,9,6,3,4,6,9,1,0,20/21,A
Asgeirsson,Elvar,TVB,LB,17,3,0,3,0,1.0,3,1,1,3,6,6,0,0,20/21,A
Milosavljev,Dejan,BER,GK,37,3,2,3,0,0.6,9,2,0,0,1,0,0,0,20/21,A
Prakapenia,Anton,NOL,LB,10,3,6,3,0,0.3333,2,3,0,0,3,3,0,0,20/21,A
Bauer,Stefan,HCE,P,12,3,0,3,0,1.0,0,0,0,7,2,5,0,0,20/21,A
Calvert,Bevan,THW,RB,7,3,1,3,0,0.75,0,0,0,0,1,0,0,0,20/21,A
Leun,Finn-Lukas,LEI,RB,6,3,4,3,0,0.4286,3,2,1,0,1,0,0,0,20/21,A
Klimpke,Ole,WET,LB,18,3,2,3,0,0.6,0,0,0,2,0,1,0,0,20/21,A
Thomas,Julian,BHC,RW,9,3,1,3,0,0.75,0,0,0,0,0,1,0,0,20/21,A
Mrkva,Tomas,BHC,GK,36,2,1,2,0,0.6667000000000001,3,0,0,0,0,0,0,0,20/21,A
Foth,Christoph,HBW,P,3,2,0,2,0,1.0,0,0,0,0,0,2,0,0,20/21,A
Rudeck,Christopher,BHC,GK,38,2,0,2,0,1.0,5,0,0,0,0,0,0,0,20/21,A
Roscheck,Bastian,LEI,P,30,2,3,2,0,0.4,3,1,4,3,7,13,0,0,20/21,A
Poltrum,Konstantin,COB,GK,36,2,1,2,0,0.6667000000000001,11,1,0,0,0,0,0,0,20/21,A
Johannsson,Ragnar,BHC,RB,10,2,2,2,0,0.5,0,1,0,0,0,0,0,0,20/21,A
Kastelic,Urh,FAG,GK,37,2,3,2,0,0.4,6,0,1,0,0,1,0,0,20/21,A
Diedrich,Lukas,TUE,GK,31,2,3,2,0,0.4,5,0,0,0,0,0,0,0,20/21,A
Ehlers,Matteo,HAN,CB,8,2,1,2,0,0.6667000000000001,0,0,0,0,0,0,0,0,20/21,A
Bialowas,Yannik,HCE,LW,8,2,1,2,0,0.6667000000000001,1,2,0,0,0,1,0,0,20/21,A
Mustafic,Dino,COB,CB,18,2,0,2,0,1.0,0,1,0,0,0,1,0,0,20/21,A
Neudeck,Oskar,FAG,LB,31,2,7,2,0,0.22219999999999998,2,4,0,0,0,0,0,0,20/21,A
Dettenthaler,Felix,COB,LW,11,2,1,2,0,0.6667000000000001,0,1,0,0,0,0,0,0,20/21,A
Beekmann,Ben,MTM,LW,9,2,0,2,0,1.0,0,0,0,0,0,0,0,0,20/21,A
Leun,Jakob-Jannis,LEI,RB,3,2,3,2,0,0.4,0,1,0,0,0,0,0,0,20/21,A
Huber,Elias,HBW,CB,4,2,0,2,0,1.0,0,1,0,0,0,0,0,0,20/21,A
Schmitz,Tobias,BHC,LW,2,2,0,2,0,1.0,0,0,0,0,0,0,0,0,20/21,A
Zacharias,Lion,RNL,LW,3,2,0,2,0,1.0,0,0,0,0,0,0,0,0,20/21,A
Ziemer,Martin,HCE,GK,38,1,1,1,0,0.5,15,4,2,0,0,1,0,0,20/21,A
Quenstedt,Dario,THW,GK,37,1,0,1,0,1.0,4,0,0,1,0,0,0,0,20/21,A
Heinl,Jacob,SGF,P,11,1,0,1,0,1.0,0,1,1,3,1,4,0,0,20/21,A
Lex,Stefan,HCE,RB,7,1,5,1,0,0.16670000000000001,0,1,0,1,0,0,0,0,20/21,A
Fontaine,Daniel,BHC,LB,12,1,5,1,0,0.16670000000000001,3,2,2,0,0,1,0,0,20/21,A
Buhrmester,Bjorn,NOL,GK,38,1,1,1,0,0.5,2,0,0,0,0,0,0,0,20/21,A
Genz,Fredrik,BER,GK,38,1,0,1,0,1.0,1,0,0,0,0,0,0,0,20/21,A
Zecher,Finn,TBV,GK,19,1,1,1,0,0.5,0,0,0,0,0,0,0,0,20/21,A
Lesjak,Urban,HAN,GK,37,1,3,1,0,0.25,3,1,2,0,0,0,0,0,20/21,A
Geis,Linus,TBV,LB,31,1,4,1,0,0.2,1,0,1,1,0,1,0,0,20/21,A
Ruminsky,Mario,HBW,GK,38,1,0,1,0,1.0,3,0,0,0,0,0,0,0,20/21,A
Damm,Benedikt,LUD,P,5,1,1,1,0,0.5,0,1,0,0,0,0,0,0,20/21,A
Heinis,Robin,BER,RB,5,1,0,0,1,1.0,0,0,0,0,0,0,0,0,20/21,A
Spath,David,RNL,GK,26,1,0,1,0,1.0,3,1,0,0,0,0,0,0,20/21,A
Reitemann,Michel,TBV,P,2,1,0,1,0,1.0,0,0,0,0,0,0,0,0,20/21,A
Fischer,Justus,HAN,P,14,1,0,1,0,1.0,0,0,1,0,0,3,1,0,20/21,A
Heitkamp,Niclas,LEI,LB,7,1,0,1,0,1.0,0,0,0,0,0,0,0,0,20/21,A
Holzhacker,Paul,GWD,RW,6,1,0,0,1,1.0,0,0,0,0,0,0,0,0,20/21,A
Fuchs,Julian,MTM,RW,5,1,1,0,1,0.5,0,0,0,0,0,0,0,0,20/21,A
Gansau,Elias,LEI,LB,13,1,4,1,0,0.2,0,1,0,0,0,0,0,0,20/21,A
Heinevetter,Silvio,MTM,GK,38,0,0,0,0,0.0,10,0,2,0,1,1,0,0,20/21,A
Bult,Mark,SGF,RB,2,0,0,0,0,0.0,0,0,0,0,3,0,0,0,20/21,A
Muller,Philipp,LEI,LB,8,0,0,0,0,0.0,0,0,0,0,0,1,0,0,20/21,A
Bitter,Johannes,TVB,GK,24,0,0,0,0,0.0,9,4,0,0,0,0,0,0,20/21,A
Fritz,Henning,SGF,GK,8,0,0,0,0,0.0,0,0,0,0,0,0,0,0,20/21,A
Lichtlein,Carsten,GWD,GK,38,0,0,0,0,0.0,0,0,0,0,0,0,0,0,20/21,A
Katsigiannis,Nikolas,RNL,GK,30,0,0,0,0,0.0,4,2,0,0,0,0,0,0,20/21,A
Putera,Milos,LEI,GK,7,0,0,0,0,0.0,0,0,0,0,1,0,0,0,20/21,A
Andersson,Mattias,THW,GK,8,0,0,0,0,0.0,0,0,0,0,0,0,0,0,20/21,A
Bozic,Vladimir,HBW,GK,21,0,0,0,0,0.0,0,0,0,0,1,0,0,0,20/21,A
Ritschel,Matthias,HCE,GK,2,0,0,0,0,0.0,0,0,0,0,0,0,0,0,20/21,A
Kulhanek,Jan,COB,GK,37,0,0,0,0,0.0,5,2,0,0,0,0,0,0,20/21,A
Bliss,Sebastian,TUE,GK,38,0,0,0,0,0.0,11,6,0,0,0,0,0,0,20/21,A
Rebmann,Daniel,FAG,GK,38,0,0,0,0,0.0,9,0,0,0,0,0,0,0,20/21,A
Appelgren,Mikael,RNL,GK,1,0,0,0,0,0.0,0,0,0,0,0,0,0,0,20/21,A
Landin,Niklas,THW,GK,31,0,0,0,0,0.0,2,0,0,0,0,0,0,0,20/21,A
Prost,Primoz,TVB,GK,38,0,0,0,0,0.0,11,1,0,0,0,0,0,0,20/21,A
Green,Jannick,SCM,GK,35,0,0,0,0,0.0,4,2,0,0,0,0,0,0,20/21,A
Skof,Gorazd,LUD,GK,38,0,0,0,0,0.0,6,2,1,0,0,0,0,0,20/21,A
Hofmann,Jannik,LUD,LW,5,0,0,0,0,0.0,0,0,0,0,0,0,0,0,20/21,A
Honicke,Jonas,LEI,CB,2,0,0,0,0,0.0,0,0,0,0,0,0,0,0,20/21,A
Simic,Nebojsa,MTM,GK,38,0,0,0,0,0.0,13,4,0,0,0,0,0,0,20/21,A
Thulin,Tobias,SCM,GK,38,0,0,0,0,0.0,3,0,0,0,0,0,0,0,20/21,A
Birlehm,Joel,LEI,GK,38,0,0,0,0,0.0,13,2,0,0,0,0,0,0,20/21,A
Apfel,Fabian,COB,GK,11,0,0,0,0,0.0,1,0,0,0,0,0,0,0,20/21,A
Van den Beucken,Mark,TBV,GK,21,0,0,0,0,0.0,0,0,0,0,0,0,0,0,20/21,A
Buric,Benjamin,SGF,GK,28,0,0,0,0,0.0,6,0,0,0,0,0,0,0,20/21,A
Bilyk,Nikola,THW,LB,1,0,0,0,0,0.0,0,0,0,0,0,0,0,0,20/21,A
Wolf,Christopher,TUE,LB,8,0,0,0,0,0.0,0,0,0,0,0,1,0,0,20/21,A
Fuchs,Arne,TUE,GK,13,0,0,0,0,0.0,0,0,0,0,0,0,0,0,20/21,A
Lehmann,Nick,TVB,GK,8,0,0,0,0,0.0,0,0,0,0,0,0,0,0,20/21,A
Lemke,Jari,TBV,LB,1,0,0,0,0,0.0,0,0,0,0,0,0,0,0,20/21,A
Boieck,Janis,HCE,GK,16,0,0,0,0,0.0,0,0,0,0,0,0,0,0,20/21,A
Abutovic,Ilija,RNL,LB,27,0,0,0,0,0.0,3,0,4,2,3,7,1,0,20/21,A
Ferlin,Klemen,HCE,GK,22,0,0,0,0,0.0,11,5,1,0,0,0,0,0,20/21,A
Ivanisevic,Tibor,WET,GK,38,0,0,0,0,0.0,6,1,0,0,0,0,0,0,20/21,A
Tomovski,Martin,LUD,GK,37,0,0,0,0,0.0,3,3,0,0,0,0,0,0,20/21,A
Trost,Sebastian,RNL,CB,3,0,0,0,0,0.0,0,0,0,0,0,0,0,0,20/21,A
Sittrup Bergerud,Torbjorn,SGF,GK,38,0,0,0,0,0.0,9,0,0,0,0,0,0,0,20/21,A
Saeveraas,Kristian,LEI,GK,34,0,0,0,0,0.0,2,0,0,0,0,1,0,0,20/21,A
Simonsen,Christian Ole,LEI,GK,4,0,0,0,0,0.0,0,0,0,0,0,0,0,0,20/21,A
Rica-Kovac,Sebastian,TVB,GK,4,0,0,0,0,0.0,0,0,0,0,0,0,0,0,20/21,A
Bitzer,Jan,HBW,CB,3,0,0,0,0,0.0,0,0,0,0,0,0,0,0,20/21,A
Hoblaj,Leon,LUD,GK,15,0,0,0,0,0.0,0,0,0,0,0,0,0,0,20/21,A
Weber,Ian,WET,CB,1,0,0,0,0,0.0,0,0,0,0,0,0,0,0,20/21,A
Erifopoulos,Christos,FAG,CB,3,0,0,0,0,0.0,0,0,0,0,0,0,0,0,20/21,A
Brand,Tim,GWD,CB,10,0,0,0,0,0.0,0,1,0,0,0,0,0,0,20/21,A
Szeles,Akos,LEI,RB,7,0,0,0,0,0.0,1,0,0,0,0,0,0,0,20/21,A
Foege,Luis Plymford,TVB,RB,4,0,0,0,0,0.0,0,0,0,0,0,0,0,0,20/21,A
Dreyer,Paul,COB,GK,9,0,0,0,0,0.0,0,0,0,0,0,0,0,0,20/21,A
Neumann,Nicolas,LEI,LW,9,0,0,0,0,0.0,0,0,0,0,0,2,0,0,20/21,A
Wernlein,Felix,HAN,GK,1,0,0,0,0,0.0,0,0,0,0,0,0,0,0,20/21,A
Grabenstein,Leon,GWD,GK,1,0,0,0,0,0.0,0,0,0,0,0,0,0,0,20/21,A
Klama,Joonas,BHC,GK,2,0,0,0,0,0.0,0,0,0,0,0,0,0,0,20/21,A
Hummel,Finn,TVB,GK,2,0,0,0,0,0.0,0,0,0,0,0,0,0,0,20/21,A
Molz,Jonas,GWD,LB,2,0,0,0,0,0.0,0,0,0,0,0,0,0,0,20/21,A
Jensen,Mike,HBW,GK,38,0,0,0,0,0.0,5,4,0,1,0,0,0,0,20/21,A
Suljakovic,Anadin,WET,GK,12,0,0,0,0,0.0,0,0,0,0,0,0,0,0,20/21,A
Lichtlein,Nils,BER,CB,5,0,0,0,0,0.0,0,3,0,0,0,0,0,0,20/21,A
Ludwig,Lasse,BER,GK,2,0,0,0,0,0.0,0,0,0,0,0,0,0,0,20/21,A
Patzwaldt,Janik,SCM,GK,2,0,0,0,0,0.0,0,0,0,0,0,0,0,0,20/21,A
Leppich,Jonas,BHC,P,2,0,0,0,0,0.0,0,0,0,0,0,0,0,0,20/21,A
Muhlenstadt,Timon,TBV,GK,1,0,0,0,0,0.0,0,0,0,0,0,0,0,0,20/21,A
Orlov,Maxim,BER,CB,3,0,0,0,0,0.0,0,0,0,0,0,0,0,0,20/21,A
Kuntscher,David,MTM,RB,4,0,0,0,0,0.0,0,0,0,0,0,0,0,0,20/21,A
Kirschberger,Leon,SGF,RW,1,0,0,0,0,0.0,0,0,0,0,0,0,0,0,20/21,A
Nowak,Marcel,BER,RW,5,0,0,0,0,0.0,0,0,0,0,0,1,0,0,20/21,A
Schmidt,Jesper,THW,LW,2,0,0,0,0,0.0,0,0,0,0,0,0,0,0,20/21,A
Wager,Philipp Maximilian,THW,LB,8,0,0,0,0,0.0,1,0,0,0,0,1,0,0,20/21,A
Saggau,Philip Hartwig,THW,GK,4,0,0,0,0,0.0,0,0,0,0,0,0,0,0,20/21,A
Blaauw,Niko,TBV,CB,9,0,0,0,0,0.0,0,1,0,0,0,0,0,0,20/21,A
Sajenev,Mika Laurin,LEI,P,1,0,0,0,0,0.0,0,0,0,0,0,0,0,0,20/21,A
Hejny,Maximilian,FAG,RB,4,0,0,0,0,0.0,0,0,0,0,0,0,0,0,20/21,A
Gorpishin,Sergey,LUD,P,3,0,0,0,0,0.0,0,0,0,2,0,0,0,0,20/21,A
Demerza,Alexej,GWD,LB,1,0,0,0,0,0.0,0,0,0,0,0,0,0,0,20/21,A
Oetjen,Thore,TBV,P,3,0,0,0,0,0.0,0,0,0,0,0,0,0,0,20/21,A
Kassing,Jakob,COB,LB,7,0,0,0,0,0.0,0,0,0,0,0,0,0,0,20/21,A
Scheiner,Joshua,TVB,GK,1,0,0,0,0,0.0,0,0,0,0,0,0,0,0,20/21,A
Ayar,Koray,HAN,P,2,0,0,0,0,0.0,0,0,0,0,0,0,0,0,20/21,A
Hollstein,Maximilian,TBV,LW,1,0,0,0,0,0.0,0,0,0,0,0,0,0,0,20/21,A
Herz,Christian,TBV,LB,1,0,0,0,0,0.0,0,0,0,0,0,0,0,0,20/21,A
Buchele,Julian,FAG,GK,1,0,0,0,0,0.0,0,0,0,0,0,0,0,0,20/21,A
Reidegeld,Jona,TUE,RW,1,0,0,0,0,0.0,0,0,0,0,0,0,0,0,20/21,A
Behrendt,Niclas,SCM,GK,5,0,0,0,0,0.0,0,0,0,0,0,0,0,0,20/21,A
Backhaus,Theodor Felix,SGF,GK,7,0,0,0,0,0.0,0,0,0,0,0,0,0,0,20/21,A
Hopfmann,Luca,LEI,RB,5,0,0,0,0,0.0,0,0,0,0,0,0,0,0,20/21,A
Grupe,Mats,RNL,GK,1,0,0,0,0,0.0,0,0,0,0,0,0,0,0,20/21,A
Hansen,Hark,TBV,RB,2,0,0,0,0,0.0,0,0,0,0,0,0,0,0,20/21,A
Lindberg,Hans,BER,RW,34,242,46,118,124,0.8403,9,9,13,0,0,4,0,0,21/22,A
Magnusson,Omar Ingi,SCM,RB,33,237,102,124,113,0.6990999999999999,124,55,12,2,3,10,0,0,21/22,A
Elisson,Bjarki Mar,TBV,LW,34,234,85,155,79,0.7334999999999999,2,18,12,2,2,1,1,0,21/22,A
Mortensen,Casper,HSV,LW,34,206,82,113,93,0.7153,9,18,13,0,0,5,0,0,21/22,A
Ekberg,Niclas,THW,RW,34,189,56,90,99,0.7714,11,6,14,1,0,3,0,0,21/22,A
Schiller,Marcel,FAG,LW,32,186,73,95,91,0.7181000000000001,16,12,11,0,0,4,0,0,21/22,A
Lipovina,Vladan,HBW,RB,34,177,168,115,62,0.513,67,48,1,3,2,11,0,0,21/22,A
Jeppsson,Simon,HCE,LB,33,176,126,154,22,0.5828,137,61,4,4,4,5,0,0,21/22,A
Skroblien,Tom,NLB,LW,33,172,79,121,51,0.6853,12,16,11,0,1,6,0,0,21/22,A
Hansen,Johan,HAN,RW,33,162,88,107,55,0.648,7,8,9,0,1,2,0,0,21/22,A
Urban,Tomas,GWD,RW,34,160,87,103,57,0.6478,16,24,8,1,2,13,0,0,21/22,A
Schmid,Andy,RNL,CB,34,159,127,107,52,0.5559000000000001,73,38,5,0,0,3,0,0,21/22,A
Wanne,Hampus,SGF,LW,27,158,46,85,73,0.7745000000000001,7,9,7,0,0,3,0,0,21/22,A
Kuhn,Julius,MTM,LB,34,157,141,156,1,0.5268,51,44,15,8,7,9,2,0,21/22,A
Rubin,Lenny,WET,LB,33,154,140,154,0,0.5238,43,33,17,7,8,13,0,0,21/22,A
Darmoul,Mohamed Amine,GWD,CB,33,150,78,135,15,0.6579,47,57,7,3,0,3,0,0,21/22,A
Martinovic,Ivan,HAN,RB,30,143,102,139,4,0.5837,69,27,6,0,1,5,0,0,21/22,A
Hafner,Kai,MTM,RB,32,139,113,139,0,0.5516,105,42,3,1,4,7,0,0,21/22,A
Steinert,Christoph,HCE,RB,27,137,84,67,70,0.6199,29,29,3,2,4,13,1,0,21/22,A
Weller,Niklas,HSV,P,32,137,47,117,20,0.7445999999999999,8,33,3,5,3,17,0,0,21/22,A
Holm,Jacob,BER,CB,33,134,83,134,0,0.6175,74,28,3,1,1,3,0,0,21/22,A
Lonn,Adam,TVB,LB,31,131,108,128,3,0.5481,61,33,6,5,1,16,0,0,21/22,A
Carlsbogard,Jonathan,TBV,LB,33,128,121,128,0,0.5141,121,46,8,16,3,9,0,0,21/22,A
Ivic,Sime,LEI,RB,34,127,96,99,28,0.5695,80,47,11,4,5,22,1,0,21/22,A
Andersson,Lasse Bredekjaer,BER,LB,34,127,122,127,0,0.51,73,37,15,11,5,12,0,0,21/22,A
Binder,Lukas,LEI,LW,34,125,49,125,0,0.7184,27,14,6,3,5,6,0,0,21/22,A
Zieker,Patrick,TVB,LW,33,123,45,78,45,0.7321,16,13,7,1,2,15,0,0,21/22,A
Kristjansson,Viggo,TVB,RB,24,123,61,79,44,0.6685,72,49,2,0,1,2,0,0,21/22,A
Arnesson,Linus,BHC,CB,29,122,105,71,51,0.5374,78,36,15,1,3,1,1,0,21/22,A
Gulliksen,Kevin Maageroe,FAG,RW,30,122,53,105,17,0.6970999999999999,9,12,6,0,0,3,0,0,21/22,A
Golla,Johannes,SGF,P,34,121,33,121,0,0.7857,12,26,10,27,10,13,0,0,21/22,A
Sagosen,Sander,THW,CB,29,121,85,108,13,0.5874,102,26,5,1,3,12,0,0,21/22,A
Kohlbacher,Jannik,RNL,P,32,120,43,120,0,0.7362000000000001,6,21,2,6,5,13,0,0,21/22,A
Reinkind,Harald,THW,RB,34,116,85,115,1,0.5771000000000001,59,25,3,2,0,3,0,0,21/22,A
Gottfridsson,Jim,SGF,CB,32,115,57,112,3,0.6686,149,58,5,6,3,11,0,0,21/22,A
Marsenic,Mijajlo,BER,P,33,113,31,113,0,0.7847,3,24,11,32,10,27,1,0,21/22,A
Mertens,Lukas,SCM,LW,34,111,43,111,0,0.7208,22,2,14,0,1,1,0,0,21/22,A
Duvnjak,Domagoj,THW,CB,34,110,85,110,0,0.5640999999999999,77,13,11,6,5,15,0,0,21/22,A
Cavor,Stefan,WET,RB,31,110,94,110,0,0.5392,91,44,10,8,7,5,0,0,21/22,A
Suton,Tim,TBV,CB,30,107,92,107,0,0.5377000000000001,36,24,6,1,2,11,1,0,21/22,A
Mensah Larsen,Mads,SGF,CB,34,106,92,106,0,0.5354,123,34,5,5,3,3,0,0,21/22,A
Kirkelokke,Niclas,RNL,RB,34,106,97,106,0,0.5222,100,33,7,2,4,13,0,0,21/22,A
Groetzki,Patrick,RNL,RW,32,105,39,103,2,0.7292000000000001,20,6,9,1,1,2,0,0,21/22,A
Wiencek,Patrick,THW,P,34,103,32,103,0,0.763,11,17,11,20,6,11,0,0,21/22,A
Svan,Lasse,SGF,RW,33,102,42,102,0,0.7082999999999999,3,8,5,1,3,9,1,0,21/22,A
Lindenchrone Andersen,Jon,FAG,RB,34,102,77,102,0,0.5698,77,50,10,4,12,18,0,0,21/22,A
Wiesmach,Patrick,LEI,RW,33,99,42,84,15,0.7021,5,6,10,0,0,4,0,0,21/22,A
Holst,Maximilian,WET,LW,34,97,20,9,88,0.8291,3,3,0,0,0,1,0,0,21/22,A
Heymann,Sebastian,FAG,LB,25,97,54,97,0,0.6424,56,35,8,21,7,8,0,0,21/22,A
Kozina,Kresimir,FAG,P,34,97,30,97,0,0.7637999999999999,20,42,3,8,4,23,0,0,21/22,A
Hanusz,Egon,TVB,CB,32,96,29,96,0,0.768,68,51,15,0,0,1,0,0,21/22,A
Krzikalla,Lucas,LEI,RW,34,95,36,56,39,0.7252,4,5,4,0,1,1,0,0,21/22,A
Witzke,Luca,LEI,CB,30,95,73,95,0,0.5655,95,37,3,2,0,3,0,0,21/22,A
Mavers,Veit,HAN,CB,32,95,81,83,12,0.5398,56,38,5,3,1,0,0,0,21/22,A
Nyfjall,Adam,WET,P,34,95,30,95,0,0.76,9,24,9,9,14,17,2,0,21/22,A
Kuzmanovski,Filip,HAN,LB,34,94,47,94,0,0.6667000000000001,47,42,10,1,6,12,1,0,21/22,A
Zerbe,Lukas,TBV,RW,34,93,33,85,8,0.7381,10,3,11,1,2,7,0,0,21/22,A
Pfattheicher,Sascha,TVB,RW,32,92,33,92,0,0.736,3,9,7,0,0,3,1,0,21/22,A
Schoch,Jona,HBW,LB,32,91,89,91,0,0.5056,71,34,3,14,3,19,2,0,21/22,A
Nothdurft,Tim,HBW,LW,29,91,38,91,0,0.7054,6,4,8,0,1,3,0,0,21/22,A
Schmidt,David,BHC,RB,29,90,100,90,0,0.47369999999999995,38,36,4,3,5,9,0,0,21/22,A
Gunnarsson,Arnor Thor,BHC,RW,33,90,34,78,12,0.7258,7,11,5,0,0,2,0,0,21/22,A
Forsell Schefvert,Olle,WET,LB,32,89,63,89,0,0.5855,75,29,5,13,5,13,0,0,21/22,A
Saugstrup,Magnus,SCM,P,34,89,22,89,0,0.8018000000000001,8,12,10,14,3,7,0,0,21/22,A
Mellegard,Emil,WET,LW,34,88,34,88,0,0.7212999999999999,7,7,7,0,3,3,0,0,21/22,A
Forstbauer,Jan,HSV,RB,33,87,89,87,0,0.4943,66,49,2,2,1,6,0,0,21/22,A
Knorr,Juri,RNL,CB,34,87,82,75,12,0.5147999999999999,58,39,14,1,1,6,0,0,21/22,A
Jakobsen,Emil,SGF,LW,31,86,30,56,30,0.7414000000000001,1,6,1,0,0,3,0,0,21/22,A
Sellin,Johannes,HCE,RW,31,85,34,84,1,0.7143,8,12,2,0,0,8,0,0,21/22,A
Pieczkowski,Niclas,GWD,CB,31,85,75,85,0,0.5313,61,47,4,3,5,13,0,0,21/22,A
Strosack,Peter,NLB,RW,34,85,38,84,1,0.6911,22,27,4,2,3,3,0,0,21/22,A
Reichmann,Tobias,MTM,RW,24,84,26,28,56,0.7636,1,3,0,0,1,4,0,0,21/22,A
Kristjansson,Gisli Thorgeir,SCM,CB,34,84,52,84,0,0.6175999999999999,62,34,0,0,0,0,0,0,21/22,A
Kastening,Timo,MTM,RW,24,83,46,60,23,0.6434000000000001,7,10,5,1,0,3,0,0,21/22,A
Damgaard,Michael,SCM,LB,32,83,63,83,0,0.5685,16,10,0,0,0,1,1,0,21/22,A
Zintel,Bjorn,HBW,CB,34,82,67,82,0,0.5503,64,42,1,2,0,4,0,0,21/22,A
Bissel,Christopher,HCE,LW,33,82,32,82,0,0.72,10,7,24,0,2,14,0,0,21/22,A
Metzner,Antonio,HCE,RB,29,81,84,81,0,0.49,28,30,9,1,1,7,0,0,21/22,A
Petreikis,Benas,NLB,CB,34,81,68,80,1,0.5436,69,59,1,1,1,4,0,0,21/22,A
Strosack,Moritz,HBW,RW,26,81,21,81,0,0.7940999999999999,5,9,5,0,0,6,0,0,21/22,A
Wiede,Fabian,BER,RB,28,80,68,80,0,0.5405,93,35,9,4,1,7,1,0,21/22,A
Muller,Jerome,TVB,RB,24,80,75,80,0,0.5161,48,27,10,1,4,8,1,0,21/22,A
Peshevski,Zarko,TVB,P,34,80,38,80,0,0.6779999999999999,3,26,0,0,0,1,0,0,21/22,A
Tissier,Leif,HSV,CB,27,78,44,78,0,0.6393,71,35,5,1,1,5,0,0,21/22,A
Korte,Mats,GWD,LW,32,77,29,77,0,0.7264,5,5,8,1,1,4,0,0,21/22,A
Landin,Magnus,THW,LW,34,77,31,65,12,0.713,9,10,4,2,5,13,1,0,21/22,A
Budel,Nico,HCE,CB,33,76,54,75,1,0.5846,52,28,11,3,5,15,0,0,21/22,A
Weber,Philipp,SCM,CB,34,75,54,74,1,0.5814,28,17,0,1,0,3,0,0,21/22,A
Boomhouwer,Jeffrey,BHC,LW,34,75,33,73,2,0.6944,6,10,1,1,3,3,0,0,21/22,A
Hornke,Tim,SCM,RW,30,74,31,66,8,0.7048000000000001,6,5,6,0,0,4,0,0,21/22,A
Gebala,Maciej,LEI,P,31,74,34,74,0,0.6851999999999999,4,26,13,24,4,14,0,0,21/22,A
Jonsson,Elvar Orn,MTM,CB,25,74,41,74,0,0.6435,44,31,7,9,3,7,0,0,21/22,A
Firnhaber,Sebastian,HCE,P,29,73,26,73,0,0.7373999999999999,13,18,9,18,6,14,1,0,21/22,A
Vujovic,Milos,BER,LW,34,73,30,68,5,0.7087,3,7,8,0,0,2,0,0,21/22,A
Bauer,Philipp,HSV,CB,30,71,62,71,0,0.5338,31,25,0,0,0,3,0,0,21/22,A
Einarsson,Teitur Orn,SGF,RB,25,71,50,71,0,0.5868,46,25,3,0,1,2,0,0,21/22,A
Kunkel,Yves,MTM,LW,31,70,35,55,15,0.6667000000000001,7,14,3,0,1,2,0,0,21/22,A
Kneule,Tim,FAG,CB,31,69,55,69,0,0.56,62,23,4,7,5,9,0,0,21/22,A
Weinhold,Steffen,THW,RB,32,69,34,69,0,0.67,44,16,8,0,7,18,0,0,21/22,A
Zechel,Tim,HCE,P,34,69,14,68,1,0.8312999999999999,20,13,7,4,1,14,0,0,21/22,A
Stutzke,Lukas,BHC,LB,29,69,65,69,0,0.5149,26,21,4,2,2,7,0,0,21/22,A
Jukic,Nikola,GWD,RB,29,69,89,69,0,0.43670000000000003,48,25,6,4,1,7,0,0,21/22,A
Cederholm,Andreas,TBV,RB,22,68,54,68,0,0.5574,24,21,1,0,0,2,0,0,21/22,A
Buchner,Vincent,HAN,LW,34,68,33,68,0,0.6733,4,12,20,0,1,7,1,0,21/22,A
Mamic,Marko,LEI,LB,33,66,72,66,0,0.4783,74,39,22,32,7,16,0,0,21/22,A
Weck,Alexander,BHC,LB,33,66,93,66,0,0.41509999999999997,40,22,2,3,1,1,0,0,21/22,A
Helander,Benjamin,RNL,LW,23,66,29,58,8,0.6947,5,7,3,0,2,4,0,0,21/22,A
Schluroff,Miro,GWD,LB,30,66,52,66,0,0.5593,19,18,1,0,0,8,0,0,21/22,A
Novak,Domen,WET,RW,34,65,33,64,1,0.6633,1,8,3,0,0,2,0,0,21/22,A
Weiss,Dominik,TVB,LB,33,64,70,64,0,0.48,38,20,11,34,6,20,2,0,21/22,A
Heinzelmann,Tobias,HBW,P,31,64,23,64,0,0.7356,8,9,5,5,5,14,1,0,21/22,A
Heiny,Lutz,NLB,LB,23,63,74,63,0,0.45990000000000003,46,27,0,2,4,10,1,0,21/22,A
Gensheimer,Uwe,RNL,LW,12,62,23,38,24,0.7293999999999999,3,4,4,0,1,1,0,0,21/22,A
Darj,Max,BHC,P,27,61,23,61,0,0.7262000000000001,7,16,1,10,6,19,1,0,21/22,A
Gullerud,Magnus,SCM,P,34,61,15,61,0,0.8026000000000001,13,10,5,14,7,10,0,0,21/22,A
Schagen,Bobby,TBV,RW,31,60,29,59,1,0.6742,29,17,7,2,1,1,0,0,21/22,A
Brozovic,Ilija,HAN,P,34,60,29,60,0,0.6742,6,17,3,20,4,33,1,0,21/22,A
Nikolaisen,Tom Kare,BHC,P,32,59,19,59,0,0.7564,9,15,1,9,10,17,2,0,21/22,A
Pekeler,Hendrik,THW,P,27,58,22,58,0,0.725,12,8,9,16,5,4,0,0,21/22,A
Weissgerber,Lars,WET,RW,33,58,27,57,1,0.6823999999999999,6,7,3,1,1,4,0,0,21/22,A
Babak,Tomas,BHC,CB,27,58,47,58,0,0.5524,60,29,5,0,0,0,0,0,21/22,A
Guardiola,Gedeon,TBV,P,30,57,40,57,0,0.5876,13,16,19,26,4,8,0,0,21/22,A
Nilsson,Lukas,RNL,LB,23,57,45,57,0,0.5588000000000001,41,14,4,0,2,3,0,0,21/22,A
Smits,Kay,SCM,RB,34,57,25,48,9,0.6951,18,5,0,0,0,2,0,0,21/22,A
Matthes,Tim,BER,LW,33,57,23,57,0,0.7125,3,10,12,1,0,4,0,0,21/22,A
Fredriksen,Magnus,WET,CB,33,57,40,57,0,0.5876,82,45,2,1,1,1,0,0,21/22,A
Mrakovcic,Luka,NLB,CB,33,57,52,57,0,0.5229,52,55,8,0,2,12,4,0,21/22,A
Cehte,Nejc,HAN,RB,32,57,64,57,0,0.4711,53,26,5,4,4,10,0,0,21/22,A
Gomes,Andre,MTM,LB,20,57,54,57,0,0.5135000000000001,10,18,2,0,0,5,0,0,21/22,A
Zarabec,Miha,THW,CB,34,55,36,52,3,0.6043999999999999,40,23,2,0,0,1,0,0,21/22,A
Pavlovic,Domagoj,MTM,CB,22,55,19,55,0,0.7432,22,16,5,3,2,4,0,0,21/22,A
Pettersson,Daniel,SCM,RW,34,54,21,54,0,0.72,10,6,2,1,1,1,0,0,21/22,A
Staar,Max,GWD,RW,28,54,38,54,0,0.5870000000000001,15,4,18,2,4,13,1,0,21/22,A
Simak,Frederik,TBV,LB,32,54,36,52,2,0.6,24,15,7,9,5,18,0,0,21/22,A
Drux,Paul,BER,LB,29,53,30,53,0,0.6386,51,17,1,3,1,7,0,0,21/22,A
Bagersted,Jacob,FAG,P,33,53,14,53,0,0.7909999999999999,13,15,6,18,4,21,0,0,21/22,A
Spohn,Valentin,NLB,LB,21,53,54,53,0,0.5,23,19,3,3,4,2,0,0,21/22,A
Baumgartner,Florian,NLB,RB,19,52,86,52,0,0.3768,26,25,0,1,1,3,0,0,21/22,A
Valiullin,Azat,HSV,LB,27,52,50,52,0,0.5097999999999999,24,22,5,10,5,15,0,0,21/22,A
Lagergren,Albin,RNL,RB,29,52,27,50,2,0.6581999999999999,48,30,5,6,0,7,0,0,21/22,A
Bohm,Fabian,HAN,LB,26,51,66,51,0,0.4359,21,20,2,2,5,10,1,0,21/22,A
Bilyk,Nikola,THW,LB,34,50,36,50,0,0.5814,28,15,4,0,0,6,0,0,21/22,A
Jotic,Lovro,LEI,CB,27,50,53,50,0,0.4854,67,31,1,1,1,5,0,0,21/22,A
Ellebaek,Tobias,FAG,LB,26,50,40,50,0,0.5556,60,22,1,0,1,4,0,0,21/22,A
Smarason,Janus Dadi,FAG,CB,24,49,35,49,0,0.5832999999999999,45,26,1,0,0,10,0,0,21/22,A
Andersen,Frederik Bo,HSV,RW,32,49,30,49,0,0.6203,0,9,7,0,0,1,0,0,21/22,A
Hermann,Till,FAG,LW,33,48,21,48,0,0.6957,1,4,3,0,1,0,0,0,21/22,A
O'Sullivan,Christian,SCM,CB,33,48,10,48,0,0.8276,50,14,13,13,4,6,0,0,21/22,A
Nissen,Marek,NLB,LB,34,47,39,47,0,0.5465,10,21,2,15,1,16,0,0,21/22,A
Wiederstein,Fabian,HBW,P,29,46,20,46,0,0.6970000000000001,3,14,1,4,12,15,1,0,21/22,A
Zelenovic,Nemanja,FAG,RB,29,46,41,46,0,0.5287,19,14,2,1,1,5,0,0,21/22,A
Sunnefeldt,Oskar,LEI,LB,34,46,52,46,0,0.4694,20,13,3,8,1,3,0,0,21/22,A
Hutecek,Lukas,TBV,CB,29,46,43,46,0,0.5169,58,17,11,0,3,7,0,0,21/22,A
Bezjak,Marko,SCM,CB,34,45,14,45,0,0.7626999999999999,45,29,12,4,3,15,1,0,21/22,A
Ahouansou,Philipp,RNL,LB,22,45,23,45,0,0.6618,11,10,1,5,0,4,1,0,21/22,A
Steinhauser,Marius,SGF,RW,31,44,17,43,1,0.72,0,4,4,0,2,1,0,0,21/22,A
Wullenweber,Finn,HSV,LB,24,44,45,44,0,0.49439999999999995,14,20,1,1,3,11,1,0,21/22,A
Meister,Lucas,GWD,P,33,44,31,44,0,0.5867,6,13,7,11,7,30,2,0,21/22,A
Schulze,Alexander,TVB,LW,34,44,14,44,0,0.7585999999999999,0,4,6,0,1,5,0,0,21/22,A
Pevnov,Evgeni,HAN,P,25,43,13,43,0,0.7679,4,5,6,17,6,6,1,0,21/22,A
Milosevic,Alen,LEI,P,32,43,15,43,0,0.7414000000000001,13,13,9,9,3,12,1,0,21/22,A
Olsson,Hampus,HCE,RW,32,43,17,39,4,0.7167,4,5,3,0,0,4,0,0,21/22,A
Danner,Felix,WET,P,32,42,11,42,0,0.7925,9,7,4,17,4,21,2,0,21/22,A
Bergemann,Thies,HSV,RW,29,42,19,42,0,0.6884999999999999,2,5,1,0,2,4,0,0,21/22,A
Mensing,Hans Aaron,SGF,LB,24,41,40,41,0,0.5062,22,6,0,0,0,3,0,0,21/22,A
Grebenc,Jan,GWD,LB,30,40,39,40,0,0.5063,21,25,3,2,3,9,0,0,21/22,A
Sogard,Goran,SGF,LB,21,40,23,40,0,0.63,27,15,1,2,1,1,0,0,21/22,A
Edvardsson,Jonathan,HAN,CB,28,39,20,39,0,0.6609999999999999,48,26,8,1,0,7,0,0,21/22,A
Arnarsson,Arnar Freyr,MTM,P,34,39,14,39,0,0.7358,3,20,6,23,9,20,2,0,21/22,A
Scott,James,HBW,LB,30,39,40,39,0,0.49369999999999997,5,22,2,0,0,1,1,0,21/22,A
Kontrec,Tin,NLB,P,25,39,16,39,0,0.7091,6,18,1,9,9,30,0,0,21/22,A
Gutbrod,Fabian,BHC,LB,17,38,36,38,0,0.51,4,9,0,0,0,1,0,0,21/22,A
Dahmke,Rune,THW,LW,31,38,11,38,0,0.7755,5,2,4,0,0,5,0,0,21/22,A
Petrovsky,Leos,NLB,P,33,37,15,37,0,0.71,8,11,4,19,11,24,1,0,21/22,A
Schonningsen,Simen,BHC,RB,28,37,32,37,0,0.5362,29,22,0,1,2,7,0,0,21/22,A
Horzen,Kristjan,RNL,P,34,37,18,37,0,0.6727,7,16,2,2,2,6,0,0,21/22,A
Guardiola,Isaias,TBV,RB,21,36,29,36,0,0.5538000000000001,28,14,6,5,0,5,0,0,21/22,A
Hald Jensen,Simon,SGF,P,33,36,10,36,0,0.7826000000000001,4,8,0,34,15,15,0,0,21/22,A
Pettersson,Alexander,MTM,RB,33,35,28,35,0,0.5556,20,12,6,3,2,13,0,0,21/22,A
Augustinussen,Sebastian,TVB,RW,32,35,32,35,0,0.5224,6,6,4,3,5,11,0,0,21/22,A
Axmann,Dominik,HSV,LB,14,34,17,34,0,0.6667000000000001,17,13,4,1,1,2,0,0,21/22,A
Beciri,Kristian,HBW,P,26,32,18,32,0,0.64,3,20,2,8,4,14,0,0,21/22,A
Allendorf,Michael,MTM,LW,31,31,17,31,0,0.6457999999999999,1,8,2,1,0,3,0,0,21/22,A
Feise,Hannes,HAN,LW,34,31,11,31,0,0.7381,3,4,6,2,1,11,1,0,21/22,A
Ingason,Daniel Thor,HBW,LB,34,30,35,30,0,0.46149999999999997,23,23,8,12,7,20,0,0,21/22,A
Kalarash,Gleb,MTM,P,32,29,11,29,0,0.725,5,18,4,24,1,18,2,0,21/22,A
Theilinger,Nicolai,HSV,RB,23,28,19,28,0,0.5957,15,20,3,0,4,7,0,0,21/22,A
Ehrig,Sven,THW,RW,33,27,20,27,0,0.5745,1,2,3,0,0,3,0,0,21/22,A
Runarsson,Andri Mar,TVB,CB,34,27,16,27,0,0.6279,10,11,1,0,0,2,0,0,21/22,A
Zeitz,Christian,GWD,RB,30,25,29,25,0,0.46299999999999997,13,10,1,1,2,9,0,0,21/22,A
Thomann,Gregor,HBW,RW,26,25,18,15,10,0.5814,0,4,0,0,0,1,0,0,21/22,A
Semper,Franz,SGF,RB,16,25,34,25,0,0.42369999999999997,20,8,0,0,1,0,0,0,21/22,A
Speckmann,Jan-Eric,NLB,LW,16,25,12,13,12,0.6757,2,1,1,0,1,0,0,0,21/22,A
Kogut,Andrej,TBV,CB,19,24,19,24,0,0.5581,18,3,2,1,2,2,0,0,21/22,A
Musche,Matthias,SCM,LW,22,24,9,24,0,0.7273000000000001,3,2,3,0,0,0,0,0,21/22,A
Janke,Maximilian,GWD,CB,26,24,9,24,0,0.7273000000000001,13,5,6,13,2,11,0,0,21/22,A
Drager,Yannick,NLB,P,32,24,12,24,0,0.6667000000000001,13,10,5,24,3,24,6,0,21/22,A
Remke,Gregor,LEI,RB,32,24,19,24,0,0.56,24,19,5,2,1,2,0,0,21/22,A
Kopljar,Marko,BER,RB,29,24,16,24,0,0.6,14,7,3,18,7,12,1,0,21/22,A
Overby,Petter,HCE,P,30,24,5,24,0,0.8276,4,7,5,7,4,18,3,0,21/22,A
Zacharias,Lion,RNL,LW,21,24,11,23,1,0.6857,3,1,8,0,0,3,0,0,21/22,A
Fath,Steffen,HCE,LB,20,23,31,23,0,0.43,25,15,2,2,3,3,0,0,21/22,A
Schimmelbauer,Tobias,HSV,LW,31,23,4,23,0,0.85,7,4,0,2,7,33,3,0,21/22,A
Saueressig,Lukas,HBW,CB,16,23,16,23,0,0.5897,44,19,3,2,2,5,0,0,21/22,A
Srsen,Ivan,WET,RB,34,23,22,23,0,0.5111,14,13,2,1,2,6,0,0,21/22,A
Mundus,Marvin,NLB,CB,34,23,19,23,0,0.5476,8,8,0,0,1,4,0,0,21/22,A
Koch,Johan,BER,P,21,22,10,22,0,0.6875,0,9,0,0,1,5,0,0,21/22,A
Ernst,Simon,LEI,CB,34,22,24,22,0,0.4783,21,16,7,21,3,17,1,0,21/22,A
Spath,Manuel,HSV,P,33,21,17,21,0,0.5526,3,20,2,9,6,19,0,0,21/22,A
Nicolaus,Fynn-Luca,TVB,LB,14,21,6,21,0,0.7778,7,2,4,2,4,3,0,0,21/22,A
Richtzenhain,Justus Nicolas,GWD,P,33,20,7,20,0,0.7406999999999999,3,11,0,2,2,10,0,0,21/22,A
Hafner,Max,TVB,CB,15,20,17,20,0,0.5405,19,10,1,0,0,2,0,0,21/22,A
Hanne,Martin,HAN,LB,16,20,27,20,0,0.4255,11,10,1,0,0,1,0,0,21/22,A
Kleineidam,Jan,HSV,CB,22,19,15,19,0,0.5588000000000001,10,14,0,1,1,4,0,0,21/22,A
Goller,Axel,FAG,RW,33,19,11,12,7,0.63,0,0,1,0,0,0,0,0,21/22,A
Maric,Marino,MTM,P,31,18,3,18,0,0.8571,2,5,1,1,0,2,0,0,21/22,A
Damm,Sebastian,BHC,LW,28,18,6,18,0,0.75,2,7,2,0,0,0,0,0,21/22,A
Rothlisberger,Samuel,TVB,P,31,18,10,18,0,0.6429,8,6,6,20,10,17,1,0,21/22,A
Kusan,Tomislav,WET,P,18,18,4,18,0,0.8181999999999999,2,7,1,5,1,6,0,0,21/22,A
Sarac,Josip,FAG,LB,13,18,10,18,0,0.6429,7,2,6,1,1,7,0,0,21/22,A
Ossenkopp,Lukas,HSV,LB,28,17,11,17,0,0.6071,11,9,2,6,5,12,1,0,21/22,A
Hansson,Emil,BHC,RW,32,17,9,17,0,0.6537999999999999,1,1,1,0,0,0,0,0,21/22,A
Michalczik,Marian,BER,LB,12,17,7,17,0,0.7082999999999999,21,6,2,0,2,2,0,0,21/22,A
Fraatz,Yannick,BHC,RW,14,17,11,17,0,0.6071,1,1,1,1,0,0,0,0,21/22,A
Bergner,Tom,BHC,P,29,17,10,17,0,0.6296,0,2,0,0,0,2,0,0,21/22,A
Kranzmann,Florian,GWD,LW,34,17,14,15,2,0.5484,2,3,4,0,0,0,0,0,21/22,A
Beneke,Max Christoph,BER,RB,17,17,8,17,0,0.68,2,13,0,0,3,1,0,0,21/22,A
Fischer,Justus,HAN,P,19,17,3,17,0,0.85,0,3,0,3,1,2,0,0,21/22,A
Esche,Marc,LEI,LW,33,16,11,16,0,0.5926,1,3,1,0,0,1,0,0,21/22,A
Mirkulovski,Filip,WET,CB,30,15,11,15,0,0.58,6,17,0,0,0,0,0,0,21/22,A
Chrapkowski,Piotr,SCM,LB,34,15,3,15,0,0.83,10,2,10,13,1,22,1,0,21/22,A
Leban,Patrik,HCE,CB,34,15,10,15,0,0.6,15,11,2,0,0,2,0,0,21/22,A
Reitemann,Michel,TBV,P,33,15,7,15,0,0.6818000000000001,1,6,0,0,0,1,0,0,21/22,A
Ebner,Dominik,NLB,RB,6,14,12,14,0,0.5385,5,4,0,1,0,3,1,0,21/22,A
Jaeger,Max,HCE,LW,31,14,6,14,0,0.7,1,0,2,0,0,1,0,0,21/22,A
Thiele,Joshua,GWD,P,30,14,8,14,0,0.6364,1,6,2,2,7,15,1,0,21/22,A
Volz,Patrick,HBW,LW,20,13,5,13,0,0.7222,2,1,0,0,1,1,0,0,21/22,A
Schwarzer,Kian,TBV,LW,33,13,7,13,0,0.65,2,0,0,0,1,0,0,0,21/22,A
Feld,Alexander,WET,CB,12,12,18,11,1,0.4,1,6,0,0,0,3,0,0,21/22,A
Lindskog,Anton,SGF,P,34,12,5,12,0,0.71,2,3,3,21,3,16,0,0,21/22,A
Chrintz,Valter,BER,RW,29,12,1,12,0,0.9231,0,2,3,0,0,1,1,0,21/22,A
Diocou Soumare,Mamadou,RNL,RB,14,12,13,12,0,0.48,0,3,3,0,0,2,0,0,21/22,A
Krone,Jannes,HAN,RW,29,11,12,11,0,0.4783,1,4,2,0,0,2,0,0,21/22,A
Rod,Magnus,SGF,RB,8,11,6,11,0,0.6470999999999999,10,1,1,1,2,4,0,0,21/22,A
Gislason,Ymir Orn,RNL,P,33,11,7,11,0,0.61,6,11,12,11,9,23,0,0,21/22,A
Langhoff,Matthes,BER,LB,28,11,10,11,0,0.5238,2,8,4,0,0,2,0,0,21/22,A
Ciudad Benitez,Leon,THW,P,30,11,3,11,0,0.7857,0,2,0,0,0,1,0,0,21/22,A
Horak,Pavel,THW,LB,34,10,4,10,0,0.7143,1,1,1,4,2,6,0,0,21/22,A
Link,Nikolai,HCE,LB,33,10,4,10,0,0.7143,5,0,4,12,7,22,1,0,21/22,A
Szucs,Csaba,BHC,CB,21,10,11,10,0,0.47619999999999996,22,10,2,9,4,9,2,0,21/22,A
Gretarsson,Oddur,HBW,LW,4,10,3,3,7,0.7692,1,1,1,0,0,0,0,0,21/22,A
More,David,RNL,LW,7,9,5,9,0,0.64,0,1,0,0,0,0,0,0,21/22,A
Hildenbrand,Tim,HBW,RW,5,9,9,9,0,0.5,1,2,0,0,0,1,0,0,21/22,A
Franke,Marten,NLB,RW,7,8,12,8,0,0.4,0,1,0,0,0,1,0,0,21/22,A
Timm,Marcel,TBV,P,8,8,3,8,0,0.73,0,1,0,1,0,0,0,0,21/22,A
Neudeck,Oskar,FAG,LB,27,8,9,8,0,0.47,6,8,2,1,0,3,0,0,21/22,A
Todorovic,Uros,HBW,RB,16,7,12,7,0,0.37,4,11,1,0,1,5,0,0,21/22,A
Lichtlein,Nils,BER,CB,11,7,5,7,0,0.58,4,5,1,0,0,0,0,0,21/22,A
Tokuda,Rennosuke,NLB,RB,15,7,5,7,0,0.5832999999999999,8,17,0,0,0,0,0,0,21/22,A
Niemann,Max,HSV,CB,4,7,3,7,0,0.7,5,6,0,0,0,1,0,0,21/22,A
Faust,Jarnes,THW,RW,1,7,0,7,0,1.0,0,0,1,0,0,0,0,0,21/22,A
Stevanovic,Nikola,HBW,RB,15,6,7,6,0,0.46149999999999997,6,6,2,0,0,0,0,0,21/22,A
Marcher Petersen,Mark Strandgaard,FAG,RW,3,6,2,6,0,0.75,0,1,1,0,0,0,0,0,21/22,A
Vignjevic,Marko,GWD,LB,11,6,8,6,0,0.43,2,1,1,2,0,2,0,0,21/22,A
Fuchs,Julian,MTM,RW,17,6,7,4,2,0.46,0,1,3,0,1,0,0,0,21/22,A
Klimpke,Ole,WET,LB,16,6,4,6,0,0.6,4,1,2,0,0,0,0,0,21/22,A
Huber,Elias,HBW,CB,12,6,3,6,0,0.6667000000000001,4,2,0,0,0,0,0,0,21/22,A
Wente,Till,HBW,LB,15,6,5,6,0,0.55,2,1,0,1,0,3,0,0,21/22,A
Semisch,Malte,GWD,GK,32,5,3,5,0,0.63,17,1,0,0,1,0,0,0,21/22,A
Preuss,Moritz,SCM,P,11,5,1,5,0,0.83,0,2,0,1,0,2,0,0,21/22,A
Roscheck,Bastian,HAN,P,32,5,4,5,0,0.56,5,0,4,10,6,19,0,0,21/22,A
Schottle,Nico,TVB,LB,9,5,6,5,0,0.45,0,0,0,0,0,0,0,0,21/22,A
Morros de Argila,Viran,BER,LB,27,4,0,4,0,1.0,2,0,2,8,3,9,1,0,21/22,A
Simic,Nebojsa,MTM,GK,34,4,1,4,0,0.8,6,0,0,0,0,0,0,0,21/22,A
Milosavljev,Dejan,BER,GK,34,4,2,4,0,0.67,18,0,0,0,1,0,0,0,21/22,A
Ruminsky,Mario,HBW,GK,33,4,3,4,0,0.57,15,3,0,0,0,1,0,0,21/22,A
Meyer-Siebert,Julius,SGF,LB,19,4,5,4,0,0.44,1,1,0,0,1,0,0,0,21/22,A
Hanemann,Hendrik,LEI,P,15,4,1,4,0,0.8,0,0,0,0,0,1,0,0,21/22,A
Fugel,Elias,HBW,RW,8,4,1,4,0,0.8,0,0,0,0,0,0,0,0,21/22,A
Patrail,Mait,RNL,LB,28,3,2,3,0,0.6,8,0,6,17,2,6,0,0,21/22,A
Rudeck,Christopher,BHC,GK,33,3,1,3,0,0.75,2,1,0,0,1,1,0,0,21/22,A
Jensen,Mike,SCM,GK,34,3,1,3,0,0.75,5,0,0,0,0,1,0,0,21/22,A
Sauter,Moritz,BER,CB,5,3,1,3,0,0.75,0,1,0,0,0,0,0,0,21/22,A
Schmitz,Tobias,BHC,LW,7,3,3,3,0,0.5,0,0,0,0,0,2,0,0,21/22,A
Van Oettingen,Oscar,SGF,RB,8,3,1,3,0,0.75,2,3,0,0,0,0,0,0,21/22,A
Horr,Manuel,MTM,CB,13,3,0,3,0,1.0,1,4,0,0,0,0,0,0,21/22,A
Drosten,Florian,MTM,LW,8,3,1,2,1,0.75,0,1,0,0,0,0,0,0,21/22,A
Jacobs,Jann Keno,BER,P,3,3,1,3,0,0.75,1,0,1,0,0,2,0,0,21/22,A
Green,Jannick,SCM,GK,34,2,1,2,0,0.6667000000000001,2,0,0,0,0,2,0,0,21/22,A
Johannesson,Peter,TBV,GK,29,2,2,2,0,0.5,7,0,0,0,0,1,0,0,21/22,A
Klimpke,Till,WET,GK,31,2,1,2,0,0.6667000000000001,10,2,0,0,0,1,0,0,21/22,A
Myrhol,Bjarte Hakon,THW,P,3,2,3,2,0,0.4,0,1,0,0,0,0,0,0,21/22,A
Kuntscher,David,MTM,RB,17,2,2,2,0,0.5,0,0,0,0,0,0,0,0,21/22,A
Seitz,Stephan,HCE,RB,8,2,4,2,0,0.3333,0,1,0,0,0,0,0,0,21/22,A
Michalski,Niklas,RNL,RW,6,2,3,2,0,0.4,0,0,0,0,0,0,0,0,21/22,A
Finn-Jannes,Gernus,NLB,LW,15,2,2,2,0,0.5,2,0,0,0,0,0,0,0,21/22,A
Weber,Daniel,HAN,RW,1,2,0,2,0,1.0,0,0,0,0,0,0,0,0,21/22,A
Quardfasel,Mats Ove,HSV,RW,1,2,2,2,0,0.5,0,1,1,0,0,0,0,0,21/22,A
Hasenkamp,Fynn Jarik,SGF,LB,8,2,1,2,0,0.6667000000000001,0,0,0,1,0,0,0,0,21/22,A
Schwormstede,Luca Alexander,THW,LB,1,2,0,2,0,1.0,0,0,0,0,0,1,0,0,21/22,A
Mrkva,Tomas,BHC,GK,33,1,1,1,0,0.5,2,1,0,0,0,0,0,0,21/22,A
Bitter,Johannes,HSV,GK,33,1,0,1,0,1.0,10,3,0,0,1,2,0,0,21/22,A
Vori,Igor,BER,P,4,1,2,1,0,0.3333,0,2,0,0,0,3,0,0,21/22,A
Muller,Michael,SGF,RB,12,1,0,1,0,1.0,0,0,0,0,0,1,0,0,21/22,A
Palicka,Andreas,RNL,GK,11,1,0,1,0,1.0,6,1,0,0,0,0,0,0,21/22,A
Katsigiannis,Nikolas,RNL,GK,23,1,0,1,0,1.0,5,2,0,0,0,0,0,0,21/22,A
Meschke,Benjamin,TVB,P,14,1,2,1,0,0.3333,0,1,0,0,0,1,0,0,21/22,A
Rebmann,Daniel,FAG,GK,32,1,1,1,0,0.5,4,2,0,0,0,0,0,0,21/22,A
Møller,Kevin,SGF,GK,33,1,1,1,0,0.5,11,1,0,0,0,0,0,0,21/22,A
Honicke,Jonas,LEI,CB,3,1,1,1,0,0.5,2,2,0,0,0,1,0,0,21/22,A
Ebner,Domenico,HAN,GK,27,1,1,1,0,0.5,4,1,0,0,0,0,0,0,21/22,A
Kastelic,Urh,FAG,GK,28,1,2,1,0,0.3333,5,1,0,0,0,0,0,0,21/22,A
Pesic,Ivan,TVB,GK,22,1,0,1,0,1.0,1,0,0,0,0,0,0,0,21/22,A
Kessler,Maximilian,RNL,LW,1,1,2,1,0,0.3333,0,0,0,0,0,0,0,0,21/22,A
Saeveraas,Kristian,LEI,GK,34,1,0,1,0,1.0,11,1,1,0,0,0,0,0,21/22,A
Gertges,Jonas,HSV,LW,24,1,0,1,0,1.0,0,0,0,0,0,0,0,0,21/22,A
Moller,Lasse,SGF,LB,1,1,1,0,1,0.5,0,0,0,0,0,0,0,0,21/22,A
Marschall,Tarek,HCE,CB,19,1,7,1,0,0.125,1,5,1,0,0,0,0,0,21/22,A
Juric,Petar,HAN,CB,1,1,0,1,0,1.0,0,0,1,0,0,1,0,0,21/22,A
Sejr Jensen,Simon,HBW,GK,33,1,2,1,0,0.3333,5,3,0,0,0,0,0,0,21/22,A
Suljakovic,Anadin,WET,GK,28,1,2,1,0,0.3333,4,0,0,0,0,0,0,0,21/22,A
Heinis,Robin,BER,RB,4,1,0,1,0,1.0,0,0,0,0,0,0,0,0,21/22,A
Kompenhans,Paul,MTM,CB,5,1,1,1,0,0.5,0,2,1,0,0,0,0,0,21/22,A
Hejny,Maximilian,FAG,RB,5,1,0,1,0,1.0,0,0,0,0,0,0,0,0,21/22,A
Holzhacker,Paul,GWD,RW,5,1,1,1,0,0.5,0,1,0,0,0,0,0,0,21/22,A
Lets,Vladislav,BER,P,1,1,0,1,0,1.0,0,0,0,0,0,0,0,0,21/22,A
El-Tayar,Mohamed Essam Moustafa,LEI,GK,16,1,0,1,0,1.0,1,0,0,0,0,0,0,0,21/22,A
Eisele,Felix,FAG,RW,2,1,0,1,0,1.0,0,0,0,0,0,0,0,0,21/22,A
Bacani,Nico,TVB,RW,2,1,0,1,0,1.0,0,0,0,0,0,0,0,0,21/22,A
Heinevetter,Silvio,MTM,GK,34,0,0,0,0,0.0,4,4,0,0,0,0,0,0,21/22,A
Bult,Mark,SGF,RB,3,0,0,0,0,0.0,0,0,0,0,3,0,0,0,21/22,A
Vortmann,Jens,HSV,GK,30,0,0,0,0,0.0,3,0,0,0,1,0,0,0,21/22,A
Ziemer,Martin,HCE,GK,28,0,0,0,0,0.0,5,1,0,0,1,0,0,0,21/22,A
Lackovic,Blazenko,HSV,LB,1,0,0,0,0,0.0,0,0,0,0,2,0,0,0,21/22,A
Quenstedt,Dario,THW,GK,33,0,0,0,0,0.0,1,0,0,0,0,0,0,0,21/22,A
Lichtlein,Carsten,GWD,GK,34,0,0,0,0,0.0,0,0,0,0,0,0,0,0,21/22,A
Ritschel,Matthias,HAN,GK,7,0,0,0,0,0.0,0,0,0,0,0,0,0,0,21/22,A
Rezar,Aljosa,NLB,GK,34,0,0,0,0,0.0,4,2,0,0,0,0,0,0,21/22,A
Lemke,Finn,MTM,LB,4,0,0,0,0,0.0,0,0,1,3,0,1,0,0,21/22,A
Maier,Jonas,HSV,GK,3,0,0,0,0,0.0,2,0,0,0,0,0,0,0,21/22,A
Appelgren,Mikael,RNL,GK,13,0,0,0,0,0.0,5,1,0,0,0,0,0,0,21/22,A
Landin,Niklas,THW,GK,31,0,0,0,0,0.0,6,0,1,0,0,1,0,0,21/22,A
von Gruchalla,Florian,HCE,RW,2,0,0,0,0,0.0,0,0,0,0,0,0,0,0,21/22,A
Prost,Primoz,TVB,GK,12,0,0,0,0,0.0,4,0,0,0,0,0,0,0,21/22,A
Sonne-Hansen,Kim,HCE,GK,9,0,0,0,0,0.0,0,0,0,0,0,0,0,0,21/22,A
Oehlrich,Thomas,BER,P,1,0,0,0,0,0.0,0,0,0,0,1,1,0,0,21/22,A
Gempp,Patrick,WET,P,3,0,0,0,0,0.0,0,0,0,0,0,0,0,0,21/22,A
Wolf,Tom,NLB,LB,7,0,0,0,0,0.0,0,4,0,0,0,1,0,0,21/22,A
Genz,Fredrik,BER,GK,31,0,0,0,0,0.0,1,0,0,0,0,0,0,0,21/22,A
Thulin,Tobias,TVB,GK,28,0,0,0,0,0.0,4,0,0,0,0,0,0,0,21/22,A
Birlehm,Joel,RNL,GK,34,0,0,0,0,0.0,10,1,0,0,0,0,0,0,21/22,A
Hassferter,Michael,HCE,GK,3,0,0,0,0,0.0,0,0,0,0,0,0,0,0,21/22,A
Kellner,Benedikt,HCE,CB,6,0,0,0,0,0.0,0,0,0,0,0,0,0,0,21/22,A
Buric,Benjamin,SGF,GK,32,0,0,0,0,0.0,3,0,0,0,0,0,0,0,21/22,A
Zecher,Finn,TBV,GK,34,0,0,0,0,0.0,3,0,0,0,0,0,0,0,21/22,A
Boieck,Janis,HCE,GK,1,0,0,0,0,0.0,0,0,0,0,0,0,0,0,21/22,A
Ende,Moritz,BER,RW,4,0,0,0,0,0.0,0,1,0,0,0,0,0,0,21/22,A
Pusica,Miljan,GWD,LB,3,0,0,0,0,0.0,0,0,0,0,0,0,0,0,21/22,A
Abutovic,Ilija,RNL,LB,32,0,0,0,0,0.0,1,0,2,12,9,19,3,0,21/22,A
Lesjak,Urban,HAN,GK,31,0,0,0,0,0.0,3,1,0,0,0,0,0,0,21/22,A
Komok,Gennadiy,WET,GK,9,0,0,0,0,0.0,0,0,0,0,0,0,0,0,21/22,A
Ferlin,Klemen,HCE,GK,28,0,0,0,0,0.0,7,2,0,0,0,0,0,0,21/22,A
Vujovic,Miljan,TVB,GK,13,0,0,0,0,0.0,4,0,0,0,0,0,1,0,21/22,A
Simonsen,Christian Ole,LEI,GK,1,0,0,0,0,0.0,0,0,0,0,0,0,0,0,21/22,A
Geis,Linus,TBV,LB,11,0,0,0,0,0.0,0,0,0,0,0,0,0,0,21/22,A
Ehlers,Matteo,HAN,CB,6,0,0,0,0,0.0,1,0,0,0,0,0,0,0,21/22,A
Klein,Sebastian,FAG,GK,8,0,0,0,0,0.0,0,0,0,0,0,0,0,0,21/22,A
Baranasic,Filip,HBW,GK,2,0,0,0,0,0.0,0,0,0,0,0,0,0,0,21/22,A
Baumgart,Luka,SCM,CB,1,0,0,0,0,0.0,0,0,0,0,0,0,0,0,21/22,A
Foege,Luis Plymford,TVB,RB,5,0,0,0,0,0.0,0,0,0,0,0,0,0,0,21/22,A
Bialowas,Yannik,HCE,LW,1,0,0,0,0,0.0,0,0,0,0,0,0,0,0,21/22,A
Wernlein,Felix,HAN,GK,3,0,0,0,0,0.0,0,0,0,0,0,0,0,0,21/22,A
Kraus,Dustin,BER,LB,1,0,0,0,0,0.0,0,0,0,0,0,0,0,0,21/22,A
Klama,Joonas,BHC,GK,4,0,0,0,0,0.0,0,0,0,0,0,0,0,0,21/22,A
Munzinger,Luca,HBW,RB,7,0,0,0,0,0.0,0,0,0,0,0,0,0,0,21/22,A
Ludwig,Lasse,BER,GK,3,0,0,0,0,0.0,0,0,0,0,0,0,0,0,21/22,A
Freihofer,Tim,BER,LW,1,0,0,0,0,0.0,0,0,0,0,0,0,0,0,21/22,A
Eissing,Felix,SCM,RW,2,0,0,0,0,0.0,0,0,0,0,0,0,0,0,21/22,A
Uscins,Renars,SCM,RB,1,0,0,0,0,0.0,0,0,0,0,0,0,0,0,21/22,A
Leppich,Jonas,BHC,P,2,0,0,0,0,0.0,0,0,0,0,0,0,0,0,21/22,A
Muhlenstadt,Timon,TBV,GK,5,0,0,0,0,0.0,0,0,0,0,0,0,0,0,21/22,A
Kaulitz,Tim,FAG,LW,2,0,0,0,0,0.0,0,0,0,0,0,0,0,0,21/22,A
Beekmann,Ben,MTM,LW,4,0,0,0,0,0.0,0,0,0,0,0,0,0,0,21/22,A
Spath,David,RNL,GK,9,0,0,0,0,0.0,0,1,0,0,0,0,0,0,21/22,A
Carstensen,Leve,TBV,LW,1,0,0,0,0,0.0,0,0,0,0,0,0,0,0,21/22,A
Hubke,Torben,SGF,P,1,0,0,0,0,0.0,0,0,0,0,0,0,0,0,21/22,A
Holpert,Magnus,GWD,CB,2,0,0,0,0,0.0,0,0,0,0,0,0,0,0,21/22,A
Wager,Philipp Maximilian,THW,LB,1,0,0,0,0,0.0,0,0,0,0,0,0,0,0,21/22,A
Saggau,Philip Hartwig,THW,GK,5,0,0,0,0,0.0,0,0,0,0,0,0,0,0,21/22,A
Blum,Matthis,RNL,CB,1,0,0,0,0,0.0,2,1,0,0,0,0,0,0,21/22,A
Feit,Thore,HSV,P,3,0,0,0,0,0.0,0,2,0,0,0,0,0,0,21/22,A
Blaauw,Niko,TBV,CB,27,0,0,0,0,0.0,8,5,0,1,0,1,0,0,21/22,A
Leun,Finn-Lukas,LEI,RB,2,0,0,0,0,0.0,0,0,0,0,0,0,0,0,21/22,A
Sajenev,Mika Laurin,LEI,P,1,0,0,0,0,0.0,0,0,0,0,0,0,0,0,21/22,A
Demerza,Alexej,GWD,LB,1,0,0,0,0,0.0,0,0,0,0,0,0,0,0,21/22,A
Scholtes,Elias,RNL,RB,2,0,0,0,0,0.0,0,0,0,0,0,0,0,0,21/22,A
Oetjen,Thore,TBV,P,1,0,0,0,0,0.0,0,1,0,0,0,0,0,0,21/22,A
Scheiner,Joshua,TVB,GK,1,0,0,0,0,0.0,0,0,0,0,0,0,0,0,21/22,A
Ayar,Koray,HAN,P,10,0,0,0,0,0.0,0,1,0,0,0,0,0,0,21/22,A
Herz,Christian,TBV,LB,1,0,0,0,0,0.0,0,0,0,0,0,0,0,0,21/22,A
Buchele,Julian,FAG,GK,3,0,0,0,0,0.0,0,0,0,0,0,0,0,0,21/22,A
Backhaus,Theodor Felix,SGF,GK,5,0,0,0,0,0.0,0,0,0,0,0,0,0,0,21/22,A
Grupe,Mats,RNL,GK,5,0,0,0,0,0.0,0,0,0,0,0,0,0,0,21/22,A
Hansen,Hark,TBV,RB,3,0,0,0,0,0.0,0,0,0,0,0,0,0,0,21/22,A
Bauder,Tim,HCE,LW,1,0,0,0,0,0.0,0,0,0,0,0,0,0,0,21/22,A
Okpara,Maduwuike,WET,P,5,0,0,0,0,0.0,0,0,0,0,0,0,0,0,21/22,A
Stoyke,Timo,GWD,P,2,0,0,0,0,0.0,0,0,0,0,0,1,0,0,21/22,A
Grabitz,Lucas,GWD,GK,2,0,0,0,0,0.0,0,0,0,0,0,0,0,0,21/22,A
Sahin,Rohat,MTM,P,10,0,0,0,0,0.0,0,0,0,0,0,0,0,0,21/22,A
Helmersson,Mikael,SGF,LB,2,0,0,0,0,0.0,0,0,0,0,0,0,0,0,21/22,A
Gunther,Ole,GWD,RB,1,0,0,0,0,0.0,0,0,0,0,0,0,0,0,21/22,A
Timmermeister,Robert,RNL,LB,2,0,0,0,0,0.0,0,0,0,0,0,0,0,0,21/22,A
Asheim,Havard,NLB,GK,32,0,0,0,0,0.0,3,0,0,0,0,0,0,0,21/22,A
Boczkowski,Leon,WET,CB,6,0,0,0,0,0.0,0,0,0,0,0,0,0,0,21/22,A
Ruddat,Elias,SCM,LW,2,0,0,0,0,0.0,0,0,0,0,0,0,0,0,21/22,A
Wollert,Ben,NLB,GK,2,0,0,0,0,0.0,0,0,0,0,0,0,0,0,21/22,A
Knuttel,Niklas,NLB,P,1,0,0,0,0,0.0,0,0,0,0,0,0,0,0,21/22,A
Adam,Frederik,SGF,LW,3,0,0,0,0,0.0,0,0,0,0,0,0,0,0,21/22,A
Pereira,Francisco,BER,RW,1,0,0,0,0,0.0,0,0,0,0,0,0,0,0,21/22,A
Depping,Luc,HAN,RW,5,0,0,0,0,0.0,2,0,0,0,0,0,0,0,21/22,A
Mauch,Jan Luca,TVB,RB,2,0,0,0,0,0.0,0,0,0,0,0,0,0,0,21/22,A
Greilich,Nils,LEI,LW,1,0,0,0,0,0.0,0,0,0,0,0,0,0,0,21/22,A
Widmaier,Maurice,TVB,CB,1,0,0,0,0,0.0,0,0,0,0,0,0,0,0,21/22,A
Grundel,Finn Luca,HSV,GK,1,0,0,0,0,0.0,0,0,0,0,0,0,0,0,21/22,A
Meinking,Marvin,NLB,RW,1,0,0,0,0,0.0,0,0,0,0,0,0,0,0,21/22,A
Wunsch,Joel,HAN,LW,2,0,0,0,0,0.0,0,0,0,0,0,0,0,0,21/22,A
Siebel,Lasse,TVB,RW,1,0,0,0,0,0.0,0,0,0,0,0,0,0,0,21/22,A
Wuzella,Daniel,SGF,CB,1,0,0,0,0,0.0,0,0,0,0,0,0,0,0,21/22,A
Bones,Paul,LEI,CB,1,0,0,0,0,0.0,0,0,0,0,0,0,0,0,21/22,A
Hacker,Franz,LEI,LB,1,0,0,0,0,0.0,0,0,0,0,0,0,0,0,21/22,A
Schroder,Nils,HAN,LB,2,0,0,0,0,0.0,0,0,0,0,0,0,0,0,21/22,A
Peter,Staffan,LEI,RW,1,0,0,0,0,0.0,0,0,0,0,0,0,0,0,21/22,A
Dieffenbacher,Ron Yunis,BER,P,4,0,0,0,0,0.0,0,0,0,0,0,0,0,0,21/22,A
Pinski,Alexander,HSV,GK,1,0,0,0,0,0.0,0,0,0,0,0,0,0,0,21/22,A
Most,Alex Wolfgang,HSV,P,3,0,0,0,0,0.0,0,0,0,0,0,0,0,0,21/22,A
Schnitter,Jannis,HSV,LB,1,0,0,0,0,0.0,0,0,0,0,0,0,0,0,21/22,A
Battermann,Ben Connar,THW,LB,1,0,0,0,0,0.0,0,1,1,0,0,0,0,0,21/22,A
Bendiks,Bo Asmuss,SGF,GK,1,0,0,0,0,0.0,0,0,0,0,0,0,0,0,21/22,A
Mortensen,Casper,HSV,LW,32,234,100,162,72,0.7006,9,24,18,0,1,6,0,0,22/23,A
Knorr,Juri,RNL,CB,34,213,116,130,83,0.6474,126,90,4,3,1,3,1,0,22/23,A
Blohme,Lukas,GUM,RW,34,192,76,179,13,0.7164,15,18,12,1,2,11,2,0,22/23,A
Smits,Kay,SCM,RB,34,190,80,116,74,0.7037,58,32,4,2,0,5,0,0,22/23,A
Jakobsen,Emil,SGF,LW,34,168,55,115,53,0.7534000000000001,6,14,2,0,2,4,0,0,22/23,A
Steinert,Christoph,HCE,RB,31,166,83,81,85,0.6667000000000001,42,34,6,5,1,4,0,0,22/23,A
Lindberg,Hans,BER,RW,28,156,43,74,82,0.7839,3,9,7,0,0,2,1,0,22/23,A
Zehnder,Samuel,TBV,LW,27,155,48,88,67,0.7635,3,8,8,0,0,2,0,0,22/23,A
Kristjansson,Gisli Thorgeir,SCM,CB,31,152,65,152,0,0.7005,107,69,1,3,1,5,0,0,22/23,A
Rubin,Lenny,WET,LB,33,152,134,152,0,0.5315,56,47,9,18,2,18,0,0,22/23,A
Schiller,Marcel,FAG,LW,27,146,61,66,80,0.7053,5,5,9,0,0,1,0,0,22/23,A
Mappes,Dominik,GUM,CB,24,141,87,95,46,0.6184000000000001,85,32,2,0,0,1,0,0,22/23,A
Koster,Julian,GUM,LB,34,140,106,140,0,0.5690999999999999,157,89,10,26,2,16,0,0,22/23,A
Versteijnen,Niels Gerardus,TBV,RB,34,140,113,139,1,0.5534,72,66,4,4,2,10,1,0,22/23,A
Groetzki,Patrick,RNL,RW,33,139,43,139,0,0.7637,25,17,14,1,1,8,0,0,22/23,A
Golla,Johannes,SGF,P,33,139,43,139,0,0.7637,24,18,13,21,5,17,0,0,22/23,A
Gidsel,Mathias,BER,RB,27,139,64,139,0,0.6847,79,49,14,0,3,3,0,0,22/23,A
Ekberg,Niclas,THW,RW,32,137,44,64,73,0.7569,7,8,9,1,0,2,0,0,22/23,A
Huesmann,Fabian,ASV,LW,32,137,67,69,68,0.6716,1,14,8,1,2,8,0,0,22/23,A
Holm,Jacob,BER,CB,34,137,89,137,0,0.6062,65,43,3,0,1,2,0,0,22/23,A
Andersen,Frederik Bo,HSV,RW,33,137,40,120,17,0.774,9,9,10,0,0,5,0,0,22/23,A
Darmoul,Mohamed Amine,GWD,CB,26,137,65,123,14,0.6781999999999999,31,48,6,0,0,8,0,0,22/23,A
Baijens,Dani,HSV,CB,34,136,113,136,0,0.5462,104,73,4,0,5,12,1,0,22/23,A
Pfattheicher,Sascha,TVB,RW,33,135,57,114,21,0.7031000000000001,3,16,8,0,2,2,0,0,22/23,A
Kristjansson,Viggo,LEI,RB,23,135,74,78,57,0.6459,72,59,5,1,1,10,0,0,22/23,A
Arnesson,Linus,BHC,CB,30,130,77,82,48,0.628,121,58,13,2,4,11,0,0,22/23,A
Hutecek,Lukas,TBV,CB,34,127,70,127,0,0.6446999999999999,136,60,10,6,1,4,0,0,22/23,A
Lonn,Adam,TVB,LB,34,124,104,124,0,0.5439,57,60,3,10,6,23,3,0,22/23,A
Bilyk,Nikola,THW,LB,33,124,75,124,0,0.6231,50,34,3,1,1,1,0,0,22/23,A
Ladefoged,Frederik,BHC,P,34,122,42,122,0,0.7439,8,39,4,15,7,30,2,0,22/23,A
Ahouansou,Philipp,RNL,LB,31,122,107,122,0,0.5328,33,46,8,4,4,8,0,0,22/23,A
Kohlbacher,Jannik,RNL,P,32,121,47,121,0,0.7202,15,29,9,11,5,16,1,0,22/23,A
Vidarsson,Ellidi Snaer,GUM,P,34,121,56,121,0,0.6836,18,28,6,26,3,23,1,0,22/23,A
Sarac,Josip,FAG,LB,34,121,84,121,0,0.5902000000000001,49,43,16,19,4,13,1,0,22/23,A
Hafner,Kai,MTM,RB,31,118,81,118,0,0.593,67,47,3,0,0,3,0,0,22/23,A
Jeppsson,Simon,HCE,LB,33,118,115,112,6,0.5064,87,74,3,1,1,0,0,0,22/23,A
Zerbe,Lukas,TBV,RW,33,118,44,103,15,0.7284,4,10,8,2,2,5,0,0,22/23,A
Gerbl,Maximilian,HAN,RW,34,117,39,56,61,0.75,6,6,9,1,3,4,0,0,22/23,A
Steinhauser,Marius,HAN,RW,29,114,41,80,34,0.7354999999999999,0,7,8,0,4,7,0,0,22/23,A
Wiesmach,Patrick,LEI,RW,33,114,45,114,0,0.7170000000000001,11,15,20,0,1,7,0,0,22/23,A
Reinkind,Harald,THW,RB,34,113,93,113,0,0.5485,86,43,4,1,1,5,0,0,22/23,A
Savvas,Savvas,ASV,LB,34,112,113,97,15,0.4978,45,55,3,1,2,2,1,0,22/23,A
Lassen,Jacob Arenth,HSV,RB,23,112,87,112,0,0.5628,107,55,4,3,2,7,0,0,22/23,A
Casado Marcelo,Agustin,MTM,LB,33,112,103,108,4,0.5209,116,95,16,4,0,7,1,0,22/23,A
Suton,Tim,TBV,CB,33,111,61,108,3,0.6453,78,37,4,6,4,16,1,0,22/23,A
Andersson,Lasse Bredekjaer,BER,LB,28,111,82,111,0,0.5751,69,31,23,2,5,10,0,0,22/23,A
Damgaard,Michael,SCM,LB,34,108,84,108,0,0.5625,28,18,3,0,0,2,0,0,22/23,A
Ivic,Sime,LEI,RB,33,108,98,94,14,0.5243,41,37,8,5,5,18,0,0,22/23,A
Witzke,Luca,LEI,CB,27,108,79,108,0,0.5775,98,50,7,2,1,4,0,0,22/23,A
Marsenic,Mijajlo,BER,P,33,108,43,108,0,0.7152,5,23,11,25,6,27,1,0,22/23,A
Gensheimer,Uwe,RNL,LW,23,107,57,60,47,0.6524,7,6,3,0,0,6,0,0,22/23,A
Beyer,Noah,BHC,LW,30,107,46,88,19,0.6993,4,13,3,1,0,6,0,0,22/23,A
Hansen,Johan,SGF,RW,32,107,67,93,14,0.6149,1,9,9,0,0,2,0,0,22/23,A
Vujovic,Branko,HAN,RB,31,105,92,97,8,0.5329999999999999,81,50,16,1,2,3,0,0,22/23,A
Von Boenigk,Jan,ASV,RB,32,104,72,104,0,0.5909,73,71,10,2,2,6,0,0,22/23,A
Schmidt,David,FAG,RB,32,103,88,103,0,0.5393,30,17,1,1,7,15,1,0,22/23,A
Korte,Mats,GWD,LW,34,103,41,72,31,0.7153,10,6,15,3,0,5,0,0,22/23,A
Mensing,Hans Aaron,SGF,LB,27,103,69,103,0,0.5988,55,18,0,0,2,1,0,0,22/23,A
Magnusson,Omar Ingi,SCM,RB,15,102,39,52,50,0.7234,59,30,5,1,0,4,0,0,22/23,A
Hornke,Tim,SCM,RW,32,101,33,95,6,0.7537,7,9,5,0,1,6,0,0,22/23,A
Kulesh,Uladzislau,HAN,LB,31,101,98,101,0,0.5075,39,34,9,1,1,6,0,0,22/23,A
Hanusz,Egon,TVB,CB,34,98,57,88,10,0.6323,57,63,3,0,1,2,0,0,22/23,A
Fernandez Jimenez,Daniel,TVB,LW,32,98,34,63,35,0.7424,1,10,14,1,0,0,1,0,22/23,A
Budel,Nico,HCE,CB,34,97,50,97,0,0.6598999999999999,77,48,8,1,4,28,3,0,22/23,A
Bissel,Christopher,HCE,LW,33,97,52,97,0,0.6509999999999999,23,26,25,2,2,15,0,0,22/23,A
Rod,Magnus,SGF,RB,31,97,71,97,0,0.5774,70,32,7,17,1,16,1,0,22/23,A
Stutzke,Lukas,BHC,LB,28,95,80,95,0,0.5428999999999999,40,34,1,7,5,16,0,0,22/23,A
Wiencek,Patrick,THW,P,34,94,37,94,0,0.7176,5,19,9,12,5,22,1,0,22/23,A
Brozovic,Ilija,HAN,P,34,94,35,94,0,0.7287,9,19,4,9,2,13,2,0,22/23,A
Lagergren,Albin,RNL,RB,33,94,62,92,2,0.6026,107,42,5,2,0,1,0,0,22/23,A
Novak,Domen,WET,RW,31,93,43,52,41,0.6838,4,10,5,1,1,11,0,0,22/23,A
Binder,Lukas,LEI,LW,33,92,34,92,0,0.7302,11,10,14,1,0,8,0,0,22/23,A
Olsson,Hampus,HCE,RW,28,92,31,83,9,0.748,2,12,10,0,1,1,0,0,22/23,A
Babak,Tomas,BHC,CB,31,91,55,91,0,0.6233,80,60,5,0,0,4,0,0,22/23,A
Weller,Niklas,HSV,P,33,91,36,91,0,0.7165,11,29,3,14,1,21,3,1,22/23,A
Urban,Tomas,GWD,RW,33,90,74,85,5,0.5488000000000001,32,33,13,0,0,7,0,0,22/23,A
Johansson,Eric,THW,LB,23,89,54,89,0,0.6224000000000001,55,30,3,3,1,6,0,0,22/23,A
Sagosen,Sander,THW,CB,21,88,49,86,2,0.6423000000000001,60,23,1,0,1,7,0,0,22/23,A
Kirkelokke,Niclas,RNL,RB,33,88,60,88,0,0.5946,58,36,5,3,1,9,0,0,22/23,A
Wiede,Fabian,BER,RB,32,84,54,84,0,0.6087,86,52,5,3,4,8,1,0,22/23,A
Zechel,Tim,HCE,P,33,84,28,84,0,0.75,18,18,1,9,5,16,0,0,22/23,A
Saugstrup,Magnus,SCM,P,20,84,27,83,1,0.7568,9,12,10,13,8,9,0,0,22/23,A
Orlowski,Marian,ASV,LB,30,83,77,76,7,0.5188,40,41,3,3,0,6,0,0,22/23,A
Firnhaber,Sebastian,HCE,P,34,83,30,83,0,0.7345,13,21,12,17,6,21,2,0,22/23,A
Bornemann,Andreas,ASV,RB,34,83,95,83,0,0.46630000000000005,23,33,2,2,5,11,1,0,22/23,A
Moller,Lasse,SGF,LB,33,83,58,73,10,0.5887,46,30,3,1,0,3,0,0,22/23,A
Klima,Matej,LEI,LB,25,83,54,83,0,0.6058,46,35,3,7,1,9,2,0,22/23,A
Kodrin,Tilen,GUM,LW,32,82,38,82,0,0.6833,2,10,6,2,4,8,1,0,22/23,A
Jansen,Tom,GUM,RB,33,80,87,80,0,0.479,82,42,6,7,0,6,0,0,22/23,A
Gomes,Andre,MTM,LB,34,80,81,80,0,0.49689999999999995,20,27,3,0,0,4,0,0,22/23,A
Lindenchrone Andersen,Jon,FAG,RB,34,79,62,79,0,0.5603,53,63,3,4,1,6,0,0,22/23,A
Kneule,Tim,FAG,CB,34,77,69,77,0,0.5274,42,48,3,1,4,10,1,0,22/23,A
Guardiola,Gedeon,TBV,P,33,77,39,77,0,0.6638,9,19,9,15,2,4,0,0,22/23,A
Vujovic,Milos,BER,LW,34,77,23,66,11,0.77,8,7,6,0,0,4,1,0,22/23,A
Axmann,Dominik,HSV,LB,32,76,56,76,0,0.5758,57,30,8,10,6,17,1,0,22/23,A
Valiullin,Azat,HSV,LB,34,75,76,75,0,0.49670000000000003,33,31,6,6,2,18,0,0,22/23,A
Kozina,Kresimir,FAG,P,34,75,35,75,0,0.6818000000000001,7,30,2,6,5,26,2,0,22/23,A
Sunnefeldt,Oskar,LEI,LB,26,75,63,75,0,0.5435,38,30,5,7,3,11,1,0,22/23,A
Freihofer,Tim,BER,LW,33,74,33,74,0,0.6916,1,0,6,0,0,2,0,0,22/23,A
Zieker,Patrick,TVB,LW,33,73,35,59,14,0.6759000000000001,7,11,1,0,0,5,1,0,22/23,A
Mensah Larsen,Mads,SGF,CB,34,73,62,73,0,0.5407,80,44,4,4,3,8,1,0,22/23,A
Arnarsson,Arnar Freyr,MTM,P,34,73,20,73,0,0.7848999999999999,4,23,2,9,5,10,0,0,22/23,A
Sogard,Goran,SGF,LB,34,72,51,72,0,0.5854,40,44,2,0,3,8,0,0,22/23,A
Laerke,Emil Buhl,TBV,LB,32,72,92,72,0,0.439,34,33,0,0,1,3,0,0,22/23,A
Heiny,Lutz,HCE,LB,34,71,59,71,0,0.5462,43,33,2,2,0,4,1,0,22/23,A
Forsell Schefvert,Olle,RNL,LB,32,71,24,71,0,0.7474,67,31,13,25,6,15,1,0,22/23,A
Gulliksen,Kevin Maageroe,FAG,RW,23,71,39,56,15,0.6455,6,3,2,0,3,1,0,0,22/23,A
Pieczkowski,Niclas,GWD,CB,27,70,75,70,0,0.4828,53,66,6,2,2,5,1,0,22/23,A
Mertens,Lukas,SCM,LW,34,70,28,70,0,0.7143,18,8,7,0,0,1,0,0,22/23,A
Jonsson,Elvar Orn,MTM,CB,23,70,60,70,0,0.5385,36,29,8,14,0,6,1,0,22/23,A
Duvnjak,Domagoj,THW,CB,34,68,34,68,0,0.6667000000000001,48,14,20,2,2,8,0,0,22/23,A
Mellegard,Emil,WET,LW,33,68,46,68,0,0.5965,8,7,5,1,2,11,0,0,22/23,A
Bitsch,Mathias,GWD,RB,32,68,90,68,0,0.4304,44,44,11,1,0,1,0,0,22/23,A
Helander,Benjamin,RNL,LW,33,68,30,68,0,0.6939,3,7,2,0,1,3,0,0,22/23,A
Nyfjall,Adam,WET,P,32,68,27,68,0,0.7158,6,10,4,4,3,12,1,0,22/23,A
Drux,Paul,BER,LB,26,67,31,67,0,0.6837000000000001,46,26,7,3,2,8,0,0,22/23,A
Kastening,Timo,MTM,RW,16,67,29,35,32,0.6979000000000001,7,5,5,0,0,1,0,0,22/23,A
Hafner,Max,TVB,CB,34,67,72,67,0,0.48200000000000004,60,38,3,1,1,3,0,0,22/23,A
Landin,Magnus,THW,LW,29,67,32,52,15,0.6768000000000001,6,11,6,2,2,13,0,0,22/23,A
Weber,Philipp,SCM,CB,32,65,47,63,2,0.5804,34,28,1,1,1,3,0,0,22/23,A
Brosch,Jan,TBV,P,33,65,23,65,0,0.7386,8,24,3,11,1,18,2,0,22/23,A
Nilsson,Lukas,RNL,LB,25,65,41,65,0,0.6132,33,30,3,0,2,1,0,0,22/23,A
Weissgerber,Lars,WET,RW,34,64,31,42,22,0.6737000000000001,2,8,4,0,0,3,0,0,22/23,A
Michalczik,Marian,HAN,LB,34,64,42,64,0,0.6038,168,85,8,11,4,20,0,0,22/23,A
Uscins,Renars,HAN,RB,27,64,49,64,0,0.5664,35,36,2,1,0,6,0,0,22/23,A
Gebala,Maciej,LEI,P,29,63,18,63,0,0.7778,8,11,7,14,3,9,0,0,22/23,A
Wieling,Tim,ASV,RW,31,63,33,61,2,0.6563,5,8,5,0,0,4,0,0,22/23,A
Maric,Marino,LEI,P,34,62,29,62,0,0.6812999999999999,4,37,2,1,0,4,0,0,22/23,A
Zintel,Bjorn,ASV,CB,20,61,58,61,0,0.5126,39,35,3,2,1,5,0,0,22/23,A
Cavor,Stefan,WET,RB,16,61,61,61,0,0.5,28,33,5,2,2,2,0,0,22/23,A
Pregler,Ole,GUM,CB,34,61,58,61,0,0.5126,54,46,2,0,1,4,0,0,22/23,A
Mandic,David,MTM,LW,27,60,32,60,0,0.6522,6,15,8,1,0,9,0,0,22/23,A
Dayan,Yonatan,ASV,CB,34,60,41,60,0,0.5941,34,40,6,0,0,2,0,0,22/23,A
Feise,Hannes,HAN,LW,34,59,35,59,0,0.6277,10,10,5,3,7,9,2,0,22/23,A
Malus,Jaka,FAG,CB,33,59,52,59,0,0.5315,22,26,2,0,0,2,1,0,22/23,A
Persson,Isak,BHC,RW,32,59,23,53,6,0.7195,3,8,1,0,0,3,0,0,22/23,A
Wagner,Hendrik,WET,LB,32,59,55,58,1,0.5175,25,19,4,9,6,10,0,0,22/23,A
Lipovina,Vladan,SCM,RB,35,58,75,58,0,0.4361,35,20,2,2,3,6,1,0,22/23,A
Buchner,Vincent,HAN,LW,28,58,23,58,0,0.716,4,7,19,0,0,3,0,0,22/23,A
Jaganjac,Halil,RNL,LB,13,58,29,58,0,0.6667000000000001,25,15,3,5,1,10,0,0,22/23,A
Styrmisson,Hakon Dadi,GUM,LW,31,58,38,46,12,0.6042000000000001,3,7,2,0,0,2,0,0,22/23,A
Ernst,Simon,LEI,CB,34,57,40,57,0,0.5876,74,39,8,26,8,21,4,0,22/23,A
Ellebaek,Tobias,FAG,LB,28,57,71,57,0,0.44530000000000003,48,33,1,1,0,7,0,0,22/23,A
Weber,Robert,BER,RW,15,56,20,32,24,0.7368000000000001,2,2,2,0,0,0,0,0,22/23,A
Schmidt,Erik,WET,P,32,56,17,56,0,0.7670999999999999,8,24,3,19,3,25,1,0,22/23,A
Martinovic,Ivan,MTM,RB,15,56,41,28,28,0.5772999999999999,24,8,2,0,1,3,0,0,22/23,A
Sebetic,Luka,GWD,RB,25,54,54,54,0,0.5,20,29,1,4,2,19,1,0,22/23,A
Mavers,Veit,HAN,CB,31,54,35,53,1,0.6067,31,29,0,2,0,3,0,0,22/23,A
Sellin,Johannes,HCE,RW,33,53,28,53,0,0.6543000000000001,7,9,5,0,0,3,0,0,22/23,A
Weck,Alexander,BHC,LB,33,53,53,53,0,0.5,51,29,0,1,0,3,0,0,22/23,A
Forstbauer,Jan,TVB,RB,30,52,64,52,0,0.4483,26,38,2,1,4,11,0,0,22/23,A
Hald Jensen,Simon,SGF,P,32,52,16,52,0,0.7646999999999999,6,11,5,49,5,20,0,0,22/23,A
Tissier,Leif,HSV,CB,20,51,31,51,0,0.622,54,24,2,0,0,4,1,0,22/23,A
Horzen,Kristjan,RNL,P,34,51,20,51,0,0.7182999999999999,6,11,1,2,1,9,0,0,22/23,A
Pevnov,Evgeni,HAN,P,27,50,17,50,0,0.7463,7,10,8,12,1,8,1,0,22/23,A
Musche,Matthias,SCM,LW,30,50,21,50,0,0.7042,5,6,5,0,0,4,0,0,22/23,A
Pekeler,Hendrik,THW,P,23,50,24,50,0,0.6757,10,8,3,6,3,6,1,0,22/23,A
Blagotinsek,Blaz,FAG,P,32,50,15,50,0,0.7692,8,15,5,30,8,26,1,0,22/23,A
Metzner,Antonio,HCE,RB,23,50,36,50,0,0.5814,29,32,5,2,2,9,1,0,22/23,A
Muller,Jerome,TVB,RB,22,50,64,50,0,0.4386,30,32,3,0,0,4,0,0,22/23,A
Staar,Max,GWD,RW,31,50,43,50,0,0.5376,13,13,25,2,3,9,1,0,22/23,A
Nothdurft,Tim,BHC,LW,20,50,15,50,0,0.7692,1,8,2,2,0,5,0,0,22/23,A
Ignatow,Dimitri,MTM,RW,33,50,18,50,0,0.7353000000000001,5,5,6,1,0,3,0,0,22/23,A
Overby,Petter,THW,P,34,50,13,50,0,0.7937000000000001,8,6,3,7,4,20,1,0,22/23,A
Bergendahl,Oscar,TVB,P,27,49,20,49,0,0.7101000000000001,0,13,1,4,6,16,0,0,22/23,A
Nikolaisen,Tom Kare,BHC,P,32,49,21,49,0,0.7,7,15,3,25,9,23,0,0,22/23,A
Fischer,Justus,HAN,P,29,49,14,49,0,0.7778,9,9,8,6,2,10,0,0,22/23,A
Meister,Lucas,SCM,P,33,48,20,48,0,0.7059000000000001,2,12,1,3,5,13,0,0,22/23,A
Magaard,Andreas,HSV,P,26,48,15,48,0,0.7619,4,8,0,1,0,5,0,0,22/23,A
Zehnder,Manuel,HCE,CB,34,48,45,48,0,0.5161,21,32,1,0,0,1,0,0,22/23,A
Gottfridsson,Jim,SGF,CB,18,47,12,46,1,0.7966,66,25,3,0,0,5,0,0,22/23,A
Bauer,Stefan,ASV,P,30,47,35,47,0,0.5732,8,22,4,14,7,25,1,0,22/23,A
Goller,Axel,FAG,RW,34,46,30,36,10,0.6053000000000001,4,7,2,0,1,6,0,0,22/23,A
Schulze,Alexander,ASV,LW,34,46,35,46,0,0.5679,6,12,5,5,1,6,0,0,22/23,A
Schagen,Bobby,TBV,RW,32,45,18,43,2,0.7143,15,14,3,0,0,1,0,0,22/23,A
Gunnarsson,Arnor Thor,BHC,RW,33,45,18,42,3,0.7143,0,5,2,0,0,1,1,0,22/23,A
Pettersson,Daniel,SCM,RW,28,45,17,45,0,0.7258,1,4,1,2,0,1,0,0,22/23,A
Kalarash,Gleb,MTM,P,34,45,19,45,0,0.7031000000000001,4,9,10,21,4,30,2,0,22/23,A
Scholtes,Elias,RNL,RB,21,45,51,45,0,0.46880000000000005,19,20,1,0,1,3,0,0,22/23,A
Weinhold,Steffen,THW,RB,15,44,27,44,0,0.6197,28,12,2,0,1,9,1,0,22/23,A
M'Bengue,Djibril,BHC,RB,31,44,55,44,0,0.44439999999999996,20,33,1,5,2,23,2,0,22/23,A
Malasinskas,Aidenas,MTM,CB,34,44,38,22,22,0.5366,40,38,2,0,0,3,0,0,22/23,A
Schelker,Jonas,WET,RB,33,44,44,44,0,0.5,26,47,2,1,1,1,0,0,22/23,A
O'Sullivan,Christian,SCM,CB,33,43,24,43,0,0.6418,51,16,6,14,3,15,0,0,22/23,A
Becher,Lukas,WET,LW,32,43,22,23,20,0.6615000000000001,1,5,1,0,0,2,0,0,22/23,A
Kranzmann,Florian,GWD,LW,27,43,16,32,11,0.7288,3,3,3,0,1,2,0,0,22/23,A
Fraatz,Yannick,BHC,RW,35,42,18,41,1,0.7,2,4,4,0,0,0,0,0,22/23,A
Zarabec,Miha,THW,CB,34,42,40,42,0,0.5122,18,25,1,0,1,0,0,0,22/23,A
Wallinius,Karl,THW,LB,26,42,34,42,0,0.5526,23,13,1,1,0,2,0,0,22/23,A
Moraes Ferreira,Rogerio,MTM,P,16,41,14,41,0,0.7454999999999999,3,20,2,11,1,4,0,0,22/23,A
Sliskovic,Ivan,TVB,LB,24,41,47,41,0,0.46590000000000004,13,22,2,5,1,7,0,0,22/23,A
Fredriksen,Magnus,WET,CB,26,41,49,41,0,0.4556,60,45,4,3,0,2,0,0,22/23,A
Pedersen,August Baskar,SGF,LW,34,41,14,41,0,0.7454999999999999,0,0,3,0,0,1,0,0,22/23,A
Kuhn,Julius,MTM,LB,21,40,43,40,0,0.4819,15,17,0,5,2,9,0,0,22/23,A
Dahmke,Rune,THW,LW,32,40,14,40,0,0.7406999999999999,7,7,3,2,0,2,0,0,22/23,A
Krzikalla,Lucas,LEI,RW,33,40,19,29,11,0.6779999999999999,0,3,1,0,0,1,0,0,22/23,A
Nikolic,Jovica,WET,RB,22,40,24,40,0,0.625,16,26,0,0,3,11,0,0,22/23,A
Hermann,Till,FAG,LW,33,39,20,39,0,0.6609999999999999,2,4,1,0,1,1,0,0,22/23,A
Schluroff,Miro,GUM,LB,29,39,35,39,0,0.527,27,16,1,1,0,8,1,0,22/23,A
Darj,Max,BER,P,34,37,25,37,0,0.5968,6,23,2,7,2,16,0,0,22/23,A
Schwarzer,Kian,TBV,LW,32,36,12,36,0,0.75,6,2,7,0,0,2,0,0,22/23,A
Semper,Franz,SGF,RB,31,35,28,35,0,0.5556,16,11,1,2,0,3,0,0,22/23,A
Zeman,Stepan,GUM,P,34,35,14,35,0,0.7143,1,19,1,17,9,26,5,0,22/23,A
Nicolaus,Fynn-Luca,TVB,LB,34,35,11,35,0,0.7609,9,13,3,5,3,11,0,0,22/23,A
Pretzewofsky,Jan,ASV,RW,33,34,31,34,0,0.5231,2,5,4,0,0,2,0,0,22/23,A
Matthes,Tim,LEI,LW,34,34,16,34,0,0.68,0,6,4,0,0,5,0,0,22/23,A
Einarsson,Teitur Orn,SGF,RB,32,34,37,34,0,0.4789,16,15,4,1,1,2,0,0,22/23,A
Simak,Frederik,TBV,LB,27,32,13,31,1,0.7111,31,13,3,19,0,14,0,0,22/23,A
Serrano Villalobos,Jorge,TVB,RW,31,32,21,28,4,0.6038,4,4,1,0,0,2,0,0,22/23,A
Edvardsson,Jonathan,HAN,CB,15,31,26,31,0,0.5439,22,23,4,1,2,2,0,0,22/23,A
Lichtlein,Nils,BER,CB,33,31,17,31,0,0.6457999999999999,10,17,0,0,0,1,0,0,22/23,A
Johannsson,Sveinn,GWD,P,16,30,16,30,0,0.6522,2,13,2,4,3,14,2,0,22/23,A
Gutbrod,Fabian,BHC,LB,24,28,28,28,0,0.5,16,16,0,0,0,3,0,0,22/23,A
Haseler,Mathis,GUM,RW,22,28,8,28,0,0.7778,1,1,1,1,0,0,0,0,22/23,A
Bergemann,Thies,HSV,RW,31,27,7,27,0,0.7940999999999999,1,3,0,0,0,2,0,0,22/23,A
Pehlivan,Doruk,GWD,LB,19,26,20,26,0,0.5652,19,15,4,4,1,7,0,0,22/23,A
Hakaj,Besard,GWD,P,15,26,9,26,0,0.7429000000000001,2,10,2,6,1,19,2,0,22/23,A
Patrail,Mait,ASV,LB,33,25,21,25,0,0.5435,17,7,11,11,5,7,0,0,22/23,A
Kuzmanovski,Filip,HAN,LB,24,25,21,24,1,0.5435,16,21,3,2,1,6,1,0,22/23,A
Holpert,Magnus,GWD,CB,25,25,18,25,0,0.5814,6,23,2,0,0,0,0,0,22/23,A
Asensio Cambra,Carles,GWD,P,9,25,16,25,0,0.6098,2,8,3,6,1,4,0,0,22/23,A
Schroven,Finn,GUM,RW,30,24,23,23,1,0.5106,37,20,0,0,0,0,0,0,22/23,A
Preuss,Moritz,LEI,P,16,22,11,22,0,0.6667000000000001,1,3,1,1,1,3,0,0,22/23,A
Meschke,Benjamin,ASV,P,23,21,8,21,0,0.7241,0,12,1,2,1,9,1,0,22/23,A
Guardiola,Isaias,TBV,RB,27,21,29,21,0,0.42,22,10,1,3,1,5,3,0,22/23,A
Theilinger,Nicolai,HSV,RB,29,19,27,19,0,0.413,16,19,1,1,2,10,0,0,22/23,A
Bezjak,Marko,SCM,CB,33,19,7,19,0,0.7308,27,22,18,2,1,5,0,0,22/23,A
Hanne,Martin,HAN,LB,13,19,22,19,0,0.46340000000000003,11,17,0,0,0,3,0,0,22/23,A
Fuchs,Julian,MTM,RW,22,19,8,19,0,0.7037,0,1,3,0,0,0,0,0,22/23,A
Drosten,Florian,MTM,LW,32,19,10,19,0,0.6552,0,5,5,2,0,0,0,0,22/23,A
Truchanovicius,Jonas,TVB,LB,8,18,10,18,0,0.6429,14,14,0,2,1,3,0,0,22/23,A
Gislason,Ymir Orn,RNL,P,33,18,8,18,0,0.6923,4,8,7,11,3,18,0,0,22/23,A
Duarte Brito,Gilberto,FAG,LB,27,18,15,18,0,0.5455,35,13,3,9,1,10,0,0,22/23,A
Stuber,Jonas,GUM,P,29,18,7,18,0,0.72,0,4,0,0,0,1,0,0,22/23,A
Richtzenhain,Justus Nicolas,GWD,P,12,17,6,17,0,0.7391,2,9,0,2,3,12,2,0,22/23,A
Fath,Steffen,HCE,LB,16,14,17,14,0,0.45159999999999995,7,9,2,0,0,4,0,0,22/23,A
Janke,Maximilian,GWD,CB,30,14,20,14,0,0.4118,23,13,7,8,5,10,1,0,22/23,A
Bialowas,Yannik,HCE,LW,34,14,8,14,0,0.6364,0,2,0,0,0,1,0,0,22/23,A
Cepic,Radojica,WET,CB,19,14,8,14,0,0.6364,11,12,2,3,0,0,0,0,22/23,A
Schonningsen,Simen,BHC,RB,16,13,12,13,0,0.52,14,12,1,0,0,1,0,0,22/23,A
Rothlisberger,Samuel,TVB,P,34,12,5,12,0,0.7059000000000001,7,5,5,25,5,14,0,0,22/23,A
Kopljar,Marko,BER,RB,34,11,16,11,0,0.40740000000000004,15,5,4,20,7,17,0,0,22/23,A
Mamic,Marko,LEI,LB,12,11,11,11,0,0.5,9,11,5,7,3,8,0,0,22/23,A
Leventoux,Remi,ASV,P,9,10,6,10,0,0.625,1,3,0,5,0,8,0,0,22/23,A
Schottle,Nico,TVB,LB,19,10,20,10,0,0.3333,4,7,1,0,0,1,0,0,22/23,A
Carstensen,Leve,TBV,LW,7,9,8,9,0,0.5294,0,2,0,0,0,3,0,0,22/23,A
Kiesler,Tom,GUM,LB,34,8,3,8,0,0.7273000000000001,3,4,21,8,4,20,1,0,22/23,A
Leun,Finn-Lukas,LEI,RB,9,8,5,8,0,0.6154,1,4,0,0,0,0,0,0,22/23,A
Sajenev,Mika Laurin,LEI,P,32,8,3,8,0,0.7273000000000001,1,3,0,3,1,0,0,0,22/23,A
Stoyke,Timo,GWD,P,15,8,6,8,0,0.5714,2,2,0,2,4,5,0,0,22/23,A
Hermeling,Fynn Lukas,GWD,LB,4,8,4,8,0,0.6667000000000001,0,1,0,0,0,0,0,0,22/23,A
Jungmann,Jonah,GWD,CB,7,8,3,8,0,0.7273000000000001,4,9,0,0,0,0,0,0,22/23,A
Schimmelbauer,Tobias,HSV,LW,32,7,4,7,0,0.6364,3,1,1,6,2,14,2,1,22/23,A
Jotic,Lovro,LEI,CB,6,7,9,7,0,0.4375,2,3,2,0,0,1,0,0,22/23,A
Pavlovic,Domagoj,MTM,CB,14,7,13,7,0,0.35,4,5,2,0,0,2,0,0,22/23,A
Kurch,Justin,HCE,P,21,7,1,7,0,0.875,0,0,0,1,0,3,0,0,22/23,A
Ehrig,Sven,THW,RW,4,7,5,7,0,0.5832999999999999,0,0,1,0,0,0,0,0,22/23,A
Neudeck,Oskar,FAG,LB,12,7,2,6,1,0.7778,1,3,0,0,0,1,0,0,22/23,A
Seitz,Stephan,HCE,RB,15,7,9,7,0,0.4375,2,10,0,0,0,2,1,0,22/23,A
Michalski,Niklas,RNL,RW,29,7,3,7,0,0.7,0,1,3,0,0,0,0,0,22/23,A
More,David,RNL,LW,6,7,0,7,0,1.0,0,0,0,0,0,0,0,0,22/23,A
Link,Nikolai,HCE,LB,33,6,4,6,0,0.6,7,1,5,12,1,24,2,0,22/23,A
Lindskog,Anton,SGF,P,26,6,2,6,0,0.75,3,2,3,7,1,9,0,0,22/23,A
Bergner,Tom,BHC,P,18,6,3,6,0,0.6667000000000001,3,2,0,0,0,1,0,0,22/23,A
Pliuto,Nikita,WET,P,14,6,1,6,0,0.8571,0,0,0,0,0,0,0,0,22/23,A
Vignjevic,Marko,GWD,LB,4,6,12,6,0,0.3333,5,2,0,0,0,2,0,0,22/23,A
Feit,Thore,HSV,P,22,6,0,6,0,1.0,0,1,0,0,0,0,0,0,22/23,A
Schmitz,Tobias,BHC,LW,16,6,3,6,0,0.6667000000000001,0,2,0,0,0,0,0,0,22/23,A
Portner,Nikola,SCM,GK,34,5,3,5,0,0.625,7,3,1,0,0,2,0,0,22/23,A
Blaauw,Niko,TBV,CB,33,5,5,5,0,0.5,6,9,0,0,0,1,0,0,22/23,A
Ohl,Paul,GUM,LB,6,5,3,5,0,0.625,0,0,0,0,0,0,0,0,22/23,A
Ossenkopp,Lukas,HSV,LB,17,4,2,4,0,0.6667000000000001,0,2,0,0,1,1,0,0,22/23,A
Chrintz,Valter,BER,RW,11,4,7,4,0,0.3636,0,0,0,0,0,0,0,0,22/23,A
Jensen,Mike,SCM,GK,32,4,1,4,0,0.8,3,3,0,0,0,0,0,0,22/23,A
Langhoff,Matthes,BER,LB,21,4,6,4,0,0.4,3,1,0,0,0,0,0,0,22/23,A
Spath,David,RNL,GK,25,4,0,4,0,1.0,1,4,0,0,0,0,0,0,22/23,A
Laube,Lukas,TVB,P,15,4,4,4,0,0.5,5,5,0,0,1,4,0,0,22/23,A
Heitkamp,Niclas,LEI,LB,18,4,4,4,0,0.5,4,1,0,0,0,0,0,0,22/23,A
Klimpke,Ole,WET,LB,9,4,9,4,0,0.3077,6,3,0,2,1,0,0,0,22/23,A
Zacharias,Lion,RNL,LW,11,4,8,4,0,0.3333,0,0,1,0,0,0,0,0,22/23,A
Susser,Lukas,TVB,P,8,4,2,4,0,0.6667000000000001,1,2,0,0,0,0,0,0,22/23,A
Timmermeister,Robert,RNL,LB,21,4,4,4,0,0.5,0,5,2,2,0,4,0,0,22/23,A
Straub,Theo,RNL,RW,2,4,7,4,0,0.3636,0,0,1,0,1,1,0,0,22/23,A
Bozic,Vladimir,ASV,GK,34,3,0,3,0,1.0,10,0,0,0,0,1,0,0,22/23,A
Rudeck,Christopher,BHC,GK,33,3,3,3,0,0.5,8,3,0,0,0,1,0,0,22/23,A
Ivanisevic,Tibor,GUM,GK,34,3,2,3,0,0.6,4,3,0,0,0,0,0,0,22/23,A
Beneke,Max Christoph,BER,RB,3,3,1,3,0,0.75,2,2,0,0,0,0,0,0,22/23,A
Beekmann,Ben,MTM,LW,17,3,6,3,0,0.3333,0,1,1,1,0,1,0,0,22/23,A
Waldgenbach,Jan,MTM,RB,7,3,3,3,0,0.5,0,1,0,0,0,0,0,0,22/23,A
Vortmann,Jens,HSV,GK,15,2,1,2,0,0.6667000000000001,1,0,0,0,0,0,0,0,22/23,A
Mrkva,Tomas,THW,GK,34,2,1,2,0,0.6667000000000001,1,0,0,0,0,0,0,0,22/23,A
Quenstedt,Dario,HAN,GK,32,2,1,2,0,0.6667000000000001,5,0,1,0,0,1,0,0,22/23,A
Appelgren,Mikael,RNL,GK,29,2,0,2,0,1.0,13,7,0,0,0,0,0,0,22/23,A
Møller,Kevin,SGF,GK,31,2,1,2,0,0.6667000000000001,9,0,0,0,0,0,0,0,22/23,A
Sego,Marin,FAG,GK,34,2,1,2,0,0.6667000000000001,5,1,0,0,0,1,0,0,22/23,A
Heymann,Sebastian,FAG,LB,9,2,4,2,0,0.3333,5,2,0,2,0,1,0,0,22/23,A
Simic,Nebojsa,MTM,GK,34,2,2,2,0,0.5,5,3,0,0,0,0,0,0,22/23,A
Ebner,Domenico,HAN,GK,34,2,2,2,0,0.5,5,3,0,0,1,1,0,0,22/23,A
Buric,Benjamin,SGF,GK,34,2,2,2,0,0.5,7,4,0,0,0,1,0,0,22/23,A
Chrapkowski,Piotr,SCM,LB,34,2,2,2,0,0.5,9,0,5,19,2,13,2,0,22/23,A
Ferlin,Klemen,HCE,GK,34,2,0,2,0,1.0,6,3,0,0,0,0,0,0,22/23,A
Vujovic,Miljan,TVB,GK,33,2,3,2,0,0.4,7,1,0,0,0,0,0,0,22/23,A
Roller,Nils,FAG,P,10,2,1,2,0,0.6667000000000001,0,1,0,0,0,0,0,0,22/23,A
Bratzke,Niko,ASV,CB,6,2,1,2,0,0.6667000000000001,0,1,0,0,0,0,0,0,22/23,A
Hein,Paul Lukas,GWD,CB,14,2,2,2,0,0.5,0,0,1,0,0,0,0,0,22/23,A
Peter,Staffan,LEI,RW,2,2,0,2,0,1.0,0,0,1,0,0,0,0,0,22/23,A
Battermann,Ben Connar,THW,LB,5,2,0,2,0,1.0,0,0,0,0,0,0,0,0,22/23,A
Schwormstede,Luca Alexander,THW,LB,13,2,0,2,0,1.0,0,0,1,0,0,0,0,0,22/23,A
Machner,Ole,BER,LW,1,2,0,2,0,1.0,0,0,0,0,0,0,0,0,22/23,A
Wollny,Justin,HAN,LW,4,2,2,2,0,0.5,0,0,0,0,0,0,0,0,22/23,A
Giesselmann,Paul,BHC,LW,4,2,0,2,0,1.0,0,0,0,0,0,0,0,0,22/23,A
Heinevetter,Silvio,TVB,GK,33,1,1,1,0,0.5,13,6,1,0,1,1,0,0,22/23,A
Bitter,Johannes,HSV,GK,26,1,0,1,0,1.0,6,3,0,0,0,1,0,0,22/23,A
Voigt,Malte,THW,LW,3,1,3,1,0,0.25,0,0,0,0,0,0,0,0,22/23,A
Landin,Niklas,THW,GK,34,1,1,1,0,0.5,4,0,3,0,1,1,0,0,22/23,A
Johannesson,Peter,BHC,GK,34,1,2,1,0,0.3333,4,0,0,0,0,0,0,0,22/23,A
Zelenovic,Nemanja,GUM,RB,4,1,6,1,0,0.1429,1,2,0,1,0,0,0,0,22/23,A
Klimpke,Till,WET,GK,33,1,2,1,0,0.3333,2,3,0,0,0,0,0,0,22/23,A
Rudiger,Tim,WET,RW,3,1,0,0,1,1.0,0,1,0,0,0,0,0,0,22/23,A
Milosavljev,Dejan,BER,GK,29,1,4,1,0,0.2,5,5,2,0,1,1,0,0,22/23,A
Meyer-Siebert,Julius,LEI,LB,7,1,5,1,0,0.16670000000000001,1,1,0,0,0,0,0,0,22/23,A
Suljakovic,Anadin,WET,GK,31,1,0,1,0,1.0,0,0,1,0,0,0,0,0,22/23,A
Budalic,Ivan,HSV,GK,18,1,0,1,0,1.0,1,0,0,0,0,0,0,0,22/23,A
Kirschberger,Leon,SGF,RW,15,1,1,1,0,0.5,0,0,0,0,0,0,0,0,22/23,A
Ayar,Koray,HAN,P,17,1,0,1,0,1.0,0,0,0,0,0,0,0,0,22/23,A
Hanemann,Hendrik,LEI,P,2,1,0,1,0,1.0,0,0,0,0,0,0,0,0,22/23,A
Mauch,Jan Luca,TVB,RB,1,1,4,1,0,0.2,0,1,0,0,0,0,0,0,22/23,A
Schwarzer,Fabian,RNL,RW,3,1,1,1,0,0.5,0,0,2,0,0,0,0,0,22/23,A
Reshoft,Jorit,GWD,CB,2,1,1,1,0,0.5,0,1,0,0,0,0,0,0,22/23,A
Weber,Daniel,HAN,RW,3,1,1,1,0,0.5,0,0,0,0,0,0,0,0,22/23,A
Grupe,Magnus,RNL,CB,3,1,2,1,0,0.3333,0,1,0,0,0,0,0,0,22/23,A
Jacobs,Jann Keno,BER,P,1,1,0,1,0,1.0,0,0,0,0,0,0,0,0,22/23,A
Pabst,Henri,THW,RB,16,1,4,1,0,0.2,2,0,1,0,0,0,0,0,22/23,A
Diekmann,Jan Malte,GWD,RW,1,1,3,1,0,0.25,1,1,0,0,0,0,0,0,22/23,A
Kunkel,Gil,GWD,RB,2,1,0,1,0,1.0,0,0,0,0,0,0,0,0,22/23,A
Ohl,Lasse,MTM,P,10,1,1,1,0,0.5,0,0,0,0,0,0,0,0,22/23,A
Hartwig,Alexander,HSV,LW,4,1,0,1,0,1.0,0,0,0,0,0,0,0,0,22/23,A
Exner,Aaron,BHC,CB,1,1,0,0,1,1.0,0,0,0,0,0,0,0,0,22/23,A
Gossner,Tim,FAG,RW,1,1,2,1,0,0.3333,0,0,0,0,0,0,0,0,22/23,A
Semisch,Malte,GWD,GK,34,0,0,0,0,0.0,16,8,0,0,0,0,0,0,22/23,A
Szucs,Csaba,BHC,CB,13,0,0,0,0,0.0,3,1,1,0,0,1,0,0,22/23,A
Ristovski,Borko,TBV,GK,9,0,0,0,0,0.0,0,1,0,0,0,0,0,0,22/23,A
Rebmann,Daniel,FAG,GK,34,0,0,0,0,0.0,6,2,0,0,0,0,0,0,22/23,A
Fuchs,Markus,ASV,LB,28,0,0,0,0,0.0,2,1,1,18,1,15,0,0,22/23,A
Hertlein,Felix,ASV,GK,33,0,0,0,0,0.0,2,2,1,0,0,0,0,0,22/23,A
Roscheck,Bastian,HAN,P,8,0,0,0,0,0.0,2,0,0,1,0,2,1,0,22/23,A
Honicke,Jonas,LEI,CB,3,0,0,0,0,0.0,0,0,0,0,0,0,0,0,22/23,A
Wolf,Tom,MTM,LB,1,0,0,0,0,0.0,0,0,0,0,0,0,0,0,22/23,A
Birlehm,Joel,RNL,GK,27,0,0,0,0,0.0,6,1,0,0,0,0,0,0,22/23,A
Hassferter,Michael,HCE,GK,1,0,0,0,0,0.0,0,0,0,0,0,0,0,0,22/23,A
Wesemann,Jan,ASV,GK,2,0,0,0,0,0.0,0,0,0,0,0,0,0,0,22/23,A
Kellner,Benedikt,HCE,CB,2,0,0,0,0,0.0,0,0,0,0,0,0,0,0,22/23,A
Lehmann,Nick,TVB,GK,2,0,0,0,0,0.0,0,0,0,0,0,0,0,0,22/23,A
Zecher,Finn,TBV,GK,34,0,0,0,0,0.0,1,0,0,0,0,0,0,0,22/23,A
Ende,Moritz,BER,RW,14,0,0,0,0,0.0,0,0,0,0,0,0,0,0,22/23,A
Kastelic,Urh,TBV,GK,23,0,0,0,0,0.0,2,4,0,0,0,0,0,0,22/23,A
Kireev,Victor,BER,GK,31,0,0,0,0,0.0,1,0,0,0,0,0,1,0,22/23,A
Morawski,Adam,MTM,GK,34,0,0,0,0,0.0,1,0,0,0,0,0,0,0,22/23,A
Saeveraas,Kristian,LEI,GK,34,0,0,0,0,0.0,15,5,0,0,0,0,0,0,22/23,A
Shamir,Yahav,GWD,GK,33,0,0,0,0,0.0,4,0,0,0,0,0,0,0,22/23,A
Ehlers,Matteo,HAN,CB,2,0,0,0,0,0.0,0,0,0,0,0,0,0,0,22/23,A
Norsten,Fabian,GUM,GK,34,0,0,0,0,0.0,1,2,0,0,0,0,0,0,22/23,A
Kloor,Tim,SCM,RW,7,0,0,0,0,0.0,0,0,0,0,0,0,0,0,22/23,A
Juric,Petar,HAN,CB,7,0,0,0,0,0.0,1,0,1,0,0,0,0,0,22/23,A
Wissmann,Yannick,TVB,LW,2,0,0,0,0,0.0,0,0,0,0,0,0,0,0,22/23,A
Gores,Tom,BER,GK,2,0,0,0,0,0.0,0,0,0,0,0,0,0,0,22/23,A
Kix,Marvin,BER,RW,1,0,0,0,0,0.0,0,0,0,0,0,0,0,0,22/23,A
Fanger,Julius,GUM,CB,6,0,0,0,0,0.0,0,0,0,0,0,0,0,0,22/23,A
Obling,Bertram,HCE,GK,33,0,0,0,0,0.0,4,2,0,0,0,0,0,0,22/23,A
Walter,Marc,BER,P,1,0,0,0,0,0.0,0,0,0,0,0,0,0,0,22/23,A
Ludwig,Lasse,BER,GK,7,0,0,0,0,0.0,1,0,0,0,0,0,0,0,22/23,A
Grazioli,Leonard,WET,GK,4,0,0,0,0,0.0,0,0,0,0,0,0,0,0,22/23,A
Bochmann,Pascal,LEI,GK,3,0,0,0,0,0.0,0,0,0,0,0,0,0,0,22/23,A
Muhlenstadt,Timon,TBV,GK,1,0,0,0,0,0.0,0,0,0,0,0,0,0,0,22/23,A
Orlov,Maxim,BER,CB,1,0,0,0,0,0.0,0,0,0,0,0,0,0,0,22/23,A
Oberosler,Louis,BHC,GK,1,0,0,0,0,0.0,0,0,0,0,0,0,0,0,22/23,A
Kooij,Lars Mitchell,ASV,P,4,0,0,0,0,0.0,0,0,0,0,0,0,0,0,22/23,A
Oetjen,Thore,TBV,P,2,0,0,0,0,0.0,0,0,0,0,0,0,0,0,22/23,A
Buchele,Julian,FAG,GK,3,0,0,0,0,0.0,0,0,0,0,0,0,0,0,22/23,A
Behrendt,Niclas,SCM,GK,2,0,0,0,0,0.0,0,0,0,0,0,0,0,0,22/23,A
Backhaus,Theodor Felix,HAN,GK,2,0,0,0,0,0.0,0,0,0,0,0,0,0,0,22/23,A
Grupe,Mats,RNL,GK,1,0,0,0,0,0.0,0,0,0,0,0,0,0,0,22/23,A
Houtepen,Thomas,TBV,CB,14,0,0,0,0,0.0,0,1,0,0,0,0,0,0,22/23,A
Okpara,Maduwuike,WET,P,5,0,0,0,0,0.0,0,0,0,0,0,0,0,0,22/23,A
Mattausch,Patrick,GWD,LW,5,0,0,0,0,0.0,0,0,0,0,0,0,0,0,22/23,A
Grabitz,Lucas,GWD,GK,7,0,0,0,0,0.0,0,0,0,0,0,0,0,0,22/23,A
Moussa,Noah,ASV,LB,2,0,0,0,0,0.0,0,0,0,0,0,0,0,0,22/23,A
Goldbecker,Leon,TBV,GK,1,0,0,0,0,0.0,0,0,0,0,0,0,0,0,22/23,A
Runge,Malte,TBV,RW,2,0,0,0,0,0.0,0,0,0,0,0,0,0,0,22/23,A
Fenske,Fabio Justin,GWD,P,2,0,0,0,0,0.0,0,1,0,0,0,0,0,0,22/23,A
Ruddat,Elias,SCM,LW,3,0,0,0,0,0.0,0,0,0,0,0,0,0,0,22/23,A
Adam,Frederik,SGF,LW,2,0,0,0,0,0.0,0,0,0,0,0,0,0,0,22/23,A
Pereira,Francisco,BER,RW,1,0,0,0,0,0.0,0,0,0,0,0,0,0,0,22/23,A
Depping,Luc,HAN,RW,3,0,0,0,0,0.0,1,0,0,0,0,0,0,0,22/23,A
Koster,Moritz,GUM,LB,3,0,0,0,0,0.0,0,0,0,0,0,0,0,0,22/23,A
Martyn,Mateusz,LEI,P,1,0,0,0,0,0.0,0,0,0,0,0,0,0,0,22/23,A
Greilich,Nils,LEI,LW,1,0,0,0,0,0.0,0,0,0,0,0,0,0,0,22/23,A
Grundel,Finn Luca,HSV,GK,1,0,0,0,0,0.0,0,0,0,0,0,0,0,0,22/23,A
Hertzfeld,Tim Maximilian,SCM,P,1,0,0,0,0,0.0,0,0,0,0,0,0,0,0,22/23,A
Bredemeier,Heinrich,GWD,RW,1,0,0,0,0,0.0,0,0,0,0,0,0,0,0,22/23,A
Horr,Manuel,MTM,CB,6,0,0,0,0,0.0,0,0,0,0,0,0,0,0,22/23,A
Bones,Paul,LEI,CB,4,0,0,0,0,0.0,0,1,0,0,0,0,0,0,22/23,A
El-Tayar,Mohamed Essam Moustafa,LEI,GK,31,0,0,0,0,0.0,2,2,0,0,0,0,0,0,22/23,A
Pinski,Alexander,HSV,GK,10,0,0,0,0,0.0,0,0,0,0,0,0,0,0,22/23,A
Niemann,Max,HSV,CB,10,0,0,0,0,0.0,3,3,0,0,0,0,0,0,22/23,A
Quardfasel,Mats Ove,HSV,RW,1,0,0,0,0,0.0,0,0,0,0,0,0,0,0,22/23,A
Eisele,Felix,FAG,RW,2,0,0,0,0,0.0,0,0,0,0,0,0,0,0,22/23,A
Bacani,Nico,TVB,RW,4,0,0,0,0,0.0,0,0,0,0,0,0,0,0,22/23,A
Bendiks,Bo Asmuss,SGF,GK,1,0,0,0,0,0.0,0,0,0,0,0,0,0,0,22/23,A
Gautsch,Niklas,HAN,LB,7,0,0,0,0,0.0,0,0,0,0,0,0,0,0,22/23,A
Teuteberg,Theodor,GWD,RB,4,0,0,0,0,0.0,0,0,0,0,0,0,0,0,22/23,A
Kuhn,Benedikt,BER,RB,1,0,0,0,0,0.0,0,0,0,0,0,0,0,0,22/23,A
Overby,Silas,BER,LB,5,0,0,0,0,0.0,1,0,0,0,0,0,0,0,22/23,A
Unbehaun,Levin,HSV,RW,4,0,0,0,0,0.0,0,0,0,0,0,0,0,0,22/23,A
Schmitt,Ben Kjell,SGF,GK,2,0,0,0,0,0.0,0,0,0,0,0,0,0,0,22/23,A
Abt,Valentin,FAG,LW,2,0,0,0,0,0.0,0,0,0,0,0,0,0,0,22/23,A
Kollmeier,Henrik,HAN,RB,3,0,0,0,0,0.0,0,0,0,0,0,0,0,0,22/23,A
Buscher,Ben,BHC,LB,1,0,0,0,0,0.0,0,0,0,0,0,0,0,0,22/23,A
Lucas,Fabian,TVB,LB,1,0,0,0,0,0.0,0,0,0,0,0,0,0,0,22/23,A
Lieke,Gregor,HSV,LW,1,0,0,0,0,0.0,0,0,0,0,0,0,0,0,22/23,A
Czertowicz,Oskar,SGF,CB,3,0,0,0,0,0.0,0,0,0,0,0,0,0,0,22/23,A
Stegemeyer,Dennis,TVB,GK,1,0,0,0,0,0.0,0,0,0,0,0,0,0,0,22/23,A
Gidsel,Mathias,BER,RB,31,248,94,248,0,0.7251000000000001,118,83,26,1,3,5,0,0,23/24,A
Zehnder,Manuel,EIS,CB,31,245,165,160,85,0.5976,54,80,4,1,3,6,0,0,23/24,A
Mortensen,Casper,HSV,LW,29,203,93,122,81,0.6858,9,11,18,0,0,1,0,0,23/24,A
Andersson,Lasse Bredekjaer,BER,LB,31,199,149,199,0,0.5718,97,74,22,1,1,6,1,0,23/24,A
Magnusson,Omar Ingi,SCM,RB,29,191,89,79,112,0.6820999999999999,85,32,6,1,2,6,0,0,23/24,A
Kristjansson,Viggo,LEI,RB,28,179,86,120,59,0.6755,55,72,10,0,2,9,0,0,23/24,A
Lindberg,Hans,BER,RW,31,176,39,65,111,0.8186,9,6,7,0,0,0,0,0,23/24,A
Jakobsen,Emil,SGF,LW,29,173,66,110,63,0.7238,5,14,14,0,0,7,0,0,23/24,A
Hafner,Kai,TVB,RB,31,170,139,170,0,0.5502,99,59,6,3,1,8,0,0,23/24,A
Novak,Domen,WET,RW,31,170,60,100,70,0.7391,7,10,16,0,1,6,0,0,23/24,A
Schiller,Marcel,FAG,LW,29,155,61,79,76,0.7176,10,8,12,0,0,4,0,0,23/24,A
Rubin,Lenny,WET,LB,31,155,124,155,0,0.5556,74,73,13,6,0,7,0,0,23/24,A
Claar,Felix,SCM,CB,29,152,65,152,0,0.7005,78,38,11,2,5,10,0,0,23/24,A
Kirkelokke,Niclas,RNL,RB,30,148,128,147,1,0.5362,80,64,10,5,0,6,0,0,23/24,A
Zehnder,Samuel,TBV,LW,31,146,61,54,92,0.7053,3,7,8,1,0,3,0,0,23/24,A
Vujovic,Milos,GUM,LW,30,145,48,67,78,0.7513,5,11,2,0,0,4,2,0,23/24,A
Steinhauser,Marius,HAN,RW,29,140,40,97,43,0.7778,3,5,6,0,0,12,0,0,23/24,A
Kastening,Timo,MTM,RW,31,133,56,94,39,0.7037,5,11,14,0,0,1,0,0,23/24,A
Ekberg,Niclas,THW,RW,29,132,47,77,55,0.7373999999999999,14,4,15,0,0,1,0,0,23/24,A
Baijens,Dani,HSV,CB,23,132,92,132,0,0.5893,48,47,6,0,2,11,2,0,23/24,A
Knorr,Juri,RNL,CB,27,130,104,110,20,0.5556,90,85,7,0,1,6,0,0,23/24,A
Fernandez Jimenez,Daniel,TVB,LW,31,129,39,72,57,0.7679,4,5,11,0,0,1,0,0,23/24,A
Jonsson,Elvar Orn,MTM,CB,25,129,79,129,0,0.6202000000000001,41,36,0,10,4,11,0,0,23/24,A
Martinovic,Ivan,MTM,RB,26,128,69,89,39,0.6496999999999999,41,18,1,1,0,4,0,0,23/24,A
Koster,Julian,GUM,LB,30,127,100,126,1,0.5595,127,53,15,24,1,11,1,0,23/24,A
Kohlbacher,Jannik,RNL,P,30,126,44,126,0,0.7412000000000001,15,27,2,12,4,16,0,0,23/24,A
Klima,Matej,LEI,LB,30,125,92,125,0,0.5760000000000001,60,53,3,1,3,10,0,0,23/24,A
Lonn,Adam,TVB,LB,30,120,103,120,0,0.5381,72,42,3,12,4,20,2,0,23/24,A
Hutecek,Lukas,TBV,CB,31,120,70,120,0,0.6315999999999999,92,56,2,9,1,4,0,0,23/24,A
Johansson,Eric,THW,LB,29,120,80,115,5,0.6,87,40,4,4,2,2,0,0,23/24,A
Semper,Franz,LEI,RB,29,117,92,117,0,0.5598,43,33,3,0,0,6,1,0,23/24,A
Sarac,Josip,FAG,LB,28,116,64,116,0,0.6444,45,33,17,21,1,9,3,0,23/24,A
Moller,Lasse,SGF,LB,30,115,80,113,2,0.5897,63,36,5,1,2,5,0,0,23/24,A
Kristopans,Dainis,MTM,RB,31,113,73,113,0,0.6075,96,42,3,12,1,23,0,0,23/24,A
Kulesh,Uladzislau,HAN,LB,31,111,85,111,0,0.5663,20,20,4,0,0,3,0,0,23/24,A
Ladefoged,Frederik,BHC,P,30,111,44,111,0,0.7161,16,38,0,13,2,23,1,0,23/24,A
Versteijnen,Niels Gerardus,TBV,RB,31,111,83,109,2,0.5722,66,55,1,0,0,5,0,0,23/24,A
Beyer,Noah,BHC,LW,28,110,41,66,44,0.7284999999999999,1,5,7,0,0,3,0,0,23/24,A
Golla,Johannes,SGF,P,30,106,39,106,0,0.731,9,19,7,29,4,11,1,0,23/24,A
Fischer,Justus,HAN,P,25,104,41,104,0,0.7172,17,22,10,10,1,5,0,0,23/24,A
Pytlick,Simon,SGF,CB,24,101,73,101,0,0.5805,70,49,7,5,0,3,0,0,23/24,A
Marsenic,Mijajlo,BER,P,30,100,32,100,0,0.7576,5,23,7,29,5,29,4,0,23/24,A
Vidarsson,Ellidi Snaer,GUM,P,30,99,40,99,0,0.7121999999999999,8,21,1,7,2,7,2,0,23/24,A
Andersen,Frederik Bo,HSV,RW,30,99,43,85,14,0.6972,8,11,6,1,0,1,0,0,23/24,A
Schmidt,David,FAG,RB,29,98,92,98,0,0.5158,38,33,4,4,4,17,0,0,23/24,A
Tissier,Leif,HSV,CB,30,94,49,94,0,0.6573,77,44,6,3,2,8,0,0,23/24,A
Saugstrup,Magnus,SCM,P,28,94,10,93,1,0.9037999999999999,16,14,22,25,2,12,0,0,23/24,A
Bilyk,Nikola,THW,LB,29,93,61,93,0,0.6039,54,34,4,2,0,2,0,0,23/24,A
Vistorop,Filip,HBW,LB,27,93,99,87,6,0.4844,89,81,1,2,0,9,0,0,23/24,A
Jorgensen,Lukas,SGF,P,30,93,15,93,0,0.8611,10,12,10,8,0,9,0,0,23/24,A
Jeppsson,Simon,HCE,LB,31,91,79,84,7,0.5353,53,50,1,0,1,0,0,0,23/24,A
Buchner,Vincent,HAN,LW,31,90,30,90,0,0.75,8,5,24,0,2,3,1,0,23/24,A
Andersen,Mads Kjeldgaard,BHC,LB,31,90,97,90,0,0.4813,85,43,7,0,1,2,0,0,23/24,A
Hornke,Tim,SCM,RW,29,89,30,76,13,0.7479,3,4,2,0,1,3,0,0,23/24,A
Olsson,Hampus,HCE,RW,29,89,40,88,1,0.6899,4,9,4,0,0,3,0,0,23/24,A
Stutzke,Lukas,BHC,LB,30,89,88,89,0,0.5028,66,43,3,17,1,26,1,0,23/24,A
Blohme,Lukas,GUM,RW,27,87,39,87,0,0.6905,16,10,3,0,1,3,0,0,23/24,A
Gretarsson,Oddur,HBW,LW,27,87,38,23,64,0.696,3,4,4,1,0,3,0,0,23/24,A
Saul,Alexander,EIS,RB,30,87,47,87,0,0.6493000000000001,40,36,1,0,0,1,0,0,23/24,A
Binder,Lukas,LEI,LW,29,87,40,85,2,0.685,8,5,11,0,2,4,0,0,23/24,A
Uscins,Renars,HAN,RB,24,87,67,87,0,0.5649000000000001,53,31,3,2,0,2,0,0,23/24,A
Heymann,Sebastian,FAG,LB,30,86,73,86,0,0.5409,38,36,12,20,3,13,0,0,23/24,A
Lassen,Jacob Arenth,HSV,RB,21,86,59,86,0,0.5931000000000001,80,49,2,0,1,7,0,0,23/24,A
Snajder,Ivan,EIS,LW,31,86,41,65,21,0.6772,15,21,9,0,1,14,0,0,23/24,A
Zechel,Tim,HCE,P,31,85,21,82,3,0.8019,12,27,4,13,1,16,0,0,23/24,A
Balenciaga Azcue,Erik,MTM,CB,30,85,44,83,2,0.6589,98,70,9,3,0,3,0,0,23/24,A
More,David,RNL,LW,30,85,38,83,2,0.6911,3,5,5,0,0,1,0,0,23/24,A
Steinert,Christoph,HCE,RB,31,84,76,45,39,0.525,54,28,2,2,0,7,0,0,23/24,A
Suton,Tim,TBV,CB,28,84,47,83,1,0.6412,73,52,2,6,6,18,2,0,23/24,A
Brosch,Jan,TBV,P,28,84,39,84,0,0.6829000000000001,8,20,3,18,3,19,1,0,23/24,A
Tollbring,Jerry,BER,LW,31,84,40,72,12,0.6774,13,3,12,0,1,3,0,0,23/24,A
Grgic,Marko,EIS,LB,24,84,45,84,0,0.6512,38,39,4,4,0,2,0,0,23/24,A
Arnesson,Linus,BHC,CB,27,83,72,54,29,0.5355,59,34,4,5,2,4,0,0,23/24,A
Persson,Erik,FAG,RB,31,82,65,82,0,0.5578,35,31,3,1,1,13,0,0,23/24,A
Hansen,Johan,SGF,RW,30,81,49,78,3,0.6231,6,6,7,0,0,3,0,0,23/24,A
Gottfridsson,Jim,SGF,CB,28,80,39,79,1,0.6723,75,57,2,0,0,4,1,0,23/24,A
Cavor,Stefan,WET,RB,31,80,90,80,0,0.47,36,49,6,1,0,10,1,0,23/24,A
Tskhovrebadze,Giorgi,GUM,RB,29,80,69,80,0,0.54,44,48,0,0,0,1,0,0,23/24,A
Horzen,Kristjan,GUM,P,29,79,24,79,0,0.767,5,11,0,0,2,2,0,0,23/24,A
Wiencek,Patrick,THW,P,29,78,30,78,0,0.7222,3,16,5,19,8,17,0,0,23/24,A
Bissel,Christopher,HCE,LW,31,78,36,78,0,0.6842,13,10,6,0,0,12,2,0,23/24,A
Reinkind,Harald,THW,RB,26,77,60,77,0,0.562,57,29,1,2,0,4,0,0,23/24,A
Zerbe,Lukas,TBV,RW,31,76,28,66,10,0.7308,4,1,13,0,0,4,0,0,23/24,A
Volz,Patrick,HBW,LW,20,76,30,58,18,0.7170000000000001,3,7,5,1,1,1,0,0,23/24,A
Walz,Peter,EIS,P,31,75,26,75,0,0.7426,14,20,5,2,5,18,0,0,23/24,A
Kozina,Kresimir,FAG,P,28,75,32,75,0,0.7009000000000001,8,34,2,10,6,11,3,0,23/24,A
Nothdurft,Tim,BHC,LW,28,75,21,75,0,0.7813,4,7,0,1,0,12,1,0,23/24,A
Weller,Niklas,HSV,P,28,75,31,75,0,0.7075,4,14,2,6,4,20,1,0,23/24,A
Ellefsen a Skipagotu,Elias,THW,CB,29,75,62,74,1,0.5474,48,38,2,0,0,4,0,0,23/24,A
Hafner,Max,TVB,CB,23,74,46,74,0,0.6167,56,35,3,1,0,2,0,0,23/24,A
Grahovac,Nikola,HBW,P,28,74,21,74,0,0.7789,5,23,3,17,8,25,3,0,23/24,A
Prantner,Leo,HBW,RW,24,74,35,71,3,0.6789000000000001,8,7,6,0,1,5,0,0,23/24,A
Maric,Marino,TVB,P,31,73,26,73,0,0.7373999999999999,2,33,0,0,0,0,0,0,23/24,A
Witzke,Luca,LEI,CB,18,73,45,73,0,0.6186,55,32,2,0,0,1,0,0,23/24,A
Lindenchrone Andersen,Jon,RNL,RB,30,73,42,73,0,0.6347999999999999,35,31,4,1,0,2,0,0,23/24,A
Ilic,Zoran,HSV,RB,23,73,62,73,0,0.5407,44,38,2,3,1,10,0,0,23/24,A
Heiny,Lutz,HCE,LB,25,72,57,72,0,0.5581,27,51,0,0,0,3,0,0,23/24,A
Dahmke,Rune,THW,LW,28,70,26,70,0,0.73,7,3,9,1,0,2,0,0,23/24,A
Muller,Jerome,HBW,RB,28,70,51,70,0,0.58,29,47,1,0,0,13,0,0,23/24,A
Edvardsson,Jonathan,HAN,CB,31,70,47,70,0,0.5982999999999999,41,26,5,1,0,2,0,0,23/24,A
Einarsson,Teitur Orn,SGF,RB,28,70,57,70,0,0.5512,34,13,0,2,2,5,0,0,23/24,A
Laerke,Emil Buhl,TBV,LB,28,69,57,69,0,0.5476,40,37,0,1,0,0,0,0,23/24,A
Laube,Lukas,TVB,P,19,69,19,69,0,0.7841,5,10,4,5,3,2,0,0,23/24,A
Smarason,Janus Dadi,SCM,CB,28,68,22,68,0,0.7556,60,40,3,0,0,4,1,1,23/24,A
Vujovic,Branko,HAN,RB,29,67,68,65,2,0.4963,61,31,14,2,0,5,1,0,23/24,A
Pregler,Ole,GUM,CB,28,67,50,67,0,0.5726,85,45,2,0,0,4,0,0,23/24,A
Fraatz,Yannick,BHC,RW,30,66,35,66,0,0.6535,3,6,9,1,0,3,0,0,23/24,A
Lichtlein,Nils,BER,CB,30,65,35,65,0,0.65,54,31,1,0,0,1,0,0,23/24,A
Schoch,Jona,HBW,LB,27,64,72,64,0,0.4706,36,36,2,7,5,6,0,0,23/24,A
Smits,Kay,SGF,RB,12,63,34,47,16,0.65,38,22,1,1,0,2,0,0,23/24,A
Svensson,Jonathan,HCE,LB,27,63,55,63,0,0.5339,35,42,5,2,0,6,0,0,23/24,A
Reichmann,Tobias,RNL,RW,11,62,19,31,31,0.7654000000000001,1,4,0,0,0,3,0,0,23/24,A
Morante Maldonado,Eloy,BHC,CB,27,62,30,62,0,0.6739,41,42,5,1,1,8,0,0,23/24,A
Wagner,Hendrik,WET,LB,31,61,59,61,0,0.5083,25,13,8,9,1,14,0,0,23/24,A
Kodrin,Tilen,GUM,LW,30,60,13,60,0,0.8219,2,4,0,2,2,7,0,0,23/24,A
Schluroff,Miro,GUM,LB,29,59,45,59,0,0.5672999999999999,30,27,2,3,1,4,0,0,23/24,A
Leimeter,Csaba,HBW,RB,30,57,48,57,0,0.5428999999999999,31,41,2,1,2,9,0,0,23/24,A
Lagergren,Albin,SCM,RB,29,57,21,57,0,0.7308,37,24,7,2,0,4,0,0,23/24,A
Kneule,Tim,FAG,CB,31,55,37,55,0,0.5978,24,38,3,3,4,7,0,0,23/24,A
Mensah Larsen,Mads,SGF,CB,30,55,35,54,1,0.6111,42,26,0,0,1,9,1,0,23/24,A
Flodman,Andreas,FAG,RW,28,55,22,51,4,0.7143,2,9,11,0,0,3,1,0,23/24,A
Hanne,Martin,HAN,LB,28,55,40,55,0,0.5789,17,20,2,1,1,11,0,0,23/24,A
Ejlersen,Rasmus Meyer,WET,P,31,54,19,54,0,0.7397,5,17,3,8,13,26,1,0,23/24,A
Davidsson,Gustav,RNL,LB,23,54,37,47,7,0.5934,39,42,2,1,0,3,0,0,23/24,A
Duvnjak,Domagoj,THW,CB,29,53,37,53,0,0.5889,49,14,15,4,0,10,1,0,23/24,A
Budel,Nico,HCE,CB,25,53,46,53,0,0.5354,42,34,8,2,3,16,1,0,23/24,A
Damgaard,Michael,SCM,LB,22,53,39,53,0,0.5761,14,12,0,0,0,0,0,0,23/24,A
Hanusz,Egon,TVB,CB,29,53,32,51,2,0.6235,39,36,6,1,0,2,0,0,23/24,A
Kuhn,Julius,MTM,LB,31,52,40,52,0,0.5652,25,26,3,5,1,11,0,0,23/24,A
Mertens,Lukas,SCM,LW,29,52,25,52,0,0.6753,7,2,6,0,0,2,0,0,23/24,A
Forsell Schefvert,Olle,RNL,LB,25,52,37,44,8,0.5843,50,37,9,11,0,10,0,0,23/24,A
Mellegard,Emil,WET,LW,30,52,26,52,0,0.6667000000000001,2,11,5,0,0,2,0,0,23/24,A
Zelenovic,Nemanja,WET,RB,27,52,58,52,0,0.4727,26,30,4,1,0,6,0,0,23/24,A
Groetzki,Patrick,RNL,RW,18,51,21,49,2,0.7082999999999999,7,7,5,1,0,0,0,0,23/24,A
Pekeler,Hendrik,THW,P,21,51,23,51,0,0.6892,6,7,3,7,2,10,0,0,23/24,A
Moraes Ferreira,Rogerio,MTM,P,30,51,22,51,0,0.6986,5,6,0,4,0,5,0,0,23/24,A
Mengon,Simone,EIS,LB,29,51,19,51,0,0.73,23,26,1,0,0,0,0,0,23/24,A
Gerbl,Maximilian,HAN,RW,31,51,21,26,25,0.7082999999999999,3,1,2,0,0,0,0,0,23/24,A
Peter,Staffan,LEI,RW,25,51,30,51,0,0.6296,2,4,2,0,0,3,0,0,23/24,A
Preuss,Moritz,LEI,P,21,50,18,50,0,0.7353000000000001,1,10,1,2,0,5,0,0,23/24,A
Mappes,Dominik,GUM,CB,20,50,53,48,2,0.4854,35,26,0,0,0,1,0,0,23/24,A
M'Bengue,Djibril,BHC,RB,29,50,57,50,0,0.4673,40,26,1,2,1,6,0,0,23/24,A
Vranjes,Vladimir,WET,P,27,50,23,50,0,0.6849,4,20,3,8,2,15,1,0,23/24,A
Serrano Villalobos,Jorge,TVB,RW,27,50,12,50,0,0.8065000000000001,7,10,4,0,0,2,0,0,23/24,A
Pfattheicher,Sascha,TVB,RW,29,49,23,49,0,0.6806,4,7,6,0,0,1,0,0,23/24,A
Brozovic,Ilija,HAN,P,31,47,22,47,0,0.6812,6,9,7,8,1,13,1,0,23/24,A
Bergendahl,Oscar,SCM,P,29,46,10,46,0,0.8214,4,10,0,11,5,11,1,0,23/24,A
Landin,Magnus,THW,LW,24,46,14,43,3,0.7667,4,5,3,4,1,8,1,0,23/24,A
Fredriksen,Magnus,WET,CB,31,45,52,45,0,0.4639,61,55,0,2,0,1,0,0,23/24,A
Heinzelmann,Tobias,HBW,P,29,45,31,45,0,0.5921,3,18,8,5,1,18,0,0,23/24,A
Becher,Lukas,WET,LW,27,45,27,31,14,0.625,5,3,3,0,1,1,0,0,23/24,A
Runarsson,Andri Mar,LEI,CB,30,45,52,45,0,0.4639,30,33,4,0,0,1,0,0,23/24,A
Zieker,Patrick,TVB,LW,30,44,12,44,0,0.7857,6,6,3,2,0,10,0,0,23/24,A
Weyhrauch,Willy,EIS,RW,23,44,22,44,0,0.6667000000000001,3,6,5,0,0,5,1,0,23/24,A
Babak,Tomas,BHC,CB,30,43,25,43,0,0.6324000000000001,36,36,1,0,0,0,0,0,23/24,A
Simak,Frederik,TBV,LB,29,43,16,43,0,0.73,16,12,10,20,4,22,2,0,23/24,A
Malus,Jaka,FAG,CB,27,43,46,43,0,0.48310000000000003,21,32,1,0,0,0,1,0,23/24,A
Firnhaber,Sebastian,HCE,P,16,42,12,42,0,0.7778,6,12,0,9,3,10,0,0,23/24,A
Valiullin,Azat,HSV,LB,30,42,46,42,0,0.47729999999999995,21,18,3,12,3,20,0,0,23/24,A
Michalczik,Marian,HAN,LB,31,41,34,41,0,0.5467,132,59,9,9,4,23,1,0,23/24,A
Kurch,Justin,EIS,P,29,41,18,41,0,0.6949,4,8,6,5,0,20,2,0,23/24,A
Wallinius,Karl,THW,LB,29,41,31,41,0,0.5694,13,16,0,0,0,2,0,0,23/24,A
Musche,Matthias,SCM,LW,28,40,26,40,0,0.6061,5,0,1,0,1,1,0,0,23/24,A
Ende,Moritz,EIS,RW,30,40,23,40,0,0.6349,3,9,3,0,0,3,0,0,23/24,A
Arnarsson,Arnar Freyr,MTM,P,31,39,12,39,0,0.7646999999999999,2,17,0,12,1,8,0,0,23/24,A
Sipos,Adrian,MTM,P,31,39,18,39,0,0.6842,11,13,3,33,2,35,2,0,23/24,A
Carstensen,Leve,TBV,LW,31,39,9,39,0,0.81,1,4,4,0,0,0,0,0,23/24,A
Mandic,David,MTM,LW,29,38,21,38,0,0.6441,12,8,3,3,1,9,1,0,23/24,A
Overby,Petter,THW,P,29,38,15,38,0,0.7170000000000001,4,7,3,9,3,15,0,0,23/24,A
Seitz,Stephan,HCE,RB,25,37,18,37,0,0.6727,23,20,1,0,1,1,0,0,23/24,A
Theilinger,Nicolai,TBV,RB,30,35,19,35,0,0.6481,16,17,2,7,3,9,0,0,23/24,A
Ignatow,Dimitri,MTM,RW,31,35,15,22,13,0.7,2,4,2,0,0,3,0,0,23/24,A
Petrovsky,Leos,TBV,P,31,34,21,34,0,0.6182,0,13,4,6,2,14,1,0,23/24,A
Huber,Elias,HBW,CB,29,34,27,34,0,0.56,44,26,1,0,0,1,0,0,23/24,A
Lastro,Franko,FAG,RW,25,33,17,32,1,0.66,2,5,6,0,0,2,0,0,23/24,A
Donker,Malte,EIS,RB,31,32,16,32,0,0.6667000000000001,38,21,8,2,1,15,0,0,23/24,A
Ellebaek,Tobias,FAG,LB,28,32,38,32,0,0.4571,28,31,2,0,0,4,0,0,23/24,A
Sunnefeldt,Oskar,LEI,LB,30,32,31,32,0,0.5079,9,10,2,1,0,5,0,0,23/24,A
Seesing,Aron,BHC,P,14,32,5,32,0,0.8649,5,3,1,4,0,5,0,0,23/24,A
Wiede,Fabian,BER,RB,14,30,17,30,0,0.6383,23,15,5,1,0,4,0,0,23/24,A
Darj,Max,BER,P,29,30,12,30,0,0.7143,7,7,5,10,3,16,0,0,23/24,A
Schagen,Bobby,TBV,RW,26,29,6,29,0,0.8286,5,8,2,0,0,0,0,0,23/24,A
Weinhold,Steffen,THW,RB,14,28,20,28,0,0.5832999999999999,20,12,1,1,1,6,0,0,23/24,A
Pettersson,Daniel,SCM,RW,24,28,11,28,0,0.7179000000000001,5,3,1,0,0,1,0,0,23/24,A
Saueressig,Lukas,HBW,CB,28,28,24,28,0,0.5385,30,35,2,2,1,5,0,0,23/24,A
Mavers,Veit,HCE,CB,17,28,20,11,17,0.5832999999999999,7,12,0,0,0,1,0,0,23/24,A
Nicolaus,Fynn-Luca,TVB,LB,26,28,26,28,0,0.5185,18,14,3,1,0,9,0,0,23/24,A
Gebala,Maciej,LEI,P,30,27,5,27,0,0.8438,5,9,3,12,0,8,1,0,23/24,A
Oskarsson,Arnor Snaer,RNL,RB,29,27,13,26,1,0.675,11,15,0,0,0,1,0,0,23/24,A
Weber,Philipp,SCM,CB,25,26,17,26,0,0.6047,7,20,0,0,0,1,0,0,23/24,A
Ernst,Simon,LEI,CB,24,26,19,26,0,0.5778,30,13,4,16,3,17,3,0,23/24,A
O'Sullivan,Christian,SCM,CB,29,25,9,25,0,0.7353000000000001,37,11,3,9,1,12,0,0,23/24,A
Freihofer,Tim,BER,LW,31,25,15,25,0,0.625,1,0,1,0,0,1,0,0,23/24,A
Aho,Sindre Andre,MTM,CB,17,24,5,24,0,0.8276,11,12,0,0,0,4,0,0,23/24,A
Kristjansson,Gisli Thorgeir,SCM,CB,13,23,16,23,0,0.5897,19,18,0,1,0,0,0,0,23/24,A
Lumbroso,Yoav,EIS,CB,12,23,22,23,0,0.5111,15,27,3,0,0,2,0,0,23/24,A
Forstbauer,Jan,TVB,RB,31,22,27,22,0,0.449,8,11,1,5,1,5,0,0,23/24,A
Ahouansou,Philipp,RNL,LB,16,22,24,22,0,0.48,9,11,1,0,0,1,0,0,23/24,A
Gruner,Tim,HBW,LW,10,22,10,21,1,0.6875,0,1,1,0,0,1,0,0,23/24,A
Reichmuth,Timothy,EIS,LW,31,22,7,22,0,0.7585999999999999,1,1,3,0,0,5,0,0,23/24,A
Metzner,Antonio,HCE,RB,14,21,14,21,0,0.6,10,23,0,1,0,5,0,0,23/24,A
Magaard,Andreas,HSV,P,13,21,10,21,0,0.68,3,3,1,0,1,4,0,0,23/24,A
Ehrig,Sven,THW,RW,20,21,8,21,0,0.72,1,1,0,0,0,1,0,0,23/24,A
Matthes,Tim,LEI,LW,23,20,12,20,0,0.625,2,3,2,0,0,1,0,0,23/24,A
Krecic,Grega,BHC,RB,12,19,24,19,0,0.44189999999999996,6,11,0,0,2,1,0,0,23/24,A
Strmljan,Tilen,HAN,CB,31,19,26,19,0,0.42219999999999996,21,9,2,0,0,1,0,0,23/24,A
Bauer,Stefan,HCE,P,13,19,7,19,0,0.7308,0,5,0,2,1,9,0,0,23/24,A
Haseler,Mathis,GUM,RW,30,19,11,19,0,0.6333,1,2,2,0,0,0,0,0,23/24,A
Klimpke,Ole,WET,LB,28,19,5,19,0,0.7917000000000001,14,21,1,3,0,2,0,0,23/24,A
Zacharias,Lion,RNL,LW,27,19,10,19,0,0.6552,0,2,2,0,0,0,0,0,23/24,A
Drosten,Florian,MTM,LW,31,19,10,17,2,0.6552,0,6,1,1,1,3,0,0,23/24,A
Bergemann,Thies,HSV,RW,30,18,12,18,0,0.6,3,2,0,0,0,1,0,0,23/24,A
Axmann,Dominik,HSV,LB,14,18,23,18,0,0.439,15,8,4,0,0,4,0,0,23/24,A
Strosack,Moritz,LEI,RW,17,18,11,18,0,0.6207,1,1,2,0,0,3,0,0,23/24,A
Fugel,Elias,HBW,RW,14,18,9,18,0,0.67,1,1,0,0,0,3,0,0,23/24,A
Gommel,Tim,HCE,RW,13,18,3,18,0,0.8571,1,4,0,0,0,0,0,0,23/24,A
Pedersen,Mathias Mark,WET,CB,17,17,16,17,0,0.52,8,9,1,0,0,1,0,0,23/24,A
Nyfjall,Adam,HAN,P,19,17,2,17,0,0.8946999999999999,2,1,4,1,1,5,0,0,23/24,A
av Teigum,Hakun West,BER,RW,30,17,12,17,0,0.5861999999999999,1,1,1,0,0,2,0,0,23/24,A
Ingason,Daniel Thor,HBW,LB,30,16,36,16,0,0.3077,7,18,2,2,0,1,1,0,23/24,A
Bialowas,Yannik,HCE,LW,28,16,7,16,0,0.6957,2,1,0,0,0,3,0,0,23/24,A
Langhoff,Matthes,BER,LB,23,16,8,16,0,0.6667000000000001,9,3,1,1,0,6,0,0,23/24,A
Lonborg,Mads-Peter,HCE,RW,18,16,11,16,0,0.5926,17,15,1,0,0,0,0,0,23/24,A
Poteko,Vid,FAG,P,31,15,8,15,0,0.6522,3,10,0,2,0,9,0,0,23/24,A
Scholtes,Elias,BHC,RB,6,15,13,15,0,0.5357,7,14,1,0,0,2,0,0,23/24,A
Danner,Felix,HBW,P,22,14,4,14,0,0.7778,1,4,0,9,0,5,0,0,23/24,A
Krzikalla,Lucas,LEI,RW,25,14,8,14,0,0.6364,2,5,0,0,0,1,0,0,23/24,A
Corak,Dino,HSV,P,11,14,6,14,0,0.7,1,6,0,1,0,1,0,0,23/24,A
Meyer,Philipp,EIS,P,31,14,7,14,0,0.6667000000000001,13,2,3,7,3,27,0,0,23/24,A
Truchanovicius,Jonas,TVB,LB,8,14,11,14,0,0.56,3,4,1,3,0,1,0,0,23/24,A
Persson,Isak,BHC,RW,23,14,7,14,0,0.67,1,2,0,0,0,0,1,0,23/24,A
Jansen,Tom,GUM,RB,6,13,7,13,0,0.65,7,7,1,0,0,1,0,0,23/24,A
Jensen,Andreas Holst,RNL,LB,29,12,20,12,0,0.375,4,8,1,0,0,5,0,0,23/24,A
Horgen,Aksel,SGF,RW,30,12,9,12,0,0.5714,1,2,1,0,0,2,0,0,23/24,A
Fuchs,Julian,WET,RW,27,12,8,11,1,0.6,3,3,5,0,0,0,0,0,23/24,A
Hermann,Till,FAG,LW,26,11,10,11,0,0.5238,0,2,0,1,0,0,0,0,23/24,A
Feise,Hannes,HAN,LW,31,11,11,11,0,0.5,1,4,1,4,0,4,0,0,23/24,A
Gislason,Ymir Orn,RNL,P,29,11,5,11,0,0.69,4,6,5,12,2,9,1,0,23/24,A
Pedersen,August Baskar,SGF,LW,30,11,4,11,0,0.7333,1,0,6,0,0,1,0,0,23/24,A
Roller,Nils,FAG,P,17,11,3,11,0,0.79,0,1,1,0,0,0,0,0,23/24,A
Link,Nikolai,HCE,LB,31,10,5,10,0,0.6667000000000001,10,1,10,20,5,38,4,0,23/24,A
Ravensbergen,Bart,FAG,GK,24,10,4,10,0,0.7143,2,3,0,0,0,1,0,0,23/24,A
Severec,Tomislav,HSV,LB,29,10,9,10,0,0.5263,5,6,1,0,0,8,0,0,23/24,A
Beneke,Max Christoph,BER,RB,14,10,5,10,0,0.6667000000000001,1,8,0,0,0,3,0,0,23/24,A
Heitkamp,Niclas,EIS,LB,14,10,11,10,0,0.48,7,13,0,0,0,2,0,0,23/24,A
Houtepen,Thomas,TBV,CB,19,10,7,10,0,0.5882000000000001,3,9,0,0,0,1,0,0,23/24,A
Gurbindo Martinez,Eduardo,THW,RB,19,9,7,9,0,0.5625,9,6,1,2,0,2,0,0,23/24,A
Jacobsen,Steven Plucnar,RNL,P,30,9,2,9,0,0.8181999999999999,4,4,2,2,0,5,0,0,23/24,A
Ivankovic,Ante,TVB,LB,10,9,9,9,0,0.5,6,9,0,0,0,4,0,0,23/24,A
Patrail,Mait,EIS,LB,16,8,5,8,0,0.6154,6,4,0,2,0,5,0,0,23/24,A
Hildenbrand,Tim,HBW,RW,22,8,14,8,0,0.3636,2,2,1,0,0,1,0,0,23/24,A
Drux,Paul,BER,LB,16,7,11,7,0,0.39,10,4,2,1,0,2,0,0,23/24,A
Schmidt,Erik,WET,P,10,7,2,7,0,0.78,0,2,0,1,0,3,0,0,23/24,A
Zivkovic,Boris,SGF,RB,10,7,2,7,0,0.78,0,3,0,0,0,1,0,0,23/24,A
Portner,Nikola,SCM,GK,27,7,1,7,0,0.88,4,2,1,0,0,0,0,0,23/24,A
Kuzmanovski,Filip,WET,LB,12,7,14,7,0,0.33,10,12,2,1,0,3,0,0,23/24,A
Meister,Lucas,SCM,P,13,7,3,7,0,0.7,0,1,0,1,0,1,0,0,23/24,A
Zeman,Stepan,GUM,P,29,7,3,7,0,0.7,3,1,4,17,3,20,2,0,23/24,A
Faust,Jarnes,THW,RW,7,7,1,7,0,0.875,0,0,1,0,0,1,0,0,23/24,A
Pliuto,Nikita,WET,P,4,6,2,6,0,0.75,0,1,0,0,0,0,0,0,23/24,A
Kiesler,Tom,GUM,LB,30,6,4,6,0,0.6,9,5,18,25,5,15,0,0,23/24,A
Mamic,Marko,LEI,LB,30,5,4,5,0,0.5556,10,4,8,24,4,20,0,0,23/24,A
Rothlisberger,Samuel,TVB,P,29,5,3,5,0,0.63,5,4,5,25,4,17,1,0,23/24,A
Horr,Manuel,MTM,CB,19,5,1,5,0,0.83,3,2,0,0,0,0,0,0,23/24,A
Newel,Elias,FAG,CB,9,5,2,5,0,0.71,1,1,0,0,0,1,0,0,23/24,A
Doniecki,Antoni Andrzej,BHC,P,10,5,6,5,0,0.4545,0,1,0,0,0,2,0,0,23/24,A
Kopljar,Marko,BER,RB,25,4,1,4,0,0.8,6,0,3,9,0,16,2,0,23/24,A
Gade,Simon,HAN,GK,27,4,2,4,0,0.67,6,3,0,0,0,0,0,0,23/24,A
Jacobs,Jann Keno,BER,P,29,4,0,4,0,1.0,0,0,1,0,0,3,0,0,23/24,A
Guardiola,Gedeon,HCE,P,20,3,4,3,0,0.43,1,3,0,4,0,2,0,0,23/24,A
Klimpke,Till,WET,GK,31,3,0,3,0,1.0,5,4,0,0,0,0,0,0,23/24,A
Milosavljev,Dejan,BER,GK,31,3,1,3,0,0.75,13,2,0,0,0,0,0,0,23/24,A
Reimer,Jan,BHC,RW,6,3,4,3,0,0.43,0,0,0,0,0,0,0,0,23/24,A
Spikic,Matija,EIS,GK,31,3,2,3,0,0.6,3,1,0,0,0,0,0,0,23/24,A
Battermann,Ben Connar,TBV,LB,17,3,4,3,0,0.43,2,1,0,0,0,1,0,0,23/24,A
Santos,Ivo,BHC,P,18,3,2,3,0,0.6,0,1,0,1,0,2,0,0,23/24,A
Blagotinsek,Blaz,SGF,P,30,2,0,2,0,1.0,5,2,2,29,5,17,0,0,23/24,A
Slaninka,Martin,TVB,P,10,2,5,2,0,0.29,1,5,1,1,0,1,0,0,23/24,A
Simic,Nebojsa,MTM,GK,31,2,0,2,0,1.0,7,1,3,0,0,0,0,0,23/24,A
Buric,Benjamin,SGF,GK,30,2,0,2,0,1.0,3,2,0,0,0,0,0,0,23/24,A
Pavlovic,Domagoj,MTM,CB,13,2,2,2,0,0.5,1,0,0,0,0,1,0,0,23/24,A
Risom Christensen,Martin,HSV,RB,10,2,1,2,0,0.67,2,1,0,0,0,1,0,0,23/24,A
Todorovic,Uros,HBW,RB,3,2,0,2,0,1.0,0,1,0,0,1,0,0,0,23/24,A
Spath,David,RNL,GK,26,2,2,2,0,0.5,4,3,0,0,0,0,0,0,23/24,A
Sajenev,Mika Laurin,LEI,P,18,2,5,2,0,0.29,2,2,1,7,0,3,0,0,23/24,A
Bacani,Nico,TVB,RW,6,2,1,2,0,0.67,0,0,0,0,0,0,0,0,23/24,A
Hartwig,Alexander,HSV,LW,30,2,7,2,0,0.22219999999999998,1,0,0,0,0,0,0,0,23/24,A
Pachmann,Tobias,HSV,P,4,2,3,2,0,0.4,0,2,0,0,0,0,0,0,23/24,A
Vortmann,Jens,HSV,GK,26,1,0,1,0,1.0,1,2,0,0,0,0,0,0,23/24,A
Quenstedt,Dario,HAN,GK,29,1,0,1,0,1.0,2,0,0,0,0,1,0,0,23/24,A
Rudeck,Christopher,BHC,GK,27,1,1,1,0,0.5,3,1,0,0,0,1,0,0,23/24,A
Hernandez Ferrer,Sergey,SCM,GK,29,1,0,1,0,1.0,1,1,0,0,0,0,0,0,23/24,A
Johannesson,Peter,BHC,GK,30,1,1,1,0,0.5,4,1,0,0,0,1,0,0,23/24,A
Ivanisevic,Tibor,GUM,GK,30,1,3,1,0,0.25,4,2,0,0,0,0,0,0,23/24,A
Morawski,Adam,MTM,GK,31,1,1,1,0,0.5,2,1,0,0,0,0,0,0,23/24,A
Weck,Alexander,BHC,LB,9,1,2,1,0,0.3333,0,4,0,0,0,0,0,0,23/24,A
Kornecki,Mateusz,EIS,GK,28,1,1,1,0,0.5,2,0,0,0,0,0,0,0,23/24,A
Kraus,Dustin,EIS,LB,12,1,3,1,0,0.25,0,3,0,0,0,1,0,0,23/24,A
Ayar,Koray,HAN,P,16,1,0,1,0,1.0,0,0,0,0,0,0,0,0,23/24,A
Waldgenbach,Jan,MTM,RB,6,1,0,1,0,1.0,0,0,0,0,0,1,0,0,23/24,A
Niemann,Max,HSV,CB,12,1,0,1,0,1.0,1,0,0,0,0,0,0,0,23/24,A
Gunther,Max,BER,RW,1,1,0,0,1,1.0,0,0,0,0,0,0,0,0,23/24,A
Pabst,Henri,THW,RB,2,1,0,1,0,1.0,0,0,0,0,0,0,0,0,23/24,A
Abt,Valentin,FAG,LW,1,1,1,1,0,0.5,0,0,0,0,0,0,0,0,23/24,A
Lucas,Fabian,TVB,LB,2,1,0,0,1,1.0,0,0,0,0,0,0,0,0,23/24,A
Giesselmann,Paul,BHC,LW,1,1,2,1,0,0.3333,0,0,0,0,0,0,0,0,23/24,A
Locher,Mischa,HBW,LW,6,1,0,1,0,1.0,0,2,0,0,0,1,0,0,23/24,A
Bellahcene,Samir,THW,GK,23,1,1,1,0,0.5,0,1,0,0,0,0,0,0,23/24,A
Wolf,Tom,MTM,LB,5,1,3,1,0,0.25,0,2,0,0,0,0,0,0,23/24,A
Spandaou,Phil,WET,LW,4,1,1,1,0,0.5,0,0,0,0,0,0,0,0,23/24,A
Szilagyi,Ben Janos,THW,LW,5,1,2,1,0,0.3333,0,0,0,0,0,1,0,0,23/24,A
Heinevetter,Silvio,TVB,GK,30,0,0,0,0,0.0,4,2,1,0,0,3,1,0,23/24,A
Spath,Manuel,TVB,P,2,0,0,0,0,0.0,0,0,0,0,0,1,0,0,23/24,A
Mrkva,Tomas,THW,GK,27,0,0,0,0,0.0,2,0,0,0,0,0,0,0,23/24,A
Bitter,Johannes,HSV,GK,30,0,0,0,0,0.0,3,4,0,0,0,1,0,0,23/24,A
Gensheimer,Uwe,RNL,LW,1,0,0,0,0,0.0,0,0,0,0,0,0,0,0,23/24,A
Rebmann,Daniel,GUM,GK,30,0,0,0,0,0.0,1,0,0,0,0,0,0,0,23/24,A
Appelgren,Mikael,RNL,GK,26,0,0,0,0,0.0,5,0,0,0,0,0,0,0,23/24,A
Gunnarsson,Arnor Thor,BHC,RW,2,0,0,0,0,0.0,0,0,0,0,1,0,0,0,23/24,A
Møller,Kevin,SGF,GK,30,0,0,0,0,0.0,3,5,0,0,0,0,0,0,23/24,A
Sego,Marin,FAG,GK,31,0,0,0,0,0.0,4,0,0,0,1,2,0,0,23/24,A
Plaue,Dominik,EIS,GK,16,0,0,0,0,0.0,0,0,0,0,0,0,0,0,23/24,A
Aggefors,Mikael,SCM,GK,2,0,0,0,0,0.0,0,0,0,0,0,0,0,0,23/24,A
Birlehm,Joel,RNL,GK,28,0,0,0,0,0.0,6,1,0,0,0,0,0,0,23/24,A
Hassferter,Michael,HCE,GK,2,0,0,0,0,0.0,0,0,0,0,0,0,0,0,23/24,A
Ebner,Domenico,LEI,GK,30,0,0,0,0,0.0,6,1,1,0,0,0,1,0,23/24,A
Zecher,Finn,TBV,GK,31,0,0,0,0,0.0,0,0,1,0,0,0,0,0,23/24,A
Chrapkowski,Piotr,SCM,LB,19,0,0,0,0,0.0,0,0,0,0,0,1,0,0,23/24,A
Kastelic,Urh,TBV,GK,31,0,0,0,0,0.0,6,4,0,0,0,0,0,0,23/24,A
Kireev,Victor,BER,GK,25,0,0,0,0,0.0,0,0,0,0,0,0,0,0,23/24,A
Ferlin,Klemen,HCE,GK,29,0,0,0,0,0.0,9,3,0,0,0,0,0,0,23/24,A
Vujovic,Miljan,TVB,GK,31,0,0,0,0,0.0,5,2,0,0,0,0,0,0,23/24,A
Jaganjac,Halil,RNL,LB,9,0,0,0,0,0.0,2,0,2,2,1,9,0,0,23/24,A
Kessler,Maximilian,RNL,LW,3,0,0,0,0,0.0,0,0,0,0,0,0,0,0,23/24,A
Saeveraas,Kristian,LEI,GK,28,0,0,0,0,0.0,7,1,0,0,0,0,0,0,23/24,A
Styrmisson,Hakon Dadi,GUM,LW,2,0,0,0,0,0.0,0,0,0,0,0,0,0,0,23/24,A
Ruminsky,Mario,HBW,GK,28,0,0,0,0,0.0,5,2,0,0,0,0,0,0,23/24,A
Sejr Jensen,Simon,HBW,GK,1,0,0,0,0,0.0,0,0,0,0,0,0,0,0,23/24,A
Suljakovic,Anadin,WET,GK,25,0,0,0,0,0.0,3,0,0,0,0,0,0,0,23/24,A
Reichenbach,Lukas,HAN,GK,1,0,0,0,0,0.0,0,0,0,0,0,0,0,0,23/24,A
Schneibel,Jannis,EIS,CB,8,0,0,0,0,0.0,1,2,0,0,0,0,0,0,23/24,A
Obling,Bertram,HCE,GK,31,0,0,0,0,0.0,6,1,0,0,0,0,0,0,23/24,A
Ludwig,Lasse,BER,GK,6,0,0,0,0,0.0,0,0,0,0,0,0,0,0,23/24,A
Grazioli,Leonard,WET,GK,3,0,0,0,0,0.0,0,0,0,0,0,0,0,0,23/24,A
Nikolaisen,Tom Kare,BHC,P,1,0,0,0,0,0.0,0,0,0,0,0,0,0,0,23/24,A
Bochmann,Pascal,LEI,GK,2,0,0,0,0,0.0,0,0,0,0,0,0,0,0,23/24,A
Orlov,Maxim,BER,CB,1,0,0,0,0,0.0,0,0,0,0,0,0,0,0,23/24,A
Oberosler,Louis,BHC,GK,5,0,0,0,0,0.0,0,0,0,0,0,0,0,0,23/24,A
Beekmann,Ben,MTM,LW,3,0,0,0,0,0.0,0,0,0,0,0,0,0,0,23/24,A
Nowak,Marcel,BER,RW,2,0,0,0,0,0.0,0,0,0,0,0,0,0,0,23/24,A
Hubke,Torben,TBV,P,8,0,0,0,0,0.0,0,0,0,0,0,0,0,0,23/24,A
Sauter,Moritz,BER,CB,2,0,0,0,0,0.0,0,1,0,0,0,1,0,0,23/24,A
Michalski,Niklas,RNL,RW,1,0,0,0,0,0.0,0,0,0,0,0,0,0,0,23/24,A
Schmitz,Tobias,BHC,LW,5,0,0,0,0,0.0,0,0,0,0,0,0,0,0,23/24,A
Hoepfner,Noel Benjamin,WET,LB,2,0,0,0,0,0.0,0,0,0,0,0,0,0,0,23/24,A
Buchele,Julian,FAG,GK,14,0,0,0,0,0.0,0,0,0,0,0,0,0,0,23/24,A
Hopfmann,Luca,LEI,RB,1,0,0,0,0,0.0,0,0,0,0,0,0,0,0,23/24,A
Geislers,Ralfs,TBV,LB,1,0,0,0,0,0.0,0,0,0,0,0,0,0,0,23/24,A
Tomashevskyi,Oleksii,TBV,P,5,0,0,0,0,0.0,0,0,0,0,0,0,0,0,23/24,A
Protsiuk,Mykola,GUM,LB,5,0,0,0,0,0.0,0,0,0,0,0,0,0,0,23/24,A
Schottle,Nico,TVB,LB,2,0,0,0,0,0.0,1,0,0,0,0,0,0,0,23/24,A
Schroven,Finn,GUM,RW,7,0,0,0,0,0.0,1,0,0,0,0,0,0,0,23/24,A
Runge,Malte,TBV,RW,4,0,0,0,0,0.0,0,0,0,0,0,0,0,0,23/24,A
Rodriguez,Luis,HAN,P,2,0,0,0,0,0.0,0,0,0,0,0,0,0,0,23/24,A
Koster,Moritz,GUM,LB,7,0,0,0,0,0.0,2,1,0,0,0,0,0,0,23/24,A
Keller,Leon,RNL,LB,1,0,0,0,0,0.0,0,0,0,0,0,0,0,0,23/24,A
Mauch,Jan Luca,TVB,RB,1,0,0,0,0,0.0,0,0,0,0,0,0,0,0,23/24,A
Greilich,Nils,LEI,LW,2,0,0,0,0,0.0,0,0,0,0,0,0,0,0,23/24,A
Widmaier,Maurice,TVB,CB,1,0,0,0,0,0.0,0,0,0,0,0,0,0,0,23/24,A
Grundel,Finn Luca,HSV,GK,1,0,0,0,0,0.0,0,0,0,0,0,0,0,0,23/24,A
Weimer,Tizian,WET,RW,3,0,0,0,0,0.0,0,0,0,0,0,0,0,0,23/24,A
Wente,Till,HBW,LB,3,0,0,0,0,0.0,0,0,0,0,0,0,0,0,23/24,A
Weber,Daniel,HAN,RW,2,0,0,0,0,0.0,0,0,0,0,0,0,0,0,23/24,A
El-Tayar,Mohamed Essam Moustafa,HBW,GK,30,0,0,0,0,0.0,8,2,0,0,0,1,0,0,23/24,A
Grupe,Magnus,RNL,CB,4,0,0,0,0,0.0,0,0,0,0,0,0,0,0,23/24,A
Pinski,Alexander,HSV,GK,5,0,0,0,0,0.0,0,1,0,0,0,0,0,0,23/24,A
Bialowas,Lucca,HCE,CB,1,0,0,0,0,0.0,0,0,0,0,0,0,0,0,23/24,A
Hasenkamp,Fynn Jarik,TBV,LB,1,0,0,0,0,0.0,0,0,0,0,0,0,0,0,23/24,A
Schwormstede,Luca Alexander,THW,LB,3,0,0,0,0,0.0,0,0,0,0,0,1,0,0,23/24,A
Gautsch,Niklas,HAN,LB,2,0,0,0,0,0.0,0,0,0,0,0,0,0,0,23/24,A
Andresen,Lasse,HAN,GK,4,0,0,0,0,0.0,0,1,0,0,0,0,0,0,23/24,A
Pfeil,Robin,SCM,LW,1,0,0,0,0,0.0,0,0,0,0,0,0,0,0,23/24,A
Tschentscher,Luca,TVB,GK,1,0,0,0,0,0.0,0,0,0,0,0,0,0,0,23/24,A
Goebner,Marius,WET,GK,3,0,0,0,0,0.0,0,0,0,0,0,0,0,0,23/24,A
Puls,Frederik,TBV,RW,3,0,0,0,0,0.0,0,1,0,0,0,0,0,0,23/24,A
Duck,Louis,HBW,P,1,0,0,0,0,0.0,0,0,0,0,0,0,0,0,23/24,A
Sondermann,Frederik,BHC,P,2,0,0,0,0,0.0,0,0,0,0,0,0,0,0,23/24,A
Buck,Tobias,HCE,LB,6,0,0,0,0,0.0,0,1,0,0,0,2,0,0,23/24,A
Ohl,Paul,GUM,LB,4,0,0,0,0,0.0,2,0,0,0,0,0,0,0,23/24,A
Czertowicz,Oskar,SGF,CB,4,0,0,0,0,0.0,0,0,0,0,0,0,0,0,23/24,A
Stegemeyer,Dennis,TVB,GK,1,0,0,0,0,0.0,0,0,0,0,0,0,0,0,23/24,A
Gossner,Tim,FAG,RW,8,0,0,0,0,0.0,0,0,0,0,0,0,0,0,23/24,A
Benkendorf,Lennard,HSV,LB,10,0,0,0,0,0.0,0,0,0,0,0,0,0,0,23/24,A
Bierfreund,Magnus,THW,GK,8,0,0,0,0,0.0,0,0,0,0,0,0,0,0,23/24,A
Freitag,Bastian,EIS,GK,2,0,0,0,0,0.0,0,0,0,0,0,0,0,0,23/24,A
Lutze,Thorge,HAN,LB,1,0,0,0,0,0.0,0,0,0,0,0,0,0,0,23/24,A
Simon,Colin,WET,RW,1,0,0,0,0,0.0,0,0,0,0,0,0,0,0,23/24,A
Altena,Leander,BHC,RW,1,0,0,0,0,0.0,0,0,0,0,0,0,0,0,23/24,A
Babic,Roman,BHC,GK,1,0,0,0,0,0.0,0,0,0,0,0,0,0,0,23/24,A
Uskok,Dalio,TVB,CB,1,0,0,0,0,0.0,0,0,0,0,0,0,0,0,23/24,A
Lubbadeh,Ben,WET,LW,1,0,0,0,0,0.0,0,0,0,0,0,0,0,0,23/24,A
Wurz,Phillip,GUM,P,2,0,0,0,0,0.0,0,0,0,0,0,0,0,0,23/24,A
Wloch,Torge,HSV,P,2,0,0,0,0,0.0,0,0,0,0,0,0,0,0,23/24,A
Zink,Leonard,HAN,RB,5,0,0,0,0,0.0,0,0,0,0,0,0,0,0,23/24,A
Fink,Moritz,FAG,LW,1,0,0,0,0,0.0,0,0,0,0,0,0,0,0,23/24,A
Servos,Soeren,BHC,LB,1,0,0,0,0,0.0,0,0,0,0,0,0,0,0,23/24,A
Szymon,Wagner,HAN,GK,1,0,0,0,0,0.0,0,0,0,0,0,0,0,0,23/24,A
Mestrovic,Theo,HBW,GK,1,0,0,0,0,0.0,0,0,0,0,0,0,0,0,23/24,A
